https://res.cloudinary.com/dpol0pyoo/image/fetch/c_crop,g_face/w_150,h_195,g_north/https://laad.btl.gov.il/view_files/Nofel_Pic/043309/NP_043309_10.jpg
https://res.cloudinary.com/dpol0pyoo/image/fetch/c_crop,g_face/w_150,h_195,g_north/https://laad.btl.gov.il/view_files/Nofel_Pic/043307/NP_043307_10.jpg
https://res.cloudinary.com/dpol0pyoo/image/fetch/c_crop,g_face/w_150,h_195,g_north/https://laad.btl.gov.il/view_files/Nofel_Pic/043313/NP_043313_10.jpg
https://res.cloudinary.com/dpol0pyoo/image/fetch/c_crop,g_face/w_150,h_195,g_north/https://laad.btl.gov.il/view_files/Nofel_Pic/043308/NP_043308_10.jpg
https://res.cloudinary.com/dpol0pyoo/image/fetch/c_crop,g_face/w_150,h_195,g_north/https://laad.btl.gov.il/view_files/Nofel_Pic/043312/NP_043312_10.jpg
https://res.cloudinary.com/dpol0pyoo/image/fetch/c_crop,g_face/w_150,h_195,g_north/https://laad.btl.gov.il/view_files/Nofel_Pic/043315/NP_043315_10.jpg
https://res.cloudinary.com/dpol0pyoo/image/fetch/c_crop,g_face/w_150,h_195,g_north/https://laad.btl.gov.il/view_files/Nofel_Pic/043306/NP_043306_10.jpg
https://res.cloudinary.com/dpol0pyoo/image/fetch/c_crop,g_face/w_150,h_195,g_north/https://laad.btl.gov.il/view_files/Nofel_Pic/045649/NP_045649_10.jpg
https://res.cloudinary.com/dpol0pyoo/image/fetch/c_crop,g_face/w_150,h_195,g_north/https://laad.btl.gov.il/view_files/Nofel_Pic/043310/NP_043310_10.jpg
https://res.cloudinary.com/dpol0pyoo/image/fetch/c_crop,g_face/w_150,h_195,g_north/https://laad.btl.gov.il/view_files/Nofel_Pic/043311/NP_043311_10.jpg
https://res.cloudinary.com/dpol0pyoo/image/fetch/c_crop,g_face/w_150,h_195,g_north/https://laad.btl.gov.il/view_files/Nofel_Pic/043314/NP_043314_10.jpg
https://res.cloudinary.com/dpol0pyoo/image/fetch/c_crop,g_face/w_150,h_195,g_north/https://res.cloudinary.com/dpol0pyoo/image/upload/v1772207983/police_memorials/pid_23.jpg
https://res.cloudinary.com/dpol0pyoo/image/fetch/c_crop,g_face/w_150,h_195,g_north/https://res.cloudinary.com/dpol0pyoo/image/upload/v1772202318/idf_memorials/pid_26.webp
https://res.cloudinary.com/dpol0pyoo/image/fetch/c_crop,g_face/w_150,h_195,g_north/https://res.cloudinary.com/dpol0pyoo/image/upload/v1772202323/idf_memorials/pid_27.webp
https://res.cloudinary.com/dpol0pyoo/image/fetch/c_crop,g_face/w_150,h_195,g_north/https://res.cloudinary.com/dpol0pyoo/image/upload/v1772202328/idf_memorials/pid_28.webp
https://res.cloudinary.com/dpol0pyoo/image/fetch/c_crop,g_face/w_150,h_195,g_north/https://laad.btl.gov.il/view_files/Nofel_Pic/044093/NP_044093_10.jpg
https://res.cloudinary.com/dpol0pyoo/image/fetch/c_crop,g_face/w_150,h_195,g_north/https://res.cloudinary.com/dpol0pyoo/image/upload/v1772207986/police_memorials/pid_30.jpg
https://res.cloudinary.com/dpol0pyoo/image/fetch/c_crop,g_face/w_150,h_195,g_north/https://laad.btl.gov.il/view_files/Nofel_Pic/043633/NP_043633_10.jpg
https://res.cloudinary.com/dpol0pyoo/image/fetch/c_crop,g_face/w_150,h_195,g_north/https://laad.btl.gov.il/view_files/Nofel_Pic/043582/NP_043582_10.jpg
https://res.cloudinary.com/dpol0pyoo/image/fetch/c_crop,g_face/w_150,h_195,g_north/https://img.haarets.co.il/bs/0000018b-5d19-d473-a5fb-7dd945c50001/99/e3/b45c78c8408db2bc6ba67a8f95c6/noam.jpg?precrop=undefined,undefined,xundefined,yundefined&width=168&height=130
https://res.cloudinary.com/dpol0pyoo/image/fetch/c_crop,g_face/w_150,h_195,g_north/https://img.haarets.co.il/bs/0000018b-5d17-d2b2-addf-7f7fa7590001/69/be/b867fc6843fba06806151da5b8f6/sharon.jpg?precrop=undefined,undefined,xundefined,yundefined&width=168&height=130
https://res.cloudinary.com/dpol0pyoo/image/fetch/c_crop,g_face/w_150,h_195,g_north/https://res.cloudinary.com/dpol0pyoo/image/upload/v1772201965/idf_memorials/pid_35.webp
https://res.cloudinary.com/dpol0pyoo/image/fetch/c_crop,g_face/w_150,h_195,g_north/https://laad.btl.gov.il/view_files/Nofel_Pic/043607/NP_043607_10.jpg
https://res.cloudinary.com/dpol0pyoo/image/fetch/c_crop,g_face/w_150,h_195,g_north/https://laad.btl.gov.il/view_files/Nofel_Pic/043591/NP_043591_10.jpg
https://res.cloudinary.com/dpol0pyoo/image/fetch/c_crop,g_face/w_150,h_195,g_north/https://laad.btl.gov.il/view_files/Nofel_Pic/043590/NP_043590_10.jpg
https://res.cloudinary.com/dpol0pyoo/image/fetch/c_crop,g_face/w_150,h_195,g_north/https://laad.btl.gov.il/view_files/Nofel_Pic/043592/NP_043592_10.jpg
https://res.cloudinary.com/dpol0pyoo/image/fetch/c_crop,g_face/w_150,h_195,g_north/https://laad.btl.gov.il/view_files/Nofel_Pic/043593/NP_043593_10.jpg
https://res.cloudinary.com/dpol0pyoo/image/fetch/c_crop,g_face/w_150,h_195,g_north/https://laad.btl.gov.il/view_files/Nofel_Pic/043596/NP_043596_10.jpg
https://res.cloudinary.com/dpol0pyoo/image/fetch/c_crop,g_face/w_150,h_195,g_north/https://laad.btl.gov.il/view_files/Nofel_Pic/043595/NP_043595_10.jpg
https://res.cloudinary.com/dpol0pyoo/image/fetch/c_crop,g_face/w_150,h_195,g_north/https://laad.btl.gov.il/view_files/Nofel_Pic/043597/NP_043597_10.jpg
https://res.cloudinary.com/dpol0pyoo/image/fetch/c_crop,g_face/w_150,h_195,g_north/https://res.cloudinary.com/dpol0pyoo/image/upload/v1772202336/idf_memorials/pid_44.jpg
https://res.cloudinary.com/dpol0pyoo/image/fetch/c_crop,g_face/w_150,h_195,g_north/https://assets-global.website-files.com/65467772df5823449b65067d/65467772df5823449b650b1d_OHAD%20BEN%20AMI.jpg
https://res.cloudinary.com/dpol0pyoo/image/fetch/c_crop,g_face/w_150,h_195,g_north/https://img.haarets.co.il/bs/0000018b-57a9-d8e2-a1eb-f7bfdd420000/1d/55/82e399524498b04248c876efbe5b/70923.jpg?precrop=undefined,undefined,xundefined,yundefined&width=168&height=130
https://res.cloudinary.com/dpol0pyoo/image/fetch/c_crop,g_face/w_150,h_195,g_north/https://laad.btl.gov.il/view_files/Nofel_Pic/043594/NP_043594_10.jpg
https://res.cloudinary.com/dpol0pyoo/image/fetch/c_crop,g_face/w_150,h_195,g_north/https://laad.btl.gov.il/view_files/Nofel_Pic/043586/NP_043586_11.jpg
https://res.cloudinary.com/dpol0pyoo/image/fetch/c_crop,g_face/w_150,h_195,g_north/https://laad.btl.gov.il/view_files/Nofel_Pic/043587/NP_043587_10.jpg
https://res.cloudinary.com/dpol0pyoo/image/fetch/c_crop,g_face/w_150,h_195,g_north/https://laad.btl.gov.il/view_files/Nofel_Pic/043589/NP_043589_10.jpg
https://res.cloudinary.com/dpol0pyoo/image/fetch/c_crop,g_face/w_150,h_195,g_north/https://laad.btl.gov.il/view_files/Nofel_Pic/043585/NP_043585_10.jpg
https://res.cloudinary.com/dpol0pyoo/image/fetch/c_crop,g_face/w_150,h_195,g_north/https://laad.btl.gov.il/view_files/Nofel_Pic/043588/NP_043588_10.jpg
https://res.cloudinary.com/dpol0pyoo/image/fetch/c_crop,g_face/w_150,h_195,g_north/https://res.cloudinary.com/dpol0pyoo/image/upload/v1772207990/police_memorials/pid_53.jpg
https://res.cloudinary.com/dpol0pyoo/image/fetch/c_crop,g_face/w_150,h_195,g_north/https://res.cloudinary.com/dpol0pyoo/image/upload/v1772202341/idf_memorials/pid_54.webp
https://res.cloudinary.com/dpol0pyoo/image/fetch/c_crop,g_face/w_150,h_195,g_north/https://laad.btl.gov.il/view_files/Nofel_Pic/043583/NP_043583_11.jpg
https://res.cloudinary.com/dpol0pyoo/image/fetch/c_crop,g_face/w_150,h_195,g_north/https://laad.btl.gov.il/view_files/Nofel_Pic/043573/NP_043573_11.jpg
https://res.cloudinary.com/dpol0pyoo/image/fetch/c_crop,g_face/w_150,h_195,g_north/https://laad.btl.gov.il/view_files/Nofel_Pic/043650/NP_043650_10.jpg
https://res.cloudinary.com/dpol0pyoo/image/fetch/c_crop,g_face/w_150,h_195,g_north/https://laad.btl.gov.il/view_files/Nofel_Pic/043651/NP_043651_10.jpg
https://res.cloudinary.com/dpol0pyoo/image/fetch/c_crop,g_face/w_150,h_195,g_north/https://res.cloudinary.com/dpol0pyoo/image/upload/v1772201976/idf_memorials/pid_59.webp
https://res.cloudinary.com/dpol0pyoo/image/fetch/c_crop,g_face/w_150,h_195,g_north/https://laad.btl.gov.il/view_files/Nofel_Pic/043620/NP_043620_10.jpg
https://res.cloudinary.com/dpol0pyoo/image/fetch/c_crop,g_face/w_150,h_195,g_north/https://laad.btl.gov.il/view_files/Nofel_Pic/043622/NP_043622_11.jpg
https://res.cloudinary.com/dpol0pyoo/image/fetch/c_crop,g_face/w_150,h_195,g_north/https://laad.btl.gov.il/view_files/Nofel_Pic/043621/NP_043621_10.jpg
https://res.cloudinary.com/dpol0pyoo/image/fetch/c_crop,g_face/w_150,h_195,g_north/https://laad.btl.gov.il/view_files/Nofel_Pic/043644/NP_043644_10.jpg
https://res.cloudinary.com/dpol0pyoo/image/fetch/c_crop,g_face/w_150,h_195,g_north/https://laad.btl.gov.il/view_files/Nofel_Pic/043602/NP_043602_10.jpg
https://res.cloudinary.com/dpol0pyoo/image/fetch/c_crop,g_face/w_150,h_195,g_north/https://laad.btl.gov.il/view_files/Nofel_Pic/043624/NP_043624_10.jpg
https://res.cloudinary.com/dpol0pyoo/image/fetch/c_crop,g_face/w_150,h_195,g_north/https://img.haarets.co.il/bs/0000018b-4ae4-dc3c-a5df-deec7a8b0001/56/cb/81c499f34c11acdddb8ff44bbb6c/71129-1.jpg?precrop=2054,2054,x70,y91&width=168&height=130
https://res.cloudinary.com/dpol0pyoo/image/fetch/c_crop,g_face/w_150,h_195,g_north/https://laad.btl.gov.il/view_files/Nofel_Pic/043577/NP_043577_10.jpg
https://res.cloudinary.com/dpol0pyoo/image/fetch/c_crop,g_face/w_150,h_195,g_north/https://laad.btl.gov.il/view_files/Nofel_Pic/043575/NP_043575_10.jpg
https://res.cloudinary.com/dpol0pyoo/image/fetch/c_crop,g_face/w_150,h_195,g_north/https://laad.btl.gov.il/view_files/Nofel_Pic/043578/NP_043578_10.jpg
https://res.cloudinary.com/dpol0pyoo/image/fetch/c_crop,g_face/w_150,h_195,g_north/https://laad.btl.gov.il/view_files/Nofel_Pic/043576/NP_043576_10.jpg
https://res.cloudinary.com/dpol0pyoo/image/fetch/c_crop,g_face/w_150,h_195,g_north/https://laad.btl.gov.il/view_files/Nofel_Pic/043640/NP_043640_11.jpg
https://res.cloudinary.com/dpol0pyoo/image/fetch/c_crop,g_face/w_150,h_195,g_north/https://laad.btl.gov.il/view_files/Nofel_Pic/043642/NP_043642_10.jpg
https://res.cloudinary.com/dpol0pyoo/image/fetch/c_crop,g_face/w_150,h_195,g_north/https://laad.btl.gov.il/view_files/Nofel_Pic/044203/NP_044203_10.jpg
https://res.cloudinary.com/dpol0pyoo/image/fetch/c_crop,g_face/w_150,h_195,g_north/https://laad.btl.gov.il/view_files/Nofel_Pic/043601/NP_043601_10.jpg
https://res.cloudinary.com/dpol0pyoo/image/fetch/c_crop,g_face/w_150,h_195,g_north/https://res.cloudinary.com/dpol0pyoo/image/upload/v1772201980/idf_memorials/pid_76.webp
https://res.cloudinary.com/dpol0pyoo/image/fetch/c_crop,g_face/w_150,h_195,g_north/https://laad.btl.gov.il/view_files/Nofel_Pic/043600/NP_043600_10.jpg
https://res.cloudinary.com/dpol0pyoo/image/fetch/c_crop,g_face/w_150,h_195,g_north/https://laad.btl.gov.il/view_files/Nofel_Pic/043599/NP_043599_10.jpg
https://res.cloudinary.com/dpol0pyoo/image/fetch/c_crop,g_face/w_150,h_195,g_north/https://res.cloudinary.com/dpol0pyoo/image/upload/v1772201985/idf_memorials/pid_79.webp
https://res.cloudinary.com/dpol0pyoo/image/fetch/c_crop,g_face/w_150,h_195,g_north/https://res.cloudinary.com/dpol0pyoo/image/upload/v1772202358/idf_memorials/pid_80.webp
https://res.cloudinary.com/dpol0pyoo/image/fetch/c_crop,g_face/w_150,h_195,g_north/https://laad.btl.gov.il/view_files/Nofel_Pic/043605/NP_043605_10.jpg
https://res.cloudinary.com/dpol0pyoo/image/fetch/c_crop,g_face/w_150,h_195,g_north/https://laad.btl.gov.il/view_files/Nofel_Pic/043606/NP_043606_10.jpg
https://res.cloudinary.com/dpol0pyoo/image/fetch/c_crop,g_face/w_150,h_195,g_north/https://static.timesofisrael.com/www/uploads/2023/10/231011160737-emily-hand-beeri-victim-1024x640.jpg
https://res.cloudinary.com/dpol0pyoo/image/fetch/c_crop,g_face/w_150,h_195,g_north/https://laad.btl.gov.il/view_files/Nofel_Pic/043604/NP_043604_10.jpg
https://res.cloudinary.com/dpol0pyoo/image/fetch/c_crop,g_face/w_150,h_195,g_north/https://laad.btl.gov.il/view_files/Nofel_Pic/043608/NP_043608_10.jpg
https://res.cloudinary.com/dpol0pyoo/image/fetch/c_crop,g_face/w_150,h_195,g_north/https://laad.btl.gov.il/view_files/Nofel_Pic/043609/NP_043609_10.jpg
https://res.cloudinary.com/dpol0pyoo/image/fetch/c_crop,g_face/w_150,h_195,g_north/https://laad.btl.gov.il/view_files/Nofel_Pic/043615/NP_043615_10.jpg
https://res.cloudinary.com/dpol0pyoo/image/fetch/c_crop,g_face/w_150,h_195,g_north/https://laad.btl.gov.il/view_files/Nofel_Pic/043618/NP_043618_10.jpg
https://res.cloudinary.com/dpol0pyoo/image/fetch/c_crop,g_face/w_150,h_195,g_north/https://laad.btl.gov.il/view_files/Nofel_Pic/043648/NP_043648_10.jpg
https://res.cloudinary.com/dpol0pyoo/image/fetch/c_crop,g_face/w_150,h_195,g_north/https://laad.btl.gov.il/view_files/Nofel_Pic/044111/NP_044111_10.jpg
https://res.cloudinary.com/dpol0pyoo/image/fetch/c_crop,g_face/w_150,h_195,g_north/https://laad.btl.gov.il/view_files/Nofel_Pic/043623/NP_043623_11.jpg
https://res.cloudinary.com/dpol0pyoo/image/fetch/c_crop,g_face/w_150,h_195,g_north/https://laad.btl.gov.il/view_files/Nofel_Pic/043645/NP_043645_11.jpg
https://res.cloudinary.com/dpol0pyoo/image/fetch/c_crop,g_face/w_150,h_195,g_north/https://laad.btl.gov.il/view_files/Nofel_Pic/043647/NP_043647_10.jpg
https://res.cloudinary.com/dpol0pyoo/image/fetch/c_crop,g_face/w_150,h_195,g_north/https://laad.btl.gov.il/view_files/Nofel_Pic/043646/NP_043646_10.jpg
https://res.cloudinary.com/dpol0pyoo/image/fetch/c_crop,g_face/w_150,h_195,g_north/https://res.cloudinary.com/dpol0pyoo/image/upload/v1772201993/idf_memorials/pid_97.webp
https://res.cloudinary.com/dpol0pyoo/image/fetch/c_crop,g_face/w_150,h_195,g_north/https://laad.btl.gov.il/view_files/Nofel_Pic/044113/NP_044113_10.jpg
https://res.cloudinary.com/dpol0pyoo/image/fetch/c_crop,g_face/w_150,h_195,g_north/https://laad.btl.gov.il/view_files/Nofel_Pic/043625/NP_043625_10.jpg
https://res.cloudinary.com/dpol0pyoo/image/fetch/c_crop,g_face/w_150,h_195,g_north/https://laad.btl.gov.il/view_files/Nofel_Pic/044207/NP_044207_10.jpg
https://res.cloudinary.com/dpol0pyoo/image/fetch/c_crop,g_face/w_150,h_195,g_north/https://laad.btl.gov.il/view_files/Nofel_Pic/043626/NP_043626_11.jpg
https://res.cloudinary.com/dpol0pyoo/image/fetch/c_crop,g_face/w_150,h_195,g_north/https://laad.btl.gov.il/view_files/Nofel_Pic/043627/NP_043627_11.jpg
https://res.cloudinary.com/dpol0pyoo/image/fetch/c_crop,g_face/w_150,h_195,g_north/https://laad.btl.gov.il/view_files/Nofel_Pic/043631/NP_043631_11.jpg
https://res.cloudinary.com/dpol0pyoo/image/fetch/c_crop,g_face/w_150,h_195,g_north/https://laad.btl.gov.il/view_files/Nofel_Pic/043628/NP_043628_10.jpg
https://res.cloudinary.com/dpol0pyoo/image/fetch/c_crop,g_face/w_150,h_195,g_north/https://laad.btl.gov.il/view_files/Nofel_Pic/043629/NP_043629_10.jpg
https://res.cloudinary.com/dpol0pyoo/image/fetch/c_crop,g_face/w_150,h_195,g_north/https://res.cloudinary.com/dpol0pyoo/image/upload/v1772201997/idf_memorials/pid_107.webp
https://res.cloudinary.com/dpol0pyoo/image/fetch/c_crop,g_face/w_150,h_195,g_north/https://laad.btl.gov.il/view_files/Nofel_Pic/043632/NP_043632_10.jpg
https://res.cloudinary.com/dpol0pyoo/image/fetch/c_crop,g_face/w_150,h_195,g_north/https://res.cloudinary.com/dpol0pyoo/image/upload/v1772202002/idf_memorials/pid_109.webp
https://res.cloudinary.com/dpol0pyoo/image/fetch/c_crop,g_face/w_150,h_195,g_north/https://laad.btl.gov.il/view_files/Nofel_Pic/043580/NP_043580_10.jpg
https://res.cloudinary.com/dpol0pyoo/image/fetch/c_crop,g_face/w_150,h_195,g_north/https://laad.btl.gov.il/view_files/Nofel_Pic/043653/NP_043653_10.jpg
https://res.cloudinary.com/dpol0pyoo/image/fetch/c_crop,g_face/w_150,h_195,g_north/https://laad.btl.gov.il/view_files/Nofel_Pic/043652/NP_043652_10.jpg
https://res.cloudinary.com/dpol0pyoo/image/fetch/c_crop,g_face/w_150,h_195,g_north/https://img.haarets.co.il/bs/0000018b-428c-d881-abab-ef8c3bc50000/3d/a6/876fd6034687942041b26dddedc3/54006342.JPG?precrop=undefined,undefined,xundefined,yundefined&width=168&height=130
https://res.cloudinary.com/dpol0pyoo/image/fetch/c_crop,g_face/w_150,h_195,g_north/https://res.cloudinary.com/dpol0pyoo/image/upload/v1772202006/idf_memorials/pid_115.webp
https://res.cloudinary.com/dpol0pyoo/image/fetch/c_crop,g_face/w_150,h_195,g_north/https://res.cloudinary.com/dpol0pyoo/image/upload/v1772202012/idf_memorials/pid_116.webp
https://res.cloudinary.com/dpol0pyoo/image/fetch/c_crop,g_face/w_150,h_195,g_north/https://img.haarets.co.il/bs/0000018b-62bd-d473-a5fb-66fd84940001/38/d6/5c03862248d19a71d091436da72a/amit-shani.jpg?precrop=undefined,undefined,xundefined,yundefined&width=168&height=130
https://res.cloudinary.com/dpol0pyoo/image/fetch/c_crop,g_face/w_150,h_195,g_north/https://img.haarets.co.il/bs/0000018b-4ae5-dc3c-a5df-deedacd40001/30/a6/7c4b50344c3c9e361de62cd50d96/71145.jpg?precrop=2047,2047,x145,y88&width=168&height=130
https://res.cloudinary.com/dpol0pyoo/image/fetch/c_crop,g_face/w_150,h_195,g_north/https://laad.btl.gov.il/view_files/Nofel_Pic/043658/NP_043658_10.jpg
https://res.cloudinary.com/dpol0pyoo/image/fetch/c_crop,g_face/w_150,h_195,g_north/https://laad.btl.gov.il/view_files/Nofel_Pic/043659/NP_043659_10.jpg
https://res.cloudinary.com/dpol0pyoo/image/fetch/c_crop,g_face/w_150,h_195,g_north/https://laad.btl.gov.il/view_files/Nofel_Pic/043657/NP_043657_10.jpg
https://res.cloudinary.com/dpol0pyoo/image/fetch/c_crop,g_face/w_150,h_195,g_north/https://laad.btl.gov.il/view_files/Nofel_Pic/044132/NP_044132_10.jpg
https://res.cloudinary.com/dpol0pyoo/image/fetch/c_crop,g_face/w_150,h_195,g_north/https://laad.btl.gov.il/view_files/Nofel_Pic/043656/NP_043656_10.jpg
https://res.cloudinary.com/dpol0pyoo/image/fetch/c_crop,g_face/w_150,h_195,g_north/https://laad.btl.gov.il/view_files/Nofel_Pic/043654/NP_043654_10.jpg
https://res.cloudinary.com/dpol0pyoo/image/fetch/c_crop,g_face/w_150,h_195,g_north/https://img.haarets.co.il/bs/0000018b-5d25-d307-adbb-7d3d21230001/b5/86/45c446b44f48848bc498548839ff/adi-shoham.JPG?precrop=undefined,undefined,xundefined,yundefined&width=168&height=130
https://res.cloudinary.com/dpol0pyoo/image/fetch/c_crop,g_face/w_150,h_195,g_north/https://img.haarets.co.il/bs/0000018b-5d2e-d8e2-a1eb-ff3e1ce40001/e9/6e/13fb8b64420482189a24e9c1602e/yahili-shoham.JPG?precrop=undefined,undefined,xundefined,yundefined&width=168&height=130
https://res.cloudinary.com/dpol0pyoo/image/fetch/c_crop,g_face/w_150,h_195,g_north/https://img.haarets.co.il/bs/0000018b-5d29-d473-a5fb-7de9c9610001/f1/ff/a60b380a409fae93aa03af93bb18/nawe-shoham.JPG?precrop=undefined,undefined,xundefined,yundefined&width=168&height=130
https://res.cloudinary.com/dpol0pyoo/image/fetch/c_crop,g_face/w_150,h_195,g_north/https://img.haarets.co.il/bs/0000018b-5d21-d473-a5fb-7de920940001/b4/cf/6fe6f0ab44509e590963f700e5c3/tal-shoham.JPG?precrop=undefined,undefined,xundefined,yundefined&width=168&height=130
https://res.cloudinary.com/dpol0pyoo/image/fetch/c_crop,g_face/w_150,h_195,g_north/https://res.cloudinary.com/dpol0pyoo/image/upload/v1772202016/idf_memorials/pid_129.webp
https://res.cloudinary.com/dpol0pyoo/image/fetch/c_crop,g_face/w_150,h_195,g_north/https://res.cloudinary.com/dpol0pyoo/image/fetch/v1772921504/https://images.crunchbase.com/image/upload/cool7bwckm9muubtaoiv.jpeg
https://res.cloudinary.com/dpol0pyoo/image/fetch/c_crop,g_face/w_150,h_195,g_north/https://laad.btl.gov.il/view_files/Nofel_Pic/043639/NP_043639_10.jpg
https://res.cloudinary.com/dpol0pyoo/image/fetch/c_crop,g_face/w_150,h_195,g_north/https://laad.btl.gov.il/view_files/Nofel_Pic/043638/NP_043638_10.jpg
https://res.cloudinary.com/dpol0pyoo/image/fetch/c_crop,g_face/w_150,h_195,g_north/https://laad.btl.gov.il/view_files/Nofel_Pic/043637/NP_043637_10.jpg
https://res.cloudinary.com/dpol0pyoo/image/fetch/c_crop,g_face/w_150,h_195,g_north/https://laad.btl.gov.il/view_files/Nofel_Pic/043636/NP_043636_11.jpg
https://res.cloudinary.com/dpol0pyoo/image/fetch/c_crop,g_face/w_150,h_195,g_north/https://laad.btl.gov.il/view_files/Nofel_Pic/044131/NP_044131_11.jpg
https://res.cloudinary.com/dpol0pyoo/image/fetch/c_crop,g_face/w_150,h_195,g_north/https://laad.btl.gov.il/view_files/Nofel_Pic/043635/NP_043635_10.jpg
https://res.cloudinary.com/dpol0pyoo/image/fetch/c_crop,g_face/w_150,h_195,g_north/https://laad.btl.gov.il/view_files/Nofel_Pic/043634/NP_043634_10.jpg
https://res.cloudinary.com/dpol0pyoo/image/fetch/c_crop,g_face/w_150,h_195,g_north/https://res.cloudinary.com/dpol0pyoo/image/upload/v1772202021/idf_memorials/pid_138.webp
https://res.cloudinary.com/dpol0pyoo/image/fetch/c_crop,g_face/w_150,h_195,g_north/https://res.cloudinary.com/dpol0pyoo/image/upload/v1772202026/idf_memorials/pid_139.webp
https://res.cloudinary.com/dpol0pyoo/image/fetch/c_crop,g_face/w_150,h_195,g_north/https://laad.btl.gov.il/view_files/Nofel_Pic/043619/NP_043619_11.jpg
https://res.cloudinary.com/dpol0pyoo/image/fetch/c_crop,g_face/w_150,h_195,g_north/https://laad.btl.gov.il/view_files/Nofel_Pic/043581/NP_043581_11.jpg
https://res.cloudinary.com/dpol0pyoo/image/fetch/c_crop,g_face/w_150,h_195,g_north/https://res.cloudinary.com/dpol0pyoo/image/upload/v1772207993/police_memorials/pid_142.jpg
https://res.cloudinary.com/dpol0pyoo/image/fetch/c_crop,g_face/w_150,h_195,g_north/https://laad.btl.gov.il/view_files/Nofel_Pic/043411/NP_043411_10.jpg
https://res.cloudinary.com/dpol0pyoo/image/fetch/c_crop,g_face/w_150,h_195,g_north/https://laad.btl.gov.il/view_files/Nofel_Pic/043351/NP_043351_10.jpg
https://res.cloudinary.com/dpol0pyoo/image/fetch/c_crop,g_face/w_150,h_195,g_north/https://laad.btl.gov.il/view_files/Nofel_Pic/043574/NP_043574_10.jpg
https://res.cloudinary.com/dpol0pyoo/image/fetch/c_crop,g_face/w_150,h_195,g_north/https://laad.btl.gov.il/view_files/Nofel_Pic/043350/NP_043350_10.jpg
https://res.cloudinary.com/dpol0pyoo/image/fetch/c_crop,g_face/w_150,h_195,g_north/https://laad.btl.gov.il/view_files/Nofel_Pic/043617/NP_043617_10.jpg
https://res.cloudinary.com/dpol0pyoo/image/fetch/c_crop,g_face/w_150,h_195,g_north/https://laad.btl.gov.il/view_files/Nofel_Pic/044014/NP_044014_10.jpg
https://res.cloudinary.com/dpol0pyoo/image/fetch/c_crop,g_face/w_150,h_195,g_north/https://res.cloudinary.com/dpol0pyoo/image/upload/v1772207996/police_memorials/pid_149.jpg
https://res.cloudinary.com/dpol0pyoo/image/fetch/c_crop,g_face/w_150,h_195,g_north/https://res.cloudinary.com/dpol0pyoo/image/upload/v1772208000/police_memorials/pid_150.jpg
https://res.cloudinary.com/dpol0pyoo/image/fetch/c_crop,g_face/w_150,h_195,g_north/https://res.cloudinary.com/dpol0pyoo/image/upload/v1772208003/police_memorials/pid_151.jpg
https://res.cloudinary.com/dpol0pyoo/image/fetch/c_crop,g_face/w_150,h_195,g_north/https://laad.btl.gov.il/view_files/Nofel_Pic/043616/NP_043616_10.jpg
https://res.cloudinary.com/dpol0pyoo/image/fetch/c_crop,g_face/w_150,h_195,g_north/https://res.cloudinary.com/dpol0pyoo/image/upload/v1772202030/idf_memorials/pid_154.webp
https://res.cloudinary.com/dpol0pyoo/image/fetch/c_crop,g_face/w_150,h_195,g_north/https://laad.btl.gov.il/view_files/Nofel_Pic/044055/NP_044055_10.jpg
https://res.cloudinary.com/dpol0pyoo/image/fetch/c_crop,g_face/w_150,h_195,g_north/https://laad.btl.gov.il/view_files/Nofel_Pic/044071/NP_044071_10.jpg
https://res.cloudinary.com/dpol0pyoo/image/fetch/c_crop,g_face/w_150,h_195,g_north/https://laad.btl.gov.il/view_files/Nofel_Pic/043611/NP_043611_10.jpg
https://res.cloudinary.com/dpol0pyoo/image/fetch/c_crop,g_face/w_150,h_195,g_north/https://laad.btl.gov.il/view_files/Nofel_Pic/044074/NP_044074_10.jpg
https://res.cloudinary.com/dpol0pyoo/image/fetch/c_crop,g_face/w_150,h_195,g_north/https://laad.btl.gov.il/view_files/Nofel_Pic/043610/NP_043610_10.jpg
https://res.cloudinary.com/dpol0pyoo/image/fetch/c_crop,g_face/w_150,h_195,g_north/https://laad.btl.gov.il/view_files/Nofel_Pic/043612/NP_043612_10.jpg
https://res.cloudinary.com/dpol0pyoo/image/fetch/c_crop,g_face/w_150,h_195,g_north/https://res.cloudinary.com/dpol0pyoo/image/upload/v1772202034/idf_memorials/pid_186.webp
https://res.cloudinary.com/dpol0pyoo/image/fetch/c_crop,g_face/w_150,h_195,g_north/https://res.cloudinary.com/dpol0pyoo/image/upload/v1772202038/idf_memorials/pid_187.webp
https://res.cloudinary.com/dpol0pyoo/image/fetch/c_crop,g_face/w_150,h_195,g_north/https://laad.btl.gov.il/view_files/Nofel_Pic/043613/NP_043613_12.jpg
https://res.cloudinary.com/dpol0pyoo/image/fetch/c_crop,g_face/w_150,h_195,g_north/https://res.cloudinary.com/dpol0pyoo/image/upload/v1772202042/idf_memorials/pid_192.webp
https://res.cloudinary.com/dpol0pyoo/image/fetch/c_crop,g_face/w_150,h_195,g_north/https://res.cloudinary.com/dpol0pyoo/image/upload/v1772202049/idf_memorials/pid_193.webp
https://res.cloudinary.com/dpol0pyoo/image/fetch/c_crop,g_face/w_150,h_195,g_north/https://res.cloudinary.com/dpol0pyoo/image/upload/v1772202058/idf_memorials/pid_195.webp
https://res.cloudinary.com/dpol0pyoo/image/fetch/c_crop,g_face/w_150,h_195,g_north/https://res.cloudinary.com/dpol0pyoo/image/upload/v1772202054/idf_memorials/pid_196.webp
https://res.cloudinary.com/dpol0pyoo/image/fetch/c_crop,g_face/w_150,h_195,g_north/https://res.cloudinary.com/dpol0pyoo/image/upload/v1772202062/idf_memorials/pid_197.webp
https://res.cloudinary.com/dpol0pyoo/image/fetch/c_crop,g_face/w_150,h_195,g_north/https://laad.btl.gov.il/view_files/Nofel_Pic/044047/NP_044047_10.jpg
https://res.cloudinary.com/dpol0pyoo/image/fetch/c_crop,g_face/w_150,h_195,g_north/https://laad.btl.gov.il/view_files/Nofel_Pic/044006/NP_044006_10.jpg
https://res.cloudinary.com/dpol0pyoo/image/fetch/c_crop,g_face/w_150,h_195,g_north/https://laad.btl.gov.il/view_files/Nofel_Pic/044007/NP_044007_10.jpg
https://res.cloudinary.com/dpol0pyoo/image/fetch/c_crop,g_face/w_150,h_195,g_north/https://laad.btl.gov.il/view_files/Nofel_Pic/043341/NP_043341_10.jpg
https://res.cloudinary.com/dpol0pyoo/image/fetch/c_crop,g_face/w_150,h_195,g_north/https://laad.btl.gov.il/view_files/Nofel_Pic/043338/NP_043338_10.jpg
https://res.cloudinary.com/dpol0pyoo/image/fetch/c_crop,g_face/w_150,h_195,g_north/https://laad.btl.gov.il/view_files/Nofel_Pic/043339/NP_043339_10.jpg
https://res.cloudinary.com/dpol0pyoo/image/fetch/c_crop,g_face/w_150,h_195,g_north/https://res.cloudinary.com/dpol0pyoo/image/upload/v1772202067/idf_memorials/pid_204.webp
https://res.cloudinary.com/dpol0pyoo/image/fetch/c_crop,g_face/w_150,h_195,g_north/https://res.cloudinary.com/dpol0pyoo/image/upload/v1772202071/idf_memorials/pid_206.webp
https://res.cloudinary.com/dpol0pyoo/image/fetch/c_crop,g_face/w_150,h_195,g_north/https://res.cloudinary.com/dpol0pyoo/image/upload/v1772202076/idf_memorials/pid_207.webp
https://res.cloudinary.com/dpol0pyoo/image/fetch/c_crop,g_face/w_150,h_195,g_north/https://res.cloudinary.com/dpol0pyoo/image/upload/v1772208007/police_memorials/pid_208.jpg
https://res.cloudinary.com/dpol0pyoo/image/fetch/c_crop,g_face/w_150,h_195,g_north/https://res.cloudinary.com/dpol0pyoo/image/upload/v1772202080/idf_memorials/pid_209.webp
https://res.cloudinary.com/dpol0pyoo/image/fetch/c_crop,g_face/w_150,h_195,g_north/https://res.cloudinary.com/dpol0pyoo/image/upload/v1772202083/idf_memorials/pid_210.webp
https://res.cloudinary.com/dpol0pyoo/image/fetch/c_crop,g_face/w_150,h_195,g_north/https://res.cloudinary.com/dpol0pyoo/image/upload/v1772202088/idf_memorials/pid_211.webp
https://res.cloudinary.com/dpol0pyoo/image/fetch/c_crop,g_face/w_150,h_195,g_north/https://res.cloudinary.com/dpol0pyoo/image/upload/v1772202092/idf_memorials/pid_212.webp
https://res.cloudinary.com/dpol0pyoo/image/fetch/c_crop,g_face/w_150,h_195,g_north/https://res.cloudinary.com/dpol0pyoo/image/upload/v1772202097/idf_memorials/pid_213.webp
https://res.cloudinary.com/dpol0pyoo/image/fetch/c_crop,g_face/w_150,h_195,g_north/https://res.cloudinary.com/dpol0pyoo/image/upload/v1772202101/idf_memorials/pid_214.webp
https://res.cloudinary.com/dpol0pyoo/image/fetch/c_crop,g_face/w_150,h_195,g_north/https://res.cloudinary.com/dpol0pyoo/image/upload/v1772202106/idf_memorials/pid_215.webp
https://res.cloudinary.com/dpol0pyoo/image/fetch/c_crop,g_face/w_150,h_195,g_north/https://res.cloudinary.com/dpol0pyoo/image/upload/v1772202110/idf_memorials/pid_216.webp
https://res.cloudinary.com/dpol0pyoo/image/fetch/c_crop,g_face/w_150,h_195,g_north/https://res.cloudinary.com/dpol0pyoo/image/upload/v1772202115/idf_memorials/pid_217.webp
https://res.cloudinary.com/dpol0pyoo/image/fetch/c_crop,g_face/w_150,h_195,g_north/https://res.cloudinary.com/dpol0pyoo/image/upload/v1772202119/idf_memorials/pid_218.webp
https://res.cloudinary.com/dpol0pyoo/image/fetch/c_crop,g_face/w_150,h_195,g_north/https://res.cloudinary.com/dpol0pyoo/image/upload/v1772202124/idf_memorials/pid_219.webp
https://res.cloudinary.com/dpol0pyoo/image/fetch/c_crop,g_face/w_150,h_195,g_north/https://res.cloudinary.com/dpol0pyoo/image/upload/v1772202128/idf_memorials/pid_220.webp
https://res.cloudinary.com/dpol0pyoo/image/fetch/c_crop,g_face/w_150,h_195,g_north/https://res.cloudinary.com/dpol0pyoo/image/upload/v1772202133/idf_memorials/pid_221.webp
https://res.cloudinary.com/dpol0pyoo/image/fetch/c_crop,g_face/w_150,h_195,g_north/https://res.cloudinary.com/dpol0pyoo/image/upload/v1772202137/idf_memorials/pid_222.webp
https://res.cloudinary.com/dpol0pyoo/image/fetch/c_crop,g_face/w_150,h_195,g_north/https://res.cloudinary.com/dpol0pyoo/image/upload/v1772202141/idf_memorials/pid_223.webp
https://res.cloudinary.com/dpol0pyoo/image/fetch/c_crop,g_face/w_150,h_195,g_north/https://res.cloudinary.com/dpol0pyoo/image/upload/v1772202146/idf_memorials/pid_224.webp
https://res.cloudinary.com/dpol0pyoo/image/fetch/c_crop,g_face/w_150,h_195,g_north/https://res.cloudinary.com/dpol0pyoo/image/upload/v1772202150/idf_memorials/pid_225.webp
https://res.cloudinary.com/dpol0pyoo/image/fetch/c_crop,g_face/w_150,h_195,g_north/https://res.cloudinary.com/dpol0pyoo/image/upload/v1772202154/idf_memorials/pid_226.webp
https://res.cloudinary.com/dpol0pyoo/image/fetch/c_crop,g_face/w_150,h_195,g_north/https://res.cloudinary.com/dpol0pyoo/image/upload/v1772202158/idf_memorials/pid_227.jpg
https://res.cloudinary.com/dpol0pyoo/image/fetch/c_crop,g_face/w_150,h_195,g_north/https://res.cloudinary.com/dpol0pyoo/image/upload/v1772202163/idf_memorials/pid_228.webp
https://res.cloudinary.com/dpol0pyoo/image/fetch/c_crop,g_face/w_150,h_195,g_north/https://res.cloudinary.com/dpol0pyoo/image/upload/v1772202168/idf_memorials/pid_229.webp
https://res.cloudinary.com/dpol0pyoo/image/fetch/c_crop,g_face/w_150,h_195,g_north/https://res.cloudinary.com/dpol0pyoo/image/upload/v1772202173/idf_memorials/pid_230.webp
https://res.cloudinary.com/dpol0pyoo/image/fetch/c_crop,g_face/w_150,h_195,g_north/https://res.cloudinary.com/dpol0pyoo/image/upload/v1772202177/idf_memorials/pid_231.webp
https://res.cloudinary.com/dpol0pyoo/image/fetch/c_crop,g_face/w_150,h_195,g_north/https://res.cloudinary.com/dpol0pyoo/image/upload/v1772202181/idf_memorials/pid_232.webp
https://res.cloudinary.com/dpol0pyoo/image/fetch/c_crop,g_face/w_150,h_195,g_north/https://res.cloudinary.com/dpol0pyoo/image/upload/v1772208011/police_memorials/pid_233.jpg
https://res.cloudinary.com/dpol0pyoo/image/fetch/c_crop,g_face/w_150,h_195,g_north/https://res.cloudinary.com/dpol0pyoo/image/upload/v1772202185/idf_memorials/pid_234.webp
https://res.cloudinary.com/dpol0pyoo/image/fetch/c_crop,g_face/w_150,h_195,g_north/https://res.cloudinary.com/dpol0pyoo/image/upload/v1772202189/idf_memorials/pid_235.webp
https://res.cloudinary.com/dpol0pyoo/image/fetch/c_crop,g_face/w_150,h_195,g_north/https://res.cloudinary.com/dpol0pyoo/image/upload/v1772202194/idf_memorials/pid_236.webp
https://res.cloudinary.com/dpol0pyoo/image/fetch/c_crop,g_face/w_150,h_195,g_north/https://res.cloudinary.com/dpol0pyoo/image/upload/v1772202198/idf_memorials/pid_237.webp
https://res.cloudinary.com/dpol0pyoo/image/fetch/c_crop,g_face/w_150,h_195,g_north/https://res.cloudinary.com/dpol0pyoo/image/upload/v1772202203/idf_memorials/pid_238.webp
https://res.cloudinary.com/dpol0pyoo/image/fetch/c_crop,g_face/w_150,h_195,g_north/https://res.cloudinary.com/dpol0pyoo/image/upload/v1772208015/police_memorials/pid_239.jpg
https://res.cloudinary.com/dpol0pyoo/image/fetch/c_crop,g_face/w_150,h_195,g_north/https://res.cloudinary.com/dpol0pyoo/image/upload/v1772208018/police_memorials/pid_240.jpg
https://res.cloudinary.com/dpol0pyoo/image/fetch/c_crop,g_face/w_150,h_195,g_north/https://res.cloudinary.com/dpol0pyoo/image/upload/v1772208023/police_memorials/pid_241.jpg
https://res.cloudinary.com/dpol0pyoo/image/fetch/c_crop,g_face/w_150,h_195,g_north/https://res.cloudinary.com/dpol0pyoo/image/upload/v1772202207/idf_memorials/pid_242.webp
https://res.cloudinary.com/dpol0pyoo/image/fetch/c_crop,g_face/w_150,h_195,g_north/https://res.cloudinary.com/dpol0pyoo/image/upload/v1772208026/police_memorials/pid_243.jpg
https://res.cloudinary.com/dpol0pyoo/image/fetch/c_crop,g_face/w_150,h_195,g_north/https://res.cloudinary.com/dpol0pyoo/image/upload/v1772208030/police_memorials/pid_244.jpg
https://res.cloudinary.com/dpol0pyoo/image/fetch/c_crop,g_face/w_150,h_195,g_north/https://res.cloudinary.com/dpol0pyoo/image/upload/v1772202212/idf_memorials/pid_245.webp
https://res.cloudinary.com/dpol0pyoo/image/fetch/c_crop,g_face/w_150,h_195,g_north/https://res.cloudinary.com/dpol0pyoo/image/upload/v1772202217/idf_memorials/pid_246.webp
https://res.cloudinary.com/dpol0pyoo/image/fetch/c_crop,g_face/w_150,h_195,g_north/https://res.cloudinary.com/dpol0pyoo/image/upload/v1772202222/idf_memorials/pid_247.webp
https://res.cloudinary.com/dpol0pyoo/image/fetch/c_crop,g_face/w_150,h_195,g_north/https://res.cloudinary.com/dpol0pyoo/image/upload/v1772202226/idf_memorials/pid_248.webp
https://res.cloudinary.com/dpol0pyoo/image/fetch/c_crop,g_face/w_150,h_195,g_north/https://res.cloudinary.com/dpol0pyoo/image/upload/v1772202230/idf_memorials/pid_249.webp
https://res.cloudinary.com/dpol0pyoo/image/fetch/c_crop,g_face/w_150,h_195,g_north/https://res.cloudinary.com/dpol0pyoo/image/upload/v1772202235/idf_memorials/pid_250.webp
https://res.cloudinary.com/dpol0pyoo/image/fetch/c_crop,g_face/w_150,h_195,g_north/https://res.cloudinary.com/dpol0pyoo/image/upload/v1772202239/idf_memorials/pid_252.webp
https://res.cloudinary.com/dpol0pyoo/image/fetch/c_crop,g_face/w_150,h_195,g_north/https://res.cloudinary.com/dpol0pyoo/image/upload/v1772202243/idf_memorials/pid_253.webp
https://res.cloudinary.com/dpol0pyoo/image/fetch/c_crop,g_face/w_150,h_195,g_north/https://res.cloudinary.com/dpol0pyoo/image/upload/v1772202247/idf_memorials/pid_254.webp
https://res.cloudinary.com/dpol0pyoo/image/fetch/c_crop,g_face/w_150,h_195,g_north/https://res.cloudinary.com/dpol0pyoo/image/upload/v1772202252/idf_memorials/pid_255.webp
https://res.cloudinary.com/dpol0pyoo/image/fetch/c_crop,g_face/w_150,h_195,g_north/https://res.cloudinary.com/dpol0pyoo/image/upload/v1772202257/idf_memorials/pid_256.webp
https://res.cloudinary.com/dpol0pyoo/image/fetch/c_crop,g_face/w_150,h_195,g_north/https://res.cloudinary.com/dpol0pyoo/image/upload/v1772202262/idf_memorials/pid_257.webp
https://res.cloudinary.com/dpol0pyoo/image/fetch/c_crop,g_face/w_150,h_195,g_north/https://res.cloudinary.com/dpol0pyoo/image/upload/v1772202266/idf_memorials/pid_258.webp
https://res.cloudinary.com/dpol0pyoo/image/fetch/c_crop,g_face/w_150,h_195,g_north/https://res.cloudinary.com/dpol0pyoo/image/upload/v1772202270/idf_memorials/pid_259.webp
https://res.cloudinary.com/dpol0pyoo/image/fetch/c_crop,g_face/w_150,h_195,g_north/https://res.cloudinary.com/dpol0pyoo/image/upload/v1772202274/idf_memorials/pid_260.webp
https://res.cloudinary.com/dpol0pyoo/image/fetch/c_crop,g_face/w_150,h_195,g_north/https://res.cloudinary.com/dpol0pyoo/image/upload/v1772202278/idf_memorials/pid_261.webp
https://res.cloudinary.com/dpol0pyoo/image/fetch/c_crop,g_face/w_150,h_195,g_north/https://res.cloudinary.com/dpol0pyoo/image/fetch/c_crop,g_face/w_150,h_195,g_north/
https://res.cloudinary.com/dpol0pyoo/image/fetch/c_crop,g_face/w_150,h_195,g_north/https://res.cloudinary.com/dpol0pyoo/image/upload/v1772202635/idf_memorials/pid_264.webp
https://res.cloudinary.com/dpol0pyoo/image/fetch/c_crop,g_face/w_150,h_195,g_north/https://res.cloudinary.com/dpol0pyoo/image/upload/c_thumb,g_face,w_150,h_195/265.jpg
https://res.cloudinary.com/dpol0pyoo/image/fetch/c_crop,g_face/w_150,h_195,g_north/https://res.cloudinary.com/dpol0pyoo/image/upload/v1772202642/idf_memorials/pid_266.webp
https://res.cloudinary.com/dpol0pyoo/image/fetch/c_crop,g_face/w_150,h_195,g_north/https://res.cloudinary.com/dpol0pyoo/image/upload/v1772202647/idf_memorials/pid_267.webp
https://res.cloudinary.com/dpol0pyoo/image/fetch/c_crop,g_face/w_150,h_195,g_north/https://laad.btl.gov.il/view_files/Nofel_Pic/043316/NP_043316_10.jpg
https://res.cloudinary.com/dpol0pyoo/image/fetch/c_crop,g_face/w_150,h_195,g_north/https://laad.btl.gov.il/view_files/Nofel_Pic/043317/NP_043317_10.jpg
https://res.cloudinary.com/dpol0pyoo/image/fetch/c_crop,g_face/w_150,h_195,g_north/https://laad.btl.gov.il/view_files/Nofel_Pic/043328/NP_043328_12.jpg
https://res.cloudinary.com/dpol0pyoo/image/fetch/c_crop,g_face/w_150,h_195,g_north/https://laad.btl.gov.il/view_files/Nofel_Pic/043326/NP_043326_10.jpg
https://res.cloudinary.com/dpol0pyoo/image/fetch/c_crop,g_face/w_150,h_195,g_north/https://res.cloudinary.com/dpol0pyoo/image/upload/v1772202651/idf_memorials/pid_274.webp
https://res.cloudinary.com/dpol0pyoo/image/fetch/c_crop,g_face/w_150,h_195,g_north/https://laad.btl.gov.il/view_files/Nofel_Pic/043321/NP_043321_10.jpg
https://res.cloudinary.com/dpol0pyoo/image/fetch/c_crop,g_face/w_150,h_195,g_north/https://res.cloudinary.com/dpol0pyoo/image/upload/v1772909739/206_te8iou.png
https://res.cloudinary.com/dpol0pyoo/image/fetch/c_crop,g_face/w_150,h_195,g_north/https://laad.btl.gov.il/view_files/Nofel_Pic/043319/NP_043319_10.jpg
https://res.cloudinary.com/dpol0pyoo/image/fetch/c_crop,g_face/w_150,h_195,g_north/https://laad.btl.gov.il/view_files/Nofel_Pic/043320/NP_043320_10.jpg
https://res.cloudinary.com/dpol0pyoo/image/fetch/c_crop,g_face/w_150,h_195,g_north/https://laad.btl.gov.il/view_files/Nofel_Pic/043325/NP_043325_10.jpg
https://res.cloudinary.com/dpol0pyoo/image/fetch/c_crop,g_face/w_150,h_195,g_north/https://laad.btl.gov.il/view_files/Nofel_Pic/043324/NP_043324_10.jpg
https://res.cloudinary.com/dpol0pyoo/image/fetch/c_crop,g_face/w_150,h_195,g_north/https://laad.btl.gov.il/view_files/Nofel_Pic/043322/NP_043322_10.jpg
https://res.cloudinary.com/dpol0pyoo/image/fetch/c_crop,g_face/w_150,h_195,g_north/https://laad.btl.gov.il/view_files/Nofel_Pic/043323/NP_043323_10.jpg
https://res.cloudinary.com/dpol0pyoo/image/fetch/c_crop,g_face/w_150,h_195,g_north/https://res.cloudinary.com/dpol0pyoo/image/upload/v1772202659/idf_memorials/pid_283.webp
https://res.cloudinary.com/dpol0pyoo/image/fetch/c_crop,g_face/w_150,h_195,g_north/https://res.cloudinary.com/dpol0pyoo/image/upload/v1772202663/idf_memorials/pid_284.webp
https://res.cloudinary.com/dpol0pyoo/image/fetch/c_crop,g_face/w_150,h_195,g_north/https://res.cloudinary.com/dpol0pyoo/image/upload/v1772202667/idf_memorials/pid_285.webp
https://res.cloudinary.com/dpol0pyoo/image/fetch/c_crop,g_face/w_150,h_195,g_north/https://res.cloudinary.com/dpol0pyoo/image/upload/v1772202671/idf_memorials/pid_286.webp
https://res.cloudinary.com/dpol0pyoo/image/fetch/c_crop,g_face/w_150,h_195,g_north/https://res.cloudinary.com/dpol0pyoo/image/upload/v1772202676/idf_memorials/pid_287.webp
https://res.cloudinary.com/dpol0pyoo/image/fetch/c_crop,g_face/w_150,h_195,g_north/https://res.cloudinary.com/dpol0pyoo/image/upload/v1772202680/idf_memorials/pid_288.webp
https://res.cloudinary.com/dpol0pyoo/image/fetch/c_crop,g_face/w_150,h_195,g_north/https://laad.btl.gov.il/view_files/Nofel_Pic/043471/NP_043471_10.jpg
https://res.cloudinary.com/dpol0pyoo/image/fetch/c_crop,g_face/w_150,h_195,g_north/https://res.cloudinary.com/dpol0pyoo/image/upload/v1772202692/idf_memorials/pid_290.webp
https://res.cloudinary.com/dpol0pyoo/image/fetch/c_crop,g_face/w_150,h_195,g_north/https://res.cloudinary.com/dpol0pyoo/image/upload/v1772202715/idf_memorials/pid_291.webp
https://res.cloudinary.com/dpol0pyoo/image/fetch/c_crop,g_face/w_150,h_195,g_north/https://res.cloudinary.com/dpol0pyoo/image/upload/v1772202720/idf_memorials/pid_293.webp
https://res.cloudinary.com/dpol0pyoo/image/fetch/c_crop,g_face/w_150,h_195,g_north/https://laad.btl.gov.il/view_files/Nofel_Pic/043485/NP_043485_11.jpg
https://res.cloudinary.com/dpol0pyoo/image/fetch/c_crop,g_face/w_150,h_195,g_north/https://laad.btl.gov.il/view_files/Nofel_Pic/043484/NP_043484_10.jpg
https://res.cloudinary.com/dpol0pyoo/image/fetch/c_crop,g_face/w_150,h_195,g_north/https://res.cloudinary.com/dpol0pyoo/image/upload/v1772202724/idf_memorials/pid_296.webp
https://res.cloudinary.com/dpol0pyoo/image/fetch/c_crop,g_face/w_150,h_195,g_north/https://res.cloudinary.com/dpol0pyoo/image/upload/v1772202729/idf_memorials/pid_297.webp
https://res.cloudinary.com/dpol0pyoo/image/fetch/c_crop,g_face/w_150,h_195,g_north/https://laad.btl.gov.il/view_files/Nofel_Pic/043492/NP_043492_11.jpg
https://res.cloudinary.com/dpol0pyoo/image/fetch/c_crop,g_face/w_150,h_195,g_north/https://res.cloudinary.com/dpol0pyoo/image/upload/v1772202733/idf_memorials/pid_299.webp
https://res.cloudinary.com/dpol0pyoo/image/fetch/c_crop,g_face/w_150,h_195,g_north/https://laad.btl.gov.il/view_files/Nofel_Pic/043477/NP_043477_10.jpg
https://res.cloudinary.com/dpol0pyoo/image/fetch/c_crop,g_face/w_150,h_195,g_north/https://laad.btl.gov.il/view_files/Nofel_Pic/043480/NP_043480_10.jpg
https://res.cloudinary.com/dpol0pyoo/image/fetch/c_crop,g_face/w_150,h_195,g_north/https://laad.btl.gov.il/view_files/Nofel_Pic/043513/NP_043513_10.jpg
https://res.cloudinary.com/dpol0pyoo/image/fetch/c_crop,g_face/w_150,h_195,g_north/https://img.haarets.co.il/bs/0000018b-7f2d-d4a8-a3cf-ffad32ca0001/97/a6/c2812c7643d4abe224f92ef1f477/agam.JPG?precrop=undefined,undefined,xundefined,yundefined&width=168&height=130
https://res.cloudinary.com/dpol0pyoo/image/fetch/c_crop,g_face/w_150,h_195,g_north/https://img.haarets.co.il/bs/0000018b-5d33-d307-adbb-7d3bd61e0001/43/d3/6be8ea954c5099de9b03ec5ca17f/hen.JPG?precrop=undefined,undefined,xundefined,yundefined&width=168&height=130
https://res.cloudinary.com/dpol0pyoo/image/fetch/c_crop,g_face/w_150,h_195,g_north/https://img.haarets.co.il/bs/0000018b-7f2d-d1da-a1bb-7fbde44d0001/ed/d5/864177a04e9ea9d9631a13d451b4/gal.JPG?precrop=undefined,undefined,xundefined,yundefined&width=168&height=130
https://res.cloudinary.com/dpol0pyoo/image/fetch/c_crop,g_face/w_150,h_195,g_north/https://img.haarets.co.il/bs/0000018b-7f2e-d4a8-a3cf-ffaf74640001/80/1f/fd91d8964b5ab0dd3e441e804f83/tal.JPG?precrop=undefined,undefined,xundefined,yundefined&width=168&height=130
https://res.cloudinary.com/dpol0pyoo/image/fetch/c_crop,g_face/w_150,h_195,g_north/https://res.cloudinary.com/dpol0pyoo/image/upload/c_thumb,g_face,w_150,h_195/307.jpg
https://res.cloudinary.com/dpol0pyoo/image/fetch/c_crop,g_face/w_150,h_195,g_north/https://laad.btl.gov.il/view_files/Nofel_Pic/043488/NP_043488_11.jpg
https://res.cloudinary.com/dpol0pyoo/image/fetch/c_crop,g_face/w_150,h_195,g_north/https://res.cloudinary.com/dpol0pyoo/image/upload/v1772202740/idf_memorials/pid_309.webp
https://res.cloudinary.com/dpol0pyoo/image/fetch/c_crop,g_face/w_150,h_195,g_north/https://laad.btl.gov.il/view_files/Nofel_Pic/044119/NP_044119_10.jpg
https://res.cloudinary.com/dpol0pyoo/image/fetch/c_crop,g_face/w_150,h_195,g_north/https://res.cloudinary.com/dpol0pyoo/image/upload/v1772202745/idf_memorials/pid_311.webp
https://res.cloudinary.com/dpol0pyoo/image/fetch/c_crop,g_face/w_150,h_195,g_north/https://laad.btl.gov.il/view_files/Nofel_Pic/043500/NP_043500_10.jpg
https://res.cloudinary.com/dpol0pyoo/image/fetch/c_crop,g_face/w_150,h_195,g_north/https://laad.btl.gov.il/view_files/Nofel_Pic/043501/NP_043501_10.jpg
https://res.cloudinary.com/dpol0pyoo/image/fetch/c_crop,g_face/w_150,h_195,g_north/https://img.haarets.co.il/bs/0000018b-5d8b-d8e2-a1eb-ff9f207f0001/c4/16/e18a30ef4c5b96546c11bcbae01f/avigil.JPG?precrop=undefined,undefined,xundefined,yundefined&width=168&height=130
https://res.cloudinary.com/dpol0pyoo/image/fetch/c_crop,g_face/w_150,h_195,g_north/https://laad.btl.gov.il/view_files/Nofel_Pic/043506/NP_043506_10.jpg
https://res.cloudinary.com/dpol0pyoo/image/fetch/c_crop,g_face/w_150,h_195,g_north/https://laad.btl.gov.il/view_files/Nofel_Pic/043475/NP_043475_12.jpg
https://res.cloudinary.com/dpol0pyoo/image/fetch/c_crop,g_face/w_150,h_195,g_north/https://laad.btl.gov.il/view_files/Nofel_Pic/043476/NP_043476_12.jpg
https://res.cloudinary.com/dpol0pyoo/image/fetch/c_crop,g_face/w_150,h_195,g_north/https://res.cloudinary.com/dpol0pyoo/image/upload/v1772202749/idf_memorials/pid_319.webp
https://res.cloudinary.com/dpol0pyoo/image/fetch/c_crop,g_face/w_150,h_195,g_north/https://laad.btl.gov.il/view_files/Nofel_Pic/043520/NP_043520_10.jpg
https://res.cloudinary.com/dpol0pyoo/image/fetch/c_crop,g_face/w_150,h_195,g_north/https://laad.btl.gov.il/view_files/Nofel_Pic/043515/NP_043515_10.jpg
https://res.cloudinary.com/dpol0pyoo/image/fetch/c_crop,g_face/w_150,h_195,g_north/https://laad.btl.gov.il/view_files/Nofel_Pic/043518/NP_043518_10.jpg
https://res.cloudinary.com/dpol0pyoo/image/fetch/c_crop,g_face/w_150,h_195,g_north/https://res.cloudinary.com/dpol0pyoo/image/upload/v1772202753/idf_memorials/pid_323.webp
https://res.cloudinary.com/dpol0pyoo/image/fetch/c_crop,g_face/w_150,h_195,g_north/https://laad.btl.gov.il/view_files/Nofel_Pic/043517/NP_043517_10.jpg
https://res.cloudinary.com/dpol0pyoo/image/fetch/c_crop,g_face/w_150,h_195,g_north/https://laad.btl.gov.il/view_files/Nofel_Pic/043516/NP_043516_10.jpg
https://res.cloudinary.com/dpol0pyoo/image/fetch/c_crop,g_face/w_150,h_195,g_north/https://laad.btl.gov.il/view_files/Nofel_Pic/043503/NP_043503_10.jpg
https://res.cloudinary.com/dpol0pyoo/image/fetch/c_crop,g_face/w_150,h_195,g_north/https://res.cloudinary.com/dpol0pyoo/image/upload/v1772202757/idf_memorials/pid_327.webp
https://res.cloudinary.com/dpol0pyoo/image/fetch/c_crop,g_face/w_150,h_195,g_north/https://res.cloudinary.com/dpol0pyoo/image/upload/v1772202762/idf_memorials/pid_328.webp
https://res.cloudinary.com/dpol0pyoo/image/fetch/c_crop,g_face/w_150,h_195,g_north/https://res.cloudinary.com/dpol0pyoo/image/upload/v1772202767/idf_memorials/pid_329.webp
https://res.cloudinary.com/dpol0pyoo/image/fetch/c_crop,g_face/w_150,h_195,g_north/https://laad.btl.gov.il/view_files/Nofel_Pic/043509/NP_043509_10.jpg
https://res.cloudinary.com/dpol0pyoo/image/fetch/c_crop,g_face/w_150,h_195,g_north/https://laad.btl.gov.il/view_files/Nofel_Pic/043511/NP_043511_10.jpg
https://res.cloudinary.com/dpol0pyoo/image/fetch/c_crop,g_face/w_150,h_195,g_north/https://laad.btl.gov.il/view_files/Nofel_Pic/043510/NP_043510_10.jpg
https://res.cloudinary.com/dpol0pyoo/image/fetch/c_crop,g_face/w_150,h_195,g_north/https://laad.btl.gov.il/view_files/Nofel_Pic/043498/NP_043498_11.jpg
https://res.cloudinary.com/dpol0pyoo/image/fetch/c_crop,g_face/w_150,h_195,g_north/https://res.cloudinary.com/dpol0pyoo/image/upload/c_thumb,g_face,w_150,h_195/334.jpg
https://res.cloudinary.com/dpol0pyoo/image/fetch/c_crop,g_face/w_150,h_195,g_north/https://laad.btl.gov.il/view_files/Nofel_Pic/043521/NP_043521_11.jpg
https://res.cloudinary.com/dpol0pyoo/image/fetch/c_crop,g_face/w_150,h_195,g_north/https://laad.btl.gov.il/view_files/Nofel_Pic/043524/NP_043524_10.jpg
https://res.cloudinary.com/dpol0pyoo/image/fetch/c_crop,g_face/w_150,h_195,g_north/https://res.cloudinary.com/dpol0pyoo/image/upload/v1772202774/idf_memorials/pid_337.webp
https://res.cloudinary.com/dpol0pyoo/image/fetch/c_crop,g_face/w_150,h_195,g_north/https://res.cloudinary.com/dpol0pyoo/image/upload/c_thumb,g_face,w_150,h_195/338.jpg
https://res.cloudinary.com/dpol0pyoo/image/fetch/c_crop,g_face/w_150,h_195,g_north/https://laad.btl.gov.il/view_files/Nofel_Pic/043528/NP_043528_11.jpg
https://res.cloudinary.com/dpol0pyoo/image/fetch/c_crop,g_face/w_150,h_195,g_north/https://img.haarets.co.il/bs/0000018b-4ada-d1fd-a59f-efdb184a0001/70/be/ded9934a48278b88f4b56408812d/71034.jpg?precrop=786,786,x64,y487&width=168&height=130
https://res.cloudinary.com/dpol0pyoo/image/fetch/c_crop,g_face/w_150,h_195,g_north/https://assets-global.website-files.com/65467772df5823449b65067d/65467772df5823449b650a78_Siegel%20Samuel%20Keith.jpg
https://res.cloudinary.com/dpol0pyoo/image/fetch/c_crop,g_face/w_150,h_195,g_north/https://laad.btl.gov.il/view_files/Nofel_Pic/043505/NP_043505_10.jpg
https://res.cloudinary.com/dpol0pyoo/image/fetch/c_crop,g_face/w_150,h_195,g_north/https://laad.btl.gov.il/view_files/Nofel_Pic/043473/NP_043473_11.jpg
https://res.cloudinary.com/dpol0pyoo/image/fetch/c_crop,g_face/w_150,h_195,g_north/https://laad.btl.gov.il/view_files/Nofel_Pic/043481/NP_043481_10.jpg
https://res.cloudinary.com/dpol0pyoo/image/fetch/c_crop,g_face/w_150,h_195,g_north/https://laad.btl.gov.il/view_files/Nofel_Pic/043526/NP_043526_10.jpg
https://res.cloudinary.com/dpol0pyoo/image/fetch/c_crop,g_face/w_150,h_195,g_north/https://laad.btl.gov.il/view_files/Nofel_Pic/043525/NP_043525_10.jpg
https://res.cloudinary.com/dpol0pyoo/image/fetch/c_crop,g_face/w_150,h_195,g_north/https://laad.btl.gov.il/view_files/Nofel_Pic/043472/NP_043472_10.jpg
https://res.cloudinary.com/dpol0pyoo/image/fetch/c_crop,g_face/w_150,h_195,g_north/https://laad.btl.gov.il/view_files/Nofel_Pic/043522/NP_043522_10.jpg
https://res.cloudinary.com/dpol0pyoo/image/fetch/c_crop,g_face/w_150,h_195,g_north/https://laad.btl.gov.il/view_files/Nofel_Pic/043478/NP_043478_10.jpg
https://res.cloudinary.com/dpol0pyoo/image/fetch/c_crop,g_face/w_150,h_195,g_north/https://res.cloudinary.com/dpol0pyoo/image/upload/v1787996066/btl_memorials/pid_367.jpg
https://res.cloudinary.com/dpol0pyoo/image/fetch/c_crop,g_face/w_150,h_195,g_north/https://res.cloudinary.com/dpol0pyoo/image/upload/v1787996070/btl_memorials/pid_368.jpg
https://res.cloudinary.com/dpol0pyoo/image/fetch/c_crop,g_face/w_150,h_195,g_north/https://laad.btl.gov.il/view_files/Nofel_Pic/043494/NP_043494_10.jpg
https://res.cloudinary.com/dpol0pyoo/image/fetch/c_crop,g_face/w_150,h_195,g_north/https://res.cloudinary.com/dpol0pyoo/image/upload/c_thumb,g_face,w_150,h_195/370.jpg
https://res.cloudinary.com/dpol0pyoo/image/fetch/c_crop,g_face/w_150,h_195,g_north/https://laad.btl.gov.il/view_files/Nofel_Pic/043514/NP_043514_10.jpg
https://res.cloudinary.com/dpol0pyoo/image/fetch/c_crop,g_face/w_150,h_195,g_north/https://laad.btl.gov.il/view_files/Nofel_Pic/043499/NP_043499_10.jpg
https://res.cloudinary.com/dpol0pyoo/image/fetch/c_crop,g_face/w_150,h_195,g_north/https://laad.btl.gov.il/view_files/Nofel_Pic/043497/NP_043497_10.jpg
https://res.cloudinary.com/dpol0pyoo/image/fetch/c_crop,g_face/w_150,h_195,g_north/https://res.cloudinary.com/dpol0pyoo/image/upload/v1772202785/idf_memorials/pid_374.webp
https://res.cloudinary.com/dpol0pyoo/image/fetch/c_crop,g_face/w_150,h_195,g_north/https://laad.btl.gov.il/view_files/Nofel_Pic/043329/NP_043329_11.jpg
https://res.cloudinary.com/dpol0pyoo/image/fetch/c_crop,g_face/w_150,h_195,g_north/https://laad.btl.gov.il/view_files/Nofel_Pic/043337/NP_043337_11.jpg
https://res.cloudinary.com/dpol0pyoo/image/fetch/c_crop,g_face/w_150,h_195,g_north/https://laad.btl.gov.il/view_files/Nofel_Pic/043332/NP_043332_10.jpg
https://res.cloudinary.com/dpol0pyoo/image/fetch/c_crop,g_face/w_150,h_195,g_north/https://laad.btl.gov.il/view_files/Nofel_Pic/043331/NP_043331_10.jpg
https://res.cloudinary.com/dpol0pyoo/image/fetch/c_crop,g_face/w_150,h_195,g_north/https://res.cloudinary.com/dpol0pyoo/image/upload/v1772202789/idf_memorials/pid_380.webp
https://res.cloudinary.com/dpol0pyoo/image/fetch/c_crop,g_face/w_150,h_195,g_north/https://laad.btl.gov.il/view_files/Nofel_Pic/043330/NP_043330_10.jpg
https://res.cloudinary.com/dpol0pyoo/image/fetch/c_crop,g_face/w_150,h_195,g_north/https://res.cloudinary.com/dpol0pyoo/image/upload/v1772202794/idf_memorials/pid_382.webp
https://res.cloudinary.com/dpol0pyoo/image/fetch/c_crop,g_face/w_150,h_195,g_north/https://laad.btl.gov.il/view_files/Nofel_Pic/044077/NP_044077_10.jpg
https://res.cloudinary.com/dpol0pyoo/image/fetch/c_crop,g_face/w_150,h_195,g_north/https://res.cloudinary.com/dpol0pyoo/image/upload/c_thumb,g_face,w_150,h_195/392.jpg
https://res.cloudinary.com/dpol0pyoo/image/fetch/c_crop,g_face/w_150,h_195,g_north/https://laad.btl.gov.il/view_files/Nofel_Pic/043334/NP_043334_12.jpg
https://res.cloudinary.com/dpol0pyoo/image/fetch/c_crop,g_face/w_150,h_195,g_north/https://laad.btl.gov.il/view_files/Nofel_Pic/043335/NP_043335_12.jpg
https://res.cloudinary.com/dpol0pyoo/image/fetch/c_crop,g_face/w_150,h_195,g_north/https://laad.btl.gov.il/view_files/Nofel_Pic/043336/NP_043336_12.jpg
https://res.cloudinary.com/dpol0pyoo/image/fetch/c_crop,g_face/w_150,h_195,g_north/https://res.cloudinary.com/dpol0pyoo/image/upload/v1772202802/idf_memorials/pid_396.webp
https://res.cloudinary.com/dpol0pyoo/image/fetch/c_crop,g_face/w_150,h_195,g_north/https://res.cloudinary.com/dpol0pyoo/image/upload/c_thumb,g_face,w_150,h_195/397.jpg
https://res.cloudinary.com/dpol0pyoo/image/fetch/c_crop,g_face/w_150,h_195,g_north/https://res.cloudinary.com/dpol0pyoo/image/upload/v1772202809/idf_memorials/pid_399.webp
https://res.cloudinary.com/dpol0pyoo/image/fetch/c_crop,g_face/w_150,h_195,g_north/https://res.cloudinary.com/dpol0pyoo/image/upload/v1772202813/idf_memorials/pid_400.webp
https://res.cloudinary.com/dpol0pyoo/image/fetch/c_crop,g_face/w_150,h_195,g_north/https://res.cloudinary.com/dpol0pyoo/image/upload/v1772202818/idf_memorials/pid_401.webp
https://res.cloudinary.com/dpol0pyoo/image/fetch/c_crop,g_face/w_150,h_195,g_north/https://laad.btl.gov.il/view_files/Nofel_Pic/044160/NP_044160_10.jpg
https://res.cloudinary.com/dpol0pyoo/image/fetch/c_crop,g_face/w_150,h_195,g_north/https://res.cloudinary.com/dpol0pyoo/image/upload/v1772202822/idf_memorials/pid_403.webp
https://res.cloudinary.com/dpol0pyoo/image/fetch/c_crop,g_face/w_150,h_195,g_north/https://assets-global.website-files.com/652a57dd622571ba143495d5/652a93e8e3e8f97337881e31_Matan%20angrest%2C%2021.jpg
https://res.cloudinary.com/dpol0pyoo/image/fetch/c_crop,g_face/w_150,h_195,g_north/https://laad.btl.gov.il/view_files/Nofel_Pic/043535/NP_043535_10.jpg
https://res.cloudinary.com/dpol0pyoo/image/fetch/c_crop,g_face/w_150,h_195,g_north/https://laad.btl.gov.il/view_files/Nofel_Pic/043536/NP_043536_10.jpg
https://res.cloudinary.com/dpol0pyoo/image/fetch/c_crop,g_face/w_150,h_195,g_north/https://res.cloudinary.com/dpol0pyoo/image/upload/v1772202827/idf_memorials/pid_407.webp
https://res.cloudinary.com/dpol0pyoo/image/fetch/c_crop,g_face/w_150,h_195,g_north/https://laad.btl.gov.il/view_files/Nofel_Pic/043537/NP_043537_10.jpg
https://res.cloudinary.com/dpol0pyoo/image/fetch/c_crop,g_face/w_150,h_195,g_north/https://img.haarets.co.il/bs/0000018b-9016-db71-a7df-fddfb6000000/ab/e5/a41703d543c69c03022a0b0f3e87/90995.jpg?precrop=1139,1139,x1221,y35&width=168&height=130
https://res.cloudinary.com/dpol0pyoo/image/fetch/c_crop,g_face/w_150,h_195,g_north/https://laad.btl.gov.il/view_files/Nofel_Pic/043534/NP_043534_10.jpg
https://res.cloudinary.com/dpol0pyoo/image/fetch/c_crop,g_face/w_150,h_195,g_north/https://img.haarets.co.il/bs/0000018b-901d-d7a8-afcf-babf27d90001/38/03/280057cb413aad567b3c367bdd07/daphna.PNG?precrop=undefined,undefined,xundefined,yundefined&width=168&height=130
https://res.cloudinary.com/dpol0pyoo/image/fetch/c_crop,g_face/w_150,h_195,g_north/https://res.cloudinary.com/dpol0pyoo/image/upload/v1772202831/idf_memorials/pid_413.webp
https://res.cloudinary.com/dpol0pyoo/image/fetch/c_crop,g_face/w_150,h_195,g_north/https://res.cloudinary.com/dpol0pyoo/image/upload/v1772202836/idf_memorials/pid_414.jpg
https://res.cloudinary.com/dpol0pyoo/image/fetch/c_crop,g_face/w_150,h_195,g_north/https://img.haarets.co.il/bs/0000018b-4b0c-d5d2-afef-cffdc8fa0001/cd/70/415ec472482cb5e4ecc7a36a0e53/71199.jpg?precrop=973,973,x453,y480&width=168&height=130
https://res.cloudinary.com/dpol0pyoo/image/fetch/c_crop,g_face/w_150,h_195,g_north/https://res.cloudinary.com/dpol0pyoo/image/upload/v1772202840/idf_memorials/pid_416.webp
https://res.cloudinary.com/dpol0pyoo/image/fetch/c_crop,g_face/w_150,h_195,g_north/https://laad.btl.gov.il/view_files/Nofel_Pic/044265/NP_044265_10.jpg
https://res.cloudinary.com/dpol0pyoo/image/fetch/c_crop,g_face/w_150,h_195,g_north/https://res.cloudinary.com/dpol0pyoo/image/upload/v1772202844/idf_memorials/pid_418.webp
https://res.cloudinary.com/dpol0pyoo/image/fetch/c_crop,g_face/w_150,h_195,g_north/https://laad.btl.gov.il/view_files/Nofel_Pic/043542/NP_043542_10.jpg
https://res.cloudinary.com/dpol0pyoo/image/fetch/c_crop,g_face/w_150,h_195,g_north/https://res.cloudinary.com/dpol0pyoo/image/upload/c_thumb,g_face,w_150,h_195/420.jpg
https://res.cloudinary.com/dpol0pyoo/image/fetch/c_crop,g_face/w_150,h_195,g_north/https://img.mako.co.il//2023/11/05/OmriMiren.jpg
https://res.cloudinary.com/dpol0pyoo/image/fetch/c_crop,g_face/w_150,h_195,g_north/https://res.cloudinary.com/dpol0pyoo/image/upload/v1772202852/idf_memorials/pid_422.webp
https://res.cloudinary.com/dpol0pyoo/image/fetch/c_crop,g_face/w_150,h_195,g_north/https://res.cloudinary.com/dpol0pyoo/image/upload/v1772202857/idf_memorials/pid_423.webp
https://res.cloudinary.com/dpol0pyoo/image/fetch/c_crop,g_face/w_150,h_195,g_north/https://img.haarets.co.il/bs/0000018b-4e18-dc3c-a5df-deb8f13e0001/dd/bc/3fa5bf494799be3a2d2e0a8fe63d/raanan.jpg?precrop=266,266,x388,y14&width=168&height=130
https://res.cloudinary.com/dpol0pyoo/image/fetch/c_crop,g_face/w_150,h_195,g_north/https://img.haarets.co.il/bs/0000018b-6224-d387-a7db-f7fe9bd90000/ab/f5/9f2b7a414c67b096dff3cf5a7298/bari-shel.JPG?precrop=undefined,undefined,xundefined,yundefined&width=168&height=130
https://res.cloudinary.com/dpol0pyoo/image/fetch/c_crop,g_face/w_150,h_195,g_north/https://laad.btl.gov.il/view_files/Nofel_Pic/043546/NP_043546_11.jpg
https://res.cloudinary.com/dpol0pyoo/image/fetch/c_crop,g_face/w_150,h_195,g_north/https://res.cloudinary.com/dpol0pyoo/image/upload/v1772202861/idf_memorials/pid_428.webp
https://res.cloudinary.com/dpol0pyoo/image/fetch/c_crop,g_face/w_150,h_195,g_north/https://res.cloudinary.com/dpol0pyoo/image/upload/c_thumb,g_face,w_150,h_195/429.jpg
https://res.cloudinary.com/dpol0pyoo/image/fetch/c_crop,g_face/w_150,h_195,g_north/https://laad.btl.gov.il/view_files/Nofel_Pic/043543/NP_043543_11.jpg
https://res.cloudinary.com/dpol0pyoo/image/fetch/c_crop,g_face/w_150,h_195,g_north/https://laad.btl.gov.il/view_files/Nofel_Pic/043540/NP_043540_11.jpg
https://res.cloudinary.com/dpol0pyoo/image/fetch/c_crop,g_face/w_150,h_195,g_north/https://laad.btl.gov.il/view_files/Nofel_Pic/043541/NP_043541_11.jpg
https://res.cloudinary.com/dpol0pyoo/image/fetch/c_crop,g_face/w_150,h_195,g_north/https://laad.btl.gov.il/view_files/Nofel_Pic/043538/NP_043538_11.jpg
https://res.cloudinary.com/dpol0pyoo/image/fetch/c_crop,g_face/w_150,h_195,g_north/https://laad.btl.gov.il/view_files/Nofel_Pic/043539/NP_043539_10.jpg
https://res.cloudinary.com/dpol0pyoo/image/fetch/c_crop,g_face/w_150,h_195,g_north/https://res.cloudinary.com/dpol0pyoo/image/upload/v1772202869/idf_memorials/pid_459.webp
https://res.cloudinary.com/dpol0pyoo/image/fetch/c_crop,g_face/w_150,h_195,g_north/https://img.haarets.co.il/bs/0000018b-575b-d473-a5fb-77dbade90000/74/b2/10c5a2e14d02b78f5e1c62121cd3/91006.jpg?precrop=undefined,undefined,xundefined,yundefined&width=168&height=130
https://res.cloudinary.com/dpol0pyoo/image/fetch/c_crop,g_face/w_150,h_195,g_north/https://res.cloudinary.com/dpol0pyoo/image/upload/v1772202873/idf_memorials/pid_461.webp
https://res.cloudinary.com/dpol0pyoo/image/fetch/c_crop,g_face/w_150,h_195,g_north/https://img.haarets.co.il/bs/0000018b-9021-db7e-af9b-fbe3191a0000/dd/8f/dff22a7041e0a3d7ed641d7a0f2c/12890.jpg?precrop=undefined,undefined,xundefined,yundefined&width=168&height=130
https://res.cloudinary.com/dpol0pyoo/image/fetch/c_crop,g_face/w_150,h_195,g_north/https://res.cloudinary.com/dpol0pyoo/image/upload/c_thumb,g_face,w_150,h_195/463.jpg
https://res.cloudinary.com/dpol0pyoo/image/fetch/c_crop,g_face/w_150,h_195,g_north/https://res.cloudinary.com/dpol0pyoo/image/upload/c_thumb,g_face,w_150,h_195/464.jpg
https://res.cloudinary.com/dpol0pyoo/image/fetch/c_crop,g_face/w_150,h_195,g_north/https://res.cloudinary.com/dpol0pyoo/image/upload/c_thumb,g_face,w_150,h_195/465.jpg
https://res.cloudinary.com/dpol0pyoo/image/fetch/c_crop,g_face/w_150,h_195,g_north/https://res.cloudinary.com/dpol0pyoo/image/upload/v1772202887/idf_memorials/pid_466.webp
https://res.cloudinary.com/dpol0pyoo/image/fetch/c_crop,g_face/w_150,h_195,g_north/https://res.cloudinary.com/dpol0pyoo/image/upload/v1772202891/idf_memorials/pid_467.webp
https://res.cloudinary.com/dpol0pyoo/image/fetch/c_crop,g_face/w_150,h_195,g_north/https://res.cloudinary.com/dpol0pyoo/image/upload/v1772202895/idf_memorials/pid_469.jpg
https://res.cloudinary.com/dpol0pyoo/image/fetch/c_crop,g_face/w_150,h_195,g_north/https://res.cloudinary.com/dpol0pyoo/image/upload/v1772202899/idf_memorials/pid_470.webp
https://res.cloudinary.com/dpol0pyoo/image/fetch/c_crop,g_face/w_150,h_195,g_north/https://img.mako.co.il//2023/11/05/AgamBerger.jpg
https://res.cloudinary.com/dpol0pyoo/image/fetch/c_crop,g_face/w_150,h_195,g_north/https://res.cloudinary.com/dpol0pyoo/image/upload/v1772202904/idf_memorials/pid_472.jpg
https://res.cloudinary.com/dpol0pyoo/image/fetch/c_crop,g_face/w_150,h_195,g_north/https://res.cloudinary.com/dpol0pyoo/image/upload/v1772202908/idf_memorials/pid_473.jpg
https://res.cloudinary.com/dpol0pyoo/image/fetch/c_crop,g_face/w_150,h_195,g_north/https://res.cloudinary.com/dpol0pyoo/image/upload/v1772202912/idf_memorials/pid_474.webp
https://res.cloudinary.com/dpol0pyoo/image/fetch/c_crop,g_face/w_150,h_195,g_north/https://res.cloudinary.com/dpol0pyoo/image/upload/c_thumb,g_face,w_150,h_195/475.jpg
https://res.cloudinary.com/dpol0pyoo/image/fetch/c_crop,g_face/w_150,h_195,g_north/https://res.cloudinary.com/dpol0pyoo/image/upload/v1772202919/idf_memorials/pid_476.jpg
https://res.cloudinary.com/dpol0pyoo/image/fetch/c_crop,g_face/w_150,h_195,g_north/https://res.cloudinary.com/dpol0pyoo/image/upload/v1772202924/idf_memorials/pid_477.jpg
https://res.cloudinary.com/dpol0pyoo/image/fetch/c_crop,g_face/w_150,h_195,g_north/https://res.cloudinary.com/dpol0pyoo/image/upload/v1772202928/idf_memorials/pid_478.webp
https://res.cloudinary.com/dpol0pyoo/image/fetch/c_crop,g_face/w_150,h_195,g_north/https://res.cloudinary.com/dpol0pyoo/image/upload/v1772202932/idf_memorials/pid_479.jpg
https://res.cloudinary.com/dpol0pyoo/image/fetch/c_crop,g_face/w_150,h_195,g_north/https://res.cloudinary.com/dpol0pyoo/image/upload/v1772202936/idf_memorials/pid_480.webp
https://res.cloudinary.com/dpol0pyoo/image/fetch/c_crop,g_face/w_150,h_195,g_north/https://res.cloudinary.com/dpol0pyoo/image/upload/v1772202940/idf_memorials/pid_481.jpg
https://res.cloudinary.com/dpol0pyoo/image/fetch/c_crop,g_face/w_150,h_195,g_north/https://res.cloudinary.com/dpol0pyoo/image/upload/v1772202944/idf_memorials/pid_482.webp
https://res.cloudinary.com/dpol0pyoo/image/fetch/c_crop,g_face/w_150,h_195,g_north/https://res.cloudinary.com/dpol0pyoo/image/upload/v1772202948/idf_memorials/pid_483.webp
https://res.cloudinary.com/dpol0pyoo/image/fetch/c_crop,g_face/w_150,h_195,g_north/https://res.cloudinary.com/dpol0pyoo/image/upload/v1772202952/idf_memorials/pid_484.webp
https://res.cloudinary.com/dpol0pyoo/image/fetch/c_crop,g_face/w_150,h_195,g_north/https://res.cloudinary.com/dpol0pyoo/image/upload/v1772202956/idf_memorials/pid_485.webp
https://res.cloudinary.com/dpol0pyoo/image/fetch/c_crop,g_face/w_150,h_195,g_north/https://res.cloudinary.com/dpol0pyoo/image/upload/c_thumb,g_face,w_150,h_195/486.jpg
https://res.cloudinary.com/dpol0pyoo/image/fetch/c_crop,g_face/w_150,h_195,g_north/https://res.cloudinary.com/dpol0pyoo/image/upload/c_thumb,g_face,w_150,h_195/487.jpg
https://res.cloudinary.com/dpol0pyoo/image/fetch/c_crop,g_face/w_150,h_195,g_north/https://res.cloudinary.com/dpol0pyoo/image/upload/v1772202968/idf_memorials/pid_488.webp
https://res.cloudinary.com/dpol0pyoo/image/fetch/c_crop,g_face/w_150,h_195,g_north/https://res.cloudinary.com/dpol0pyoo/image/upload/c_thumb,g_face,w_150,h_195/489.jpg
https://res.cloudinary.com/dpol0pyoo/image/fetch/c_crop,g_face/w_150,h_195,g_north/https://res.cloudinary.com/dpol0pyoo/image/upload/v1772202975/idf_memorials/pid_490.webp
https://res.cloudinary.com/dpol0pyoo/image/fetch/c_crop,g_face/w_150,h_195,g_north/https://res.cloudinary.com/dpol0pyoo/image/upload/v1772202979/idf_memorials/pid_491.webp
https://res.cloudinary.com/dpol0pyoo/image/fetch/c_crop,g_face/w_150,h_195,g_north/https://res.cloudinary.com/dpol0pyoo/image/upload/492
https://res.cloudinary.com/dpol0pyoo/image/fetch/c_crop,g_face/w_150,h_195,g_north/https://res.cloudinary.com/dpol0pyoo/image/upload/v1772202987/idf_memorials/pid_493.webp
https://res.cloudinary.com/dpol0pyoo/image/fetch/c_crop,g_face/w_150,h_195,g_north/https://res.cloudinary.com/dpol0pyoo/image/upload/v1772202991/idf_memorials/pid_494.webp
https://res.cloudinary.com/dpol0pyoo/image/fetch/c_crop,g_face/w_150,h_195,g_north/https://res.cloudinary.com/dpol0pyoo/image/upload/v1772203001/idf_memorials/pid_495.webp
https://res.cloudinary.com/dpol0pyoo/image/fetch/c_crop,g_face/w_150,h_195,g_north/https://res.cloudinary.com/dpol0pyoo/image/upload/v1772754562/496_uoipbx.png
https://res.cloudinary.com/dpol0pyoo/image/fetch/c_crop,g_face/w_150,h_195,g_north/https://laad.btl.gov.il/view_files/Nofel_Pic/043345/NP_043345_11.jpg
https://res.cloudinary.com/dpol0pyoo/image/fetch/c_crop,g_face/w_150,h_195,g_north/https://laad.btl.gov.il/view_files/Nofel_Pic/043347/NP_043347_11.jpg
https://res.cloudinary.com/dpol0pyoo/image/fetch/c_crop,g_face/w_150,h_195,g_north/https://laad.btl.gov.il/view_files/Nofel_Pic/043346/NP_043346_11.jpg
https://res.cloudinary.com/dpol0pyoo/image/fetch/c_crop,g_face/w_150,h_195,g_north/https://laad.btl.gov.il/view_files/Nofel_Pic/043348/NP_043348_11.jpg
https://res.cloudinary.com/dpol0pyoo/image/fetch/c_crop,g_face/w_150,h_195,g_north/https://laad.btl.gov.il/view_files/Nofel_Pic/043292/NP_043292_10.jpg
https://res.cloudinary.com/dpol0pyoo/image/fetch/c_crop,g_face/w_150,h_195,g_north/https://laad.btl.gov.il/view_files/Nofel_Pic/043293/NP_043293_10.jpg
https://res.cloudinary.com/dpol0pyoo/image/fetch/c_crop,g_face/w_150,h_195,g_north/https://laad.btl.gov.il/view_files/Nofel_Pic/043294/NP_043294_10.jpg
https://res.cloudinary.com/dpol0pyoo/image/fetch/c_crop,g_face/w_150,h_195,g_north/https://laad.btl.gov.il/view_files/Nofel_Pic/043290/NP_043290_11.jpg
https://res.cloudinary.com/dpol0pyoo/image/fetch/c_crop,g_face/w_150,h_195,g_north/https://res.cloudinary.com/dpol0pyoo/image/upload/v1772203008/idf_memorials/pid_505.webp
https://res.cloudinary.com/dpol0pyoo/image/fetch/c_crop,g_face/w_150,h_195,g_north/https://laad.btl.gov.il/view_files/Nofel_Pic/043291/NP_043291_10.jpg
https://res.cloudinary.com/dpol0pyoo/image/fetch/c_crop,g_face/w_150,h_195,g_north/https://laad.btl.gov.il/view_files/Nofel_Pic/043295/NP_043295_10.jpg
https://res.cloudinary.com/dpol0pyoo/image/fetch/c_crop,g_face/w_150,h_195,g_north/https://laad.btl.gov.il/view_files/Nofel_Pic/043343/NP_043343_10.jpg
https://res.cloudinary.com/dpol0pyoo/image/fetch/c_crop,g_face/w_150,h_195,g_north/https://laad.btl.gov.il/view_files/Nofel_Pic/043298/NP_043298_10.jpg
https://res.cloudinary.com/dpol0pyoo/image/fetch/c_crop,g_face/w_150,h_195,g_north/https://laad.btl.gov.il/view_files/Nofel_Pic/043299/NP_043299_10.jpg
https://res.cloudinary.com/dpol0pyoo/image/fetch/c_crop,g_face/w_150,h_195,g_north/https://laad.btl.gov.il/view_files/Nofel_Pic/043297/NP_043297_10.jpg
https://res.cloudinary.com/dpol0pyoo/image/fetch/c_crop,g_face/w_150,h_195,g_north/https://res.cloudinary.com/dpol0pyoo/image/upload/v1772203012/idf_memorials/pid_513.webp
https://res.cloudinary.com/dpol0pyoo/image/fetch/c_crop,g_face/w_150,h_195,g_north/https://laad.btl.gov.il/view_files/Nofel_Pic/043303/NP_043303_10.jpg
https://res.cloudinary.com/dpol0pyoo/image/fetch/c_crop,g_face/w_150,h_195,g_north/https://laad.btl.gov.il/view_files/Nofel_Pic/043327/NP_043327_10.jpg
https://res.cloudinary.com/dpol0pyoo/image/fetch/c_crop,g_face/w_150,h_195,g_north/https://laad.btl.gov.il/view_files/Nofel_Pic/043418/NP_043418_10.jpg
https://res.cloudinary.com/dpol0pyoo/image/fetch/c_crop,g_face/w_150,h_195,g_north/https://laad.btl.gov.il/view_files/Nofel_Pic/043365/NP_043365_10.jpg
https://res.cloudinary.com/dpol0pyoo/image/fetch/c_crop,g_face/w_150,h_195,g_north/https://res.cloudinary.com/dpol0pyoo/image/upload/v1772203017/idf_memorials/pid_529.webp
https://res.cloudinary.com/dpol0pyoo/image/fetch/c_crop,g_face/w_150,h_195,g_north/https://laad.btl.gov.il/view_files/Nofel_Pic/043302/NP_043302_10.jpg
https://res.cloudinary.com/dpol0pyoo/image/fetch/c_crop,g_face/w_150,h_195,g_north/https://laad.btl.gov.il/view_files/Nofel_Pic/043289/NP_043289_10.jpg
https://res.cloudinary.com/dpol0pyoo/image/fetch/c_crop,g_face/w_150,h_195,g_north/https://laad.btl.gov.il/view_files/Nofel_Pic/043304/NP_043304_10.jpg
https://res.cloudinary.com/dpol0pyoo/image/fetch/c_crop,g_face/w_150,h_195,g_north/https://laad.btl.gov.il/view_files/Nofel_Pic/043305/NP_043305_10.jpg
https://res.cloudinary.com/dpol0pyoo/image/fetch/c_crop,g_face/w_150,h_195,g_north/https://res.cloudinary.com/dpol0pyoo/image/upload/v1772203021/idf_memorials/pid_535.webp
https://res.cloudinary.com/dpol0pyoo/image/fetch/c_crop,g_face/w_150,h_195,g_north/https://res.cloudinary.com/dpol0pyoo/image/upload/v1772208034/police_memorials/pid_536.jpg
https://res.cloudinary.com/dpol0pyoo/image/fetch/c_crop,g_face/w_150,h_195,g_north/https://images.ctfassets.net/tyagww523muq/4VRETiis1CIhvMkhyLOkro/0082663708966f9027c9ff86841e900e/PHOTO-2023-10-09-19-02-40-52-.jpg?w=585&q=70
https://res.cloudinary.com/dpol0pyoo/image/fetch/c_crop,g_face/w_150,h_195,g_north/https://res.cloudinary.com/dpol0pyoo/image/upload/v1772203025/idf_memorials/pid_538.webp
https://res.cloudinary.com/dpol0pyoo/image/fetch/c_crop,g_face/w_150,h_195,g_north/https://img.haarets.co.il/bs/0000018b-4abe-d5d2-afef-ceffac340001/f9/67/9f6cf3274b689ecdd4b487fc7f1b/71111.jpg?precrop=2054,2054,x73,y93&width=168&height=130
https://res.cloudinary.com/dpol0pyoo/image/fetch/c_crop,g_face/w_150,h_195,g_north/https://img.haarets.co.il/bs/0000018b-6165-d8e2-a1eb-e3775ad60001/38/ce/b2456cfd4cfca592d67d3d1ac1d4/daniel.JPG?precrop=412,412,x0,y0&width=168&height=130
https://res.cloudinary.com/dpol0pyoo/image/fetch/c_crop,g_face/w_150,h_195,g_north/https://img.haarets.co.il/bs/0000018b-6164-d307-adbb-657ccf3a0001/16/b1/fec1df03413f9299a10f1cf0c439/emilia.JPG?precrop=416,416,x0,y0&width=168&height=130
https://res.cloudinary.com/dpol0pyoo/image/fetch/c_crop,g_face/w_150,h_195,g_north/https://img.haarets.co.il/bs/0000018b-6179-d307-adbb-65796d4c0001/fc/ed/6b4c6cff4fcfad8631c10b16b541/mika.jpg?precrop=631,631,x100,y0&width=168&height=130
https://res.cloudinary.com/dpol0pyoo/image/fetch/c_crop,g_face/w_150,h_195,g_north/https://laad.btl.gov.il/view_files/Nofel_Pic/044086/NP_044086_10.jpg
https://res.cloudinary.com/dpol0pyoo/image/fetch/c_crop,g_face/w_150,h_195,g_north/https://img.haarets.co.il/bs/0000018b-617a-d307-adbb-657a0c7b0001/60/73/5561865f40a28eaae4938159b08f/yuval.jpg?precrop=516,516,x11,y0&width=168&height=130
https://res.cloudinary.com/dpol0pyoo/image/fetch/c_crop,g_face/w_150,h_195,g_north/https://images2.corriereobjects.it/infografiche/2023/11/ostaggi-hamas/img/Karina-Engelbert.jpg
https://res.cloudinary.com/dpol0pyoo/image/fetch/c_crop,g_face/w_150,h_195,g_north/https://res.cloudinary.com/dpol0pyoo/image/upload/v1772203030/idf_memorials/pid_546.jpg
https://res.cloudinary.com/dpol0pyoo/image/fetch/c_crop,g_face/w_150,h_195,g_north/https://assets-global.website-files.com/652a57dd622571ba143495d5/652a8807222a1e9f8b57f1d1_Atzili%20Liat%2C%2049.jpg
https://res.cloudinary.com/dpol0pyoo/image/fetch/c_crop,g_face/w_150,h_195,g_north/https://img.haarets.co.il/bs/0000018b-7f50-d1da-a1bb-7ff850140001/65/20/7cfeb9d94d96983a5ebeefbf754d/alma.JPG?precrop=178,178,x0,y0&width=168&height=130
https://res.cloudinary.com/dpol0pyoo/image/fetch/c_crop,g_face/w_150,h_195,g_north/https://laad.btl.gov.il/view_files/Nofel_Pic/043548/NP_043548_10.jpg
https://res.cloudinary.com/dpol0pyoo/image/fetch/c_crop,g_face/w_150,h_195,g_north/https://laad.btl.gov.il/view_files/Nofel_Pic/043549/NP_043549_10.jpg
https://res.cloudinary.com/dpol0pyoo/image/fetch/c_crop,g_face/w_150,h_195,g_north/https://laad.btl.gov.il/view_files/Nofel_Pic/044260/NP_044260_10.jpg
https://res.cloudinary.com/dpol0pyoo/image/fetch/c_crop,g_face/w_150,h_195,g_north/https://laad.btl.gov.il/view_files/Nofel_Pic/044261/NP_044261_10.jpg
https://res.cloudinary.com/dpol0pyoo/image/fetch/c_crop,g_face/w_150,h_195,g_north/https://laad.btl.gov.il/view_files/Nofel_Pic/044259/NP_044259_10.jpg
https://res.cloudinary.com/dpol0pyoo/image/fetch/c_crop,g_face/w_150,h_195,g_north/https://img.haarets.co.il/bs/0000018b-609e-d307-adbb-65be2f8f0001/df/3a/a129ecca48c0b89b2f3372bb231d/yarden.jpg?precrop=undefined,undefined,xundefined,yundefined&width=168&height=130
https://res.cloudinary.com/dpol0pyoo/image/fetch/c_crop,g_face/w_150,h_195,g_north/https://img.haarets.co.il/bs/0000018b-7f7c-d4ba-a3ab-7ffdcfee0001/fd/42/e820c2a642b6877a1181727cb7c7/sapir.JPG?precrop=undefined,undefined,xundefined,yundefined&width=168&height=130
https://res.cloudinary.com/dpol0pyoo/image/fetch/c_crop,g_face/w_150,h_195,g_north/https://laad.btl.gov.il/view_files/Nofel_Pic/044168/NP_044168_10.jpg
https://res.cloudinary.com/dpol0pyoo/image/fetch/c_crop,g_face/w_150,h_195,g_north/https://img.haarets.co.il/bs/0000018b-5e0c-d307-adbb-7f3c533f0001/8a/41/ced52c9a45738c1f1935945b7797/89320-4-2-2.jpg?precrop=811,811,x150,y29&width=168&height=130
https://res.cloudinary.com/dpol0pyoo/image/fetch/c_crop,g_face/w_150,h_195,g_north/https://laad.btl.gov.il/view_files/Nofel_Pic/043553/NP_043553_10.jpg
https://res.cloudinary.com/dpol0pyoo/image/fetch/c_crop,g_face/w_150,h_195,g_north/https://laad.btl.gov.il/view_files/Nofel_Pic/043552/NP_043552_10.jpg
https://res.cloudinary.com/dpol0pyoo/image/fetch/c_crop,g_face/w_150,h_195,g_north/https://laad.btl.gov.il/view_files/Nofel_Pic/044178/NP_044178_10.jpg
https://res.cloudinary.com/dpol0pyoo/image/fetch/c_crop,g_face/w_150,h_195,g_north/https://assets-global.website-files.com/65467772df5823449b65067d/65467772df5823449b650a97_Sagui%20Dekel%20Chen%2C%2035.jpg
https://res.cloudinary.com/dpol0pyoo/image/fetch/c_crop,g_face/w_150,h_195,g_north/https://res.cloudinary.com/dpol0pyoo/image/upload/v1772203034/idf_memorials/pid_562.webp
https://res.cloudinary.com/dpol0pyoo/image/fetch/c_crop,g_face/w_150,h_195,g_north/https://laad.btl.gov.il/view_files/Nofel_Pic/043554/NP_043554_10.jpg
https://res.cloudinary.com/dpol0pyoo/image/fetch/c_crop,g_face/w_150,h_195,g_north/https://laad.btl.gov.il/view_files/Nofel_Pic/044263/NP_044263_10.jpg
https://res.cloudinary.com/dpol0pyoo/image/fetch/c_crop,g_face/w_150,h_195,g_north/https://laad.btl.gov.il/view_files/Nofel_Pic/044083/NP_044083_10.jpg
https://res.cloudinary.com/dpol0pyoo/image/fetch/c_crop,g_face/w_150,h_195,g_north/https://laad.btl.gov.il/view_files/Nofel_Pic/043565/NP_043565_10.jpg
https://res.cloudinary.com/dpol0pyoo/image/fetch/c_crop,g_face/w_150,h_195,g_north/https://laad.btl.gov.il/view_files/Nofel_Pic/044123/NP_044123_12.jpg
https://res.cloudinary.com/dpol0pyoo/image/fetch/c_crop,g_face/w_150,h_195,g_north/https://laad.btl.gov.il/view_files/Nofel_Pic/043550/NP_043550_10.jpg
https://res.cloudinary.com/dpol0pyoo/image/fetch/c_crop,g_face/w_150,h_195,g_north/https://laad.btl.gov.il/view_files/Nofel_Pic/044085/NP_044085_10.jpg
https://res.cloudinary.com/dpol0pyoo/image/fetch/c_crop,g_face/w_150,h_195,g_north/https://assets-global.website-files.com/652a57dd622571ba143495d5/652a8b35422fddacbf7cf93d_Goren%20Shani%2C%2029.jpg
https://res.cloudinary.com/dpol0pyoo/image/fetch/c_crop,g_face/w_150,h_195,g_north/https://img.haarets.co.il/bs/0000018b-57a0-d8e2-a1eb-f7b661970002/53/49/40534d4f4fd6bb2c6c046f713233/ilana.JPG?precrop=undefined,undefined,xundefined,yundefined&width=168&height=130
https://res.cloudinary.com/dpol0pyoo/image/fetch/c_crop,g_face/w_150,h_195,g_north/https://img.haarets.co.il/bs/0000018b-4ad5-d199-a7eb-dfdfaa050001/d7/78/8b90fc8841cbae6328ba973d8111/71018.jpg?precrop=947,946,x224,y0&width=168&height=130
https://res.cloudinary.com/dpol0pyoo/image/fetch/c_crop,g_face/w_150,h_195,g_north/https://img.haarets.co.il/bs/0000018b-62c9-d230-a1bf-6bf990ff0001/2a/1c/8dc93ac54d89a23317dd5618aad8/eitanhorn2.JPG?precrop=635,635,x0,y20&width=168&height=130
https://res.cloudinary.com/dpol0pyoo/image/fetch/c_crop,g_face/w_150,h_195,g_north/https://img.haarets.co.il/bs/0000018b-62cb-d230-a1bf-6bfb92a10001/31/72/f146c72f440b9151ecfaf70afd49/yair-horn.JPG?precrop=undefined,undefined,xundefined,yundefined&width=168&height=130
https://res.cloudinary.com/dpol0pyoo/image/fetch/c_crop,g_face/w_150,h_195,g_north/https://img.haarets.co.il/bs/0000018b-814d-df47-a3df-ff4d948e0000/b9/8d/da0959c448c5a6c2a851df27595a/70859.jpg?precrop=403,403,x949,y528&width=168&height=130
https://res.cloudinary.com/dpol0pyoo/image/fetch/c_crop,g_face/w_150,h_195,g_north/https://www.fokus-jerusalem.tv/wp-content/uploads/2024/02/ofer-kalderon-titelbild-360x200.jpg
https://res.cloudinary.com/dpol0pyoo/image/fetch/c_crop,g_face/w_150,h_195,g_north/https://img.haarets.co.il/bs/0000018b-4aae-d199-a7eb-dffe9e7c0001/2c/6e/66c030f84e5aba80e62fe2522617/70859-3.jpg?precrop=352,351,x470,y493&width=168&height=130
https://res.cloudinary.com/dpol0pyoo/image/fetch/c_crop,g_face/w_150,h_195,g_north/https://img.haarets.co.il/bs/0000018b-65ff-d473-a5fb-65ff82350000/2b/5d/5bb06fb6475fab07bc7ef3a8c2d3/00458.jpg?precrop=823,823,x982,y75&width=168&height=130
https://res.cloudinary.com/dpol0pyoo/image/fetch/c_crop,g_face/w_150,h_195,g_north/https://img.haarets.co.il/bs/0000018b-901e-db71-a7df-fddfbd510000/c4/41/09f2b75f4dfe8fddd28324a4fe81/00465.jpg?precrop=1351,1350,x384,y0&width=168&height=130
https://res.cloudinary.com/dpol0pyoo/image/fetch/c_crop,g_face/w_150,h_195,g_north/https://img.haarets.co.il/bs/0000018b-60ca-d2b2-addf-66fa42350001/78/a3/47058d6c442fba9375d015a99397/raz.jpg?precrop=204,204,x171,y0&width=168&height=130
https://res.cloudinary.com/dpol0pyoo/image/fetch/c_crop,g_face/w_150,h_195,g_north/https://laad.btl.gov.il/view_files/Nofel_Pic/043557/NP_043557_10.jpg
https://res.cloudinary.com/dpol0pyoo/image/fetch/c_crop,g_face/w_150,h_195,g_north/https://laad.btl.gov.il/view_files/Nofel_Pic/043571/NP_043571_10.jpg
https://res.cloudinary.com/dpol0pyoo/image/fetch/c_crop,g_face/w_150,h_195,g_north/https://laad.btl.gov.il/view_files/Nofel_Pic/044148/NP_044148_10.jpg
https://res.cloudinary.com/dpol0pyoo/image/fetch/c_crop,g_face/w_150,h_195,g_north/https://img.haarets.co.il/bs/0000018b-618a-d8e2-a1eb-e39e20410000/98/04/d29e928d4d9cb7335e1ec437a806/00448.jpg?precrop=undefined,undefined,xundefined,yundefined&width=168&height=130
https://res.cloudinary.com/dpol0pyoo/image/fetch/c_crop,g_face/w_150,h_195,g_north/https://assets-global.website-files.com/652a57dd622571ba143495d5/652a92c1675e9e3c3464da88_Konio%20Ariel%2C%2026.jpg
https://res.cloudinary.com/dpol0pyoo/image/fetch/c_crop,g_face/w_150,h_195,g_north/https://img.haarets.co.il/bs/0000018b-5d66-d307-adbb-7d7e7fb60001/47/59/b31619a34815bcc16d949e031feb/david-konio.jpg?precrop=314,314,x166,y27&width=168&height=130
https://res.cloudinary.com/dpol0pyoo/image/fetch/c_crop,g_face/w_150,h_195,g_north/https://img.haarets.co.il/bs/0000018b-5d6f-d8e2-a1eb-ff7fd3ee0001/bb/da/2c21eaf94286bd71273f4cd7bfa6/ema-konio.jpg?precrop=346,346,x155,y4&width=168&height=130
https://res.cloudinary.com/dpol0pyoo/image/fetch/c_crop,g_face/w_150,h_195,g_north/https://img.haarets.co.il/bs/0000018b-5d6a-d473-a5fb-7debb7e90001/c2/e9/64ddaf6b47d390b354610cfc0b9b/sharon-konio.JPG?precrop=179,179,x0,y50&width=168&height=130
https://res.cloudinary.com/dpol0pyoo/image/fetch/c_crop,g_face/w_150,h_195,g_north/https://img.haarets.co.il/bs/0000018b-5d73-d2b2-addf-7f7b45060001/15/61/3093d8bf464f95610156b9fdb796/yuli-konio.jpg?precrop=290,290,x183,y58&width=168&height=130
https://res.cloudinary.com/dpol0pyoo/image/fetch/c_crop,g_face/w_150,h_195,g_north/https://laad.btl.gov.il/view_files/Nofel_Pic/044262/NP_044262_10.jpg
https://res.cloudinary.com/dpol0pyoo/image/fetch/c_crop,g_face/w_150,h_195,g_north/https://img.haarets.co.il/bs/0000018b-5e0b-d8e2-a1eb-ff1f86c30001/60/21/8b6b61274325a39fb931be16c39b/387756550-10159064595405793-33976346888915592-n-2-2.jpg?precrop=1861,1861,x0,y0&width=168&height=130
https://res.cloudinary.com/dpol0pyoo/image/fetch/c_crop,g_face/w_150,h_195,g_north/https://img.haarets.co.il/bs/0000018b-60f2-d473-a5fb-64fbd1360001/3d/2f/a3276c864cb39d51f20b4c2c77e0/nili.JPG?precrop=undefined,undefined,xundefined,yundefined&width=168&height=130
https://res.cloudinary.com/dpol0pyoo/image/fetch/c_crop,g_face/w_150,h_195,g_north/https://img.haarets.co.il/bs/0000018b-583c-d473-a5fb-7cfd617f0001/a2/f5/980b10ca4b5ea1388951722f672f/tamar.png?precrop=233,233,x20,y0&width=168&height=130
https://res.cloudinary.com/dpol0pyoo/image/fetch/c_crop,g_face/w_150,h_195,g_north/https://laad.btl.gov.il/view_files/Nofel_Pic/044166/NP_044166_10.jpg
https://res.cloudinary.com/dpol0pyoo/image/fetch/c_crop,g_face/w_150,h_195,g_north/https://laad.btl.gov.il/view_files/Nofel_Pic/043630/NP_043630_10.jpg
https://res.cloudinary.com/dpol0pyoo/image/fetch/c_crop,g_face/w_150,h_195,g_north/https://img.haarets.co.il/bs/0000018b-4b10-dc3c-a5df-dfb818550001/97/81/82b788524c12874e0d3849eddcd0/23296-3.jpg?precrop=920,920,x908,y246&width=168&height=130
https://res.cloudinary.com/dpol0pyoo/image/fetch/c_crop,g_face/w_150,h_195,g_north/https://img.haarets.co.il/bs/0000018b-7f49-d4ba-a3ab-7fcdf6e90001/d0/be/e77dc7be423cae038dce5f2f4562/gadi.JPG?precrop=undefined,undefined,xundefined,yundefined&width=168&height=130
https://res.cloudinary.com/dpol0pyoo/image/fetch/c_crop,g_face/w_150,h_195,g_north/https://images2.corriereobjects.it/infografiche/2023/11/ostaggi-hamas/img/Margalit-Berta-Mozes.jpg
https://res.cloudinary.com/dpol0pyoo/image/fetch/c_crop,g_face/w_150,h_195,g_north/https://laad.btl.gov.il/view_files/Nofel_Pic/044202/NP_044202_10.jpg
https://res.cloudinary.com/dpol0pyoo/image/fetch/c_crop,g_face/w_150,h_195,g_north/https://img.haarets.co.il/bs/0000018b-62ac-d288-afef-f2fce4820001/fa/19/18884922403bb45562e569637f00/keren-mundar.JPG?precrop=546,546,x0,y119&width=168&height=130
https://res.cloudinary.com/dpol0pyoo/image/fetch/c_crop,g_face/w_150,h_195,g_north/https://laad.btl.gov.il/view_files/Nofel_Pic/043559/NP_043559_10.jpg
https://res.cloudinary.com/dpol0pyoo/image/fetch/c_crop,g_face/w_150,h_195,g_north/https://img.haarets.co.il/bs/0000018b-62a9-ddfd-a59f-e3ed7a740001/5b/40/847c8ca9482b9072510fda19fe7a/ruti-mundar.JPG?precrop=523,523,x0,y59&width=168&height=130
https://res.cloudinary.com/dpol0pyoo/image/fetch/c_crop,g_face/w_150,h_195,g_north/https://img.haarets.co.il/bs/0000018b-62b0-d288-afef-f2f8359e0001/a8/44/6221d1054f768d2ef8882e989e68/ohad-mundar2.JPG?precrop=undefined,undefined,xundefined,yundefined&width=168&height=130
https://res.cloudinary.com/dpol0pyoo/image/fetch/c_crop,g_face/w_150,h_195,g_north/https://laad.btl.gov.il/view_files/Nofel_Pic/044163/NP_044163_10.jpg
https://res.cloudinary.com/dpol0pyoo/image/fetch/c_crop,g_face/w_150,h_195,g_north/https://images2.corriereobjects.it/infografiche/2023/11/ostaggi-hamas/img/Gelienor-Pacheco.jpg
https://res.cloudinary.com/dpol0pyoo/image/fetch/c_crop,g_face/w_150,h_195,g_north/https://laad.btl.gov.il/view_files/Nofel_Pic/044167/NP_044167_10.jpg
https://res.cloudinary.com/dpol0pyoo/image/fetch/c_crop,g_face/w_150,h_195,g_north/https://www.canal26.com/media/image/2023/10/10/566548.jpg
https://res.cloudinary.com/dpol0pyoo/image/fetch/c_crop,g_face/w_150,h_195,g_north/https://laad.btl.gov.il/view_files/Nofel_Pic/043560/NP_043560_11.jpg
https://res.cloudinary.com/dpol0pyoo/image/fetch/c_crop,g_face/w_150,h_195,g_north/https://laad.btl.gov.il/view_files/Nofel_Pic/043572/NP_043572_10.jpg
https://res.cloudinary.com/dpol0pyoo/image/fetch/c_crop,g_face/w_150,h_195,g_north/https://laad.btl.gov.il/view_files/Nofel_Pic/044912/NP_044912_10.jpg
https://res.cloudinary.com/dpol0pyoo/image/fetch/c_crop,g_face/w_150,h_195,g_north/https://laad.btl.gov.il/view_files/Nofel_Pic/044913/NP_044913_10.jpg
https://res.cloudinary.com/dpol0pyoo/image/fetch/c_crop,g_face/w_150,h_195,g_north/https://laad.btl.gov.il/view_files/Nofel_Pic/043561/NP_043561_10.jpg
https://res.cloudinary.com/dpol0pyoo/image/fetch/c_crop,g_face/w_150,h_195,g_north/https://laad.btl.gov.il/view_files/Nofel_Pic/043562/NP_043562_10.jpg
https://res.cloudinary.com/dpol0pyoo/image/fetch/c_crop,g_face/w_150,h_195,g_north/https://laad.btl.gov.il/view_files/Nofel_Pic/043563/NP_043563_10.jpg
https://res.cloudinary.com/dpol0pyoo/image/fetch/c_crop,g_face/w_150,h_195,g_north/https://laad.btl.gov.il/view_files/Nofel_Pic/043569/NP_043569_10.jpg
https://res.cloudinary.com/dpol0pyoo/image/fetch/c_crop,g_face/w_150,h_195,g_north/https://laad.btl.gov.il/view_files/Nofel_Pic/043564/NP_043564_10.jpg
https://res.cloudinary.com/dpol0pyoo/image/fetch/c_crop,g_face/w_150,h_195,g_north/https://laad.btl.gov.il/view_files/Nofel_Pic/043570/NP_043570_10.jpg
https://res.cloudinary.com/dpol0pyoo/image/fetch/c_crop,g_face/w_150,h_195,g_north/https://laad.btl.gov.il/view_files/Nofel_Pic/043568/NP_043568_10.jpg
https://res.cloudinary.com/dpol0pyoo/image/fetch/c_crop,g_face/w_150,h_195,g_north/https://laad.btl.gov.il/view_files/Nofel_Pic/043566/NP_043566_10.jpg
https://res.cloudinary.com/dpol0pyoo/image/fetch/c_crop,g_face/w_150,h_195,g_north/https://laad.btl.gov.il/view_files/Nofel_Pic/043567/NP_043567_10.jpg
https://res.cloudinary.com/dpol0pyoo/image/fetch/c_crop,g_face/w_150,h_195,g_north/https://assets-global.website-files.com/652a57dd622571ba143495d5/652d073634643bdb174716f2_Soussana%20Amit.jpg
https://res.cloudinary.com/dpol0pyoo/image/fetch/c_crop,g_face/w_150,h_195,g_north/https://img.haarets.co.il/bs/0000018b-7f61-d4ba-a3ab-7fed8b8d0001/43/8d/97a2abff450f847e5cd5c508c4e8/irina.jpg?precrop=undefined,undefined,xundefined,yundefined&width=220&height=165
https://res.cloudinary.com/dpol0pyoo/image/fetch/c_crop,g_face/w_150,h_195,g_north/https://assets-global.website-files.com/652a57dd622571ba143495d5/652bb96ce51ee095a8bff441_Trupanob%20Alexander.jpg
https://res.cloudinary.com/dpol0pyoo/image/fetch/c_crop,g_face/w_150,h_195,g_north/https://laad.btl.gov.il/view_files/Nofel_Pic/043556/NP_043556_10.jpg
https://res.cloudinary.com/dpol0pyoo/image/fetch/c_crop,g_face/w_150,h_195,g_north/https://img.haarets.co.il/bs/0000018b-8128-df47-a3df-ff29a63e0001/1f/ac/072ed39c4772aa8e88ced1edee69/lena.jpg?precrop=undefined,undefined,xundefined,yundefined&width=168&height=130
https://res.cloudinary.com/dpol0pyoo/image/fetch/c_crop,g_face/w_150,h_195,g_north/https://laad.btl.gov.il/view_files/Nofel_Pic/043555/NP_043555_10.jpg
https://res.cloudinary.com/dpol0pyoo/image/fetch/c_crop,g_face/w_150,h_195,g_north/https://laad.btl.gov.il/view_files/Nofel_Pic/043558/NP_043558_14.jpg
https://res.cloudinary.com/dpol0pyoo/image/fetch/c_crop,g_face/w_150,h_195,g_north/https://laad.btl.gov.il/view_files/Nofel_Pic/043551/NP_043551_10.jpg
https://res.cloudinary.com/dpol0pyoo/image/fetch/c_crop,g_face/w_150,h_195,g_north/https://laad.btl.gov.il/view_files/Nofel_Pic/043547/NP_043547_10.jpg
https://res.cloudinary.com/dpol0pyoo/image/fetch/c_crop,g_face/w_150,h_195,g_north/https://laad.btl.gov.il/view_files/Nofel_Pic/044124/NP_044124_11.jpg
https://res.cloudinary.com/dpol0pyoo/image/fetch/c_crop,g_face/w_150,h_195,g_north/https://static.timesofisrael.com/www/uploads/2023/10/Screen-Shot-2023-10-31-at-1.58.20-PM-1-e1698757049268-640x400.png
https://res.cloudinary.com/dpol0pyoo/image/fetch/c_crop,g_face/w_150,h_195,g_north/https://img.haarets.co.il/bs/0000018b-842d-d055-afbf-b6af47670000/62/40/b33b53b34b618421832ecd219f76/yagil.JPG?precrop=229,229,x0,y4&width=168&height=130
https://res.cloudinary.com/dpol0pyoo/image/fetch/c_crop,g_face/w_150,h_195,g_north/https://img.haarets.co.il/bs/0000018b-9014-d7a8-afcf-bab74cc50000/d3/fe/53feb0884acf93ef67f99685efc5/90990.jpg?precrop=1293,1293,x387,y253&width=168&height=130
https://res.cloudinary.com/dpol0pyoo/image/fetch/c_crop,g_face/w_150,h_195,g_north/https://laad.btl.gov.il/view_files/Nofel_Pic/044264/NP_044264_10.jpg
https://res.cloudinary.com/dpol0pyoo/image/fetch/c_crop,g_face/w_150,h_195,g_north/https://laad.btl.gov.il/view_files/Nofel_Pic/044137/NP_044137_10.jpg
https://res.cloudinary.com/dpol0pyoo/image/fetch/c_crop,g_face/w_150,h_195,g_north/https://img.mako.co.il//2023/11/05/ArbelYehud.jpg
https://res.cloudinary.com/dpol0pyoo/image/fetch/c_crop,g_face/w_150,h_195,g_north/https://res.cloudinary.com/dpol0pyoo/image/upload/v1772208038/police_memorials/pid_646.jpg
https://res.cloudinary.com/dpol0pyoo/image/fetch/c_crop,g_face/w_150,h_195,g_north/https://laad.btl.gov.il/view_files/Nofel_Pic/044084/NP_044084_10.jpg
https://res.cloudinary.com/dpol0pyoo/image/fetch/c_crop,g_face/w_150,h_195,g_north/https://assets-global.website-files.com/64243efd9df86f37b61a76ef/65450899cd8b4a3c22a53b32_%D7%9E%D7%AA%D7%9F%20%D7%A6%D7%A0%D7%92%D7%90%D7%95%D7%A7%D7%A8.jpg
https://res.cloudinary.com/dpol0pyoo/image/fetch/c_crop,g_face/w_150,h_195,g_north/https://res.cloudinary.com/dpol0pyoo/image/upload/v1772203038/idf_memorials/pid_650.webp
https://res.cloudinary.com/dpol0pyoo/image/fetch/c_crop,g_face/w_150,h_195,g_north/https://res.cloudinary.com/dpol0pyoo/image/upload/v1772203042/idf_memorials/pid_651.webp
https://res.cloudinary.com/dpol0pyoo/image/fetch/c_crop,g_face/w_150,h_195,g_north/https://res.cloudinary.com/dpol0pyoo/image/upload/v1772203047/idf_memorials/pid_653.webp
https://res.cloudinary.com/dpol0pyoo/image/fetch/c_crop,g_face/w_150,h_195,g_north/https://img.haarets.co.il/bs/0000018b-4aaa-d199-a7eb-dffe5d920001/8f/42/bbca8e214122b549c59f8826c72a/70844.jpg?precrop=810,810,x201,y91&width=168&height=130
https://res.cloudinary.com/dpol0pyoo/image/fetch/c_crop,g_face/w_150,h_195,g_north/https://img.haarets.co.il/bs/0000018b-4af5-dc3c-a5df-defd907e0001/a4/bc/468963854d399e77cec29ac27ff1/71190.jpg?precrop=784,784,x289,y506&width=168&height=130
https://res.cloudinary.com/dpol0pyoo/image/fetch/c_crop,g_face/w_150,h_195,g_north/https://media3.reshet.tv/image/upload/t_og_image/v1701701957/uploads/2023/903833895.jpg
https://res.cloudinary.com/dpol0pyoo/image/fetch/c_crop,g_face/w_150,h_195,g_north/https://img.haarets.co.il/bs/0000018b-4aee-d199-a7eb-dffe145d0000/77/3b/dea49c8040f2aab27399e9b0c323/71171.jpg?precrop=1981,1981,x207,y128&width=168&height=130
https://res.cloudinary.com/dpol0pyoo/image/fetch/c_crop,g_face/w_150,h_195,g_north/https://img.haarets.co.il/bs/0000018b-4aef-dc3c-a5df-deef9f160001/b7/71/fd7107d245c883b457a97a4aedf5/71193.jpg?precrop=2034,2034,x153,y101&width=168&height=130
https://res.cloudinary.com/dpol0pyoo/image/fetch/c_crop,g_face/w_150,h_195,g_north/https://res.cloudinary.com/dpol0pyoo/image/upload/v1772203051/idf_memorials/pid_660.webp
https://res.cloudinary.com/dpol0pyoo/image/fetch/c_crop,g_face/w_150,h_195,g_north/https://laad.btl.gov.il/view_files/Nofel_Pic/043529/NP_043529_11.jpg
https://res.cloudinary.com/dpol0pyoo/image/fetch/c_crop,g_face/w_150,h_195,g_north/https://laad.btl.gov.il/view_files/Nofel_Pic/043530/NP_043530_10.jpg
https://res.cloudinary.com/dpol0pyoo/image/fetch/c_crop,g_face/w_150,h_195,g_north/https://laad.btl.gov.il/view_files/Nofel_Pic/043532/NP_043532_10.jpg
https://res.cloudinary.com/dpol0pyoo/image/fetch/c_crop,g_face/w_150,h_195,g_north/https://laad.btl.gov.il/view_files/Nofel_Pic/043531/NP_043531_10.jpg
https://res.cloudinary.com/dpol0pyoo/image/fetch/c_crop,g_face/w_150,h_195,g_north/https://img.haarets.co.il/bs/0000018b-5baf-d00f-a9bf-7bff7a610000/e6/51/5ebdc1d14fbca796ab6b349b0e12/54079183.JPG?precrop=297,297,x868,y182&width=168&height=130
https://res.cloudinary.com/dpol0pyoo/image/fetch/c_crop,g_face/w_150,h_195,g_north/https://laad.btl.gov.il/view_files/Nofel_Pic/044165/NP_044165_10.jpg
https://res.cloudinary.com/dpol0pyoo/image/fetch/c_crop,g_face/w_150,h_195,g_north/https://laad.btl.gov.il/view_files/Nofel_Pic/043533/NP_043533_10.jpg
https://res.cloudinary.com/dpol0pyoo/image/fetch/c_crop,g_face/w_150,h_195,g_north/https://res.cloudinary.com/dpol0pyoo/image/upload/v1772203055/idf_memorials/pid_669.webp
https://res.cloudinary.com/dpol0pyoo/image/fetch/c_crop,g_face/w_150,h_195,g_north/https://laad.btl.gov.il/view_files/Nofel_Pic/043925/NP_043925_10.jpg
https://res.cloudinary.com/dpol0pyoo/image/fetch/c_crop,g_face/w_150,h_195,g_north/https://laad.btl.gov.il/view_files/Nofel_Pic/043926/NP_043926_10.jpg
https://res.cloudinary.com/dpol0pyoo/image/fetch/c_crop,g_face/w_150,h_195,g_north/https://laad.btl.gov.il/view_files/Nofel_Pic/043677/NP_043677_10.jpg
https://res.cloudinary.com/dpol0pyoo/image/fetch/c_crop,g_face/w_150,h_195,g_north/https://laad.btl.gov.il/view_files/Nofel_Pic/043686/NP_043686_10.jpg
https://res.cloudinary.com/dpol0pyoo/image/fetch/c_crop,g_face/w_150,h_195,g_north/https://laad.btl.gov.il/view_files/Nofel_Pic/043687/NP_043687_11.jpg
https://res.cloudinary.com/dpol0pyoo/image/fetch/c_crop,g_face/w_150,h_195,g_north/https://laad.btl.gov.il/view_files/Nofel_Pic/043933/NP_043933_10.jpg
https://res.cloudinary.com/dpol0pyoo/image/fetch/c_crop,g_face/w_150,h_195,g_north/https://laad.btl.gov.il/view_files/Nofel_Pic/043710/NP_043710_10.jpg
https://res.cloudinary.com/dpol0pyoo/image/fetch/c_crop,g_face/w_150,h_195,g_north/https://laad.btl.gov.il/view_files/Nofel_Pic/043897/NP_043897_10.jpg
https://res.cloudinary.com/dpol0pyoo/image/fetch/c_crop,g_face/w_150,h_195,g_north/https://laad.btl.gov.il/view_files/Nofel_Pic/043718/NP_043718_10.jpg
https://res.cloudinary.com/dpol0pyoo/image/fetch/c_crop,g_face/w_150,h_195,g_north/https://laad.btl.gov.il/view_files/Nofel_Pic/043717/NP_043717_10.jpg
https://res.cloudinary.com/dpol0pyoo/image/fetch/c_crop,g_face/w_150,h_195,g_north/https://assets-global.website-files.com/65467772df5823449b65067d/65467772df5823449b650ab2_Argamani%20Noa.jpg
https://res.cloudinary.com/dpol0pyoo/image/fetch/c_crop,g_face/w_150,h_195,g_north/https://laad.btl.gov.il/view_files/Nofel_Pic/043719/NP_043719_10.jpg
https://res.cloudinary.com/dpol0pyoo/image/fetch/c_crop,g_face/w_150,h_195,g_north/https://laad.btl.gov.il/view_files/Nofel_Pic/043714/NP_043714_11.jpg
https://res.cloudinary.com/dpol0pyoo/image/fetch/c_crop,g_face/w_150,h_195,g_north/https://laad.btl.gov.il/view_files/Nofel_Pic/043721/NP_043721_10.jpg
https://res.cloudinary.com/dpol0pyoo/image/fetch/c_crop,g_face/w_150,h_195,g_north/https://laad.btl.gov.il/view_files/Nofel_Pic/043713/NP_043713_10.jpg
https://res.cloudinary.com/dpol0pyoo/image/fetch/c_crop,g_face/w_150,h_195,g_north/https://laad.btl.gov.il/view_files/Nofel_Pic/043712/NP_043712_10.jpg
https://res.cloudinary.com/dpol0pyoo/image/fetch/c_crop,g_face/w_150,h_195,g_north/https://laad.btl.gov.il/view_files/Nofel_Pic/043696/NP_043696_10.jpg
https://res.cloudinary.com/dpol0pyoo/image/fetch/c_crop,g_face/w_150,h_195,g_north/https://laad.btl.gov.il/view_files/Nofel_Pic/043700/NP_043700_10.jpg
https://res.cloudinary.com/dpol0pyoo/image/fetch/c_crop,g_face/w_150,h_195,g_north/https://laad.btl.gov.il/view_files/Nofel_Pic/043929/NP_043929_10.jpg
https://res.cloudinary.com/dpol0pyoo/image/fetch/c_crop,g_face/w_150,h_195,g_north/https://laad.btl.gov.il/view_files/Nofel_Pic/043693/NP_043693_11.jpg
https://res.cloudinary.com/dpol0pyoo/image/fetch/c_crop,g_face/w_150,h_195,g_north/https://laad.btl.gov.il/view_files/Nofel_Pic/043692/NP_043692_11.jpg
https://res.cloudinary.com/dpol0pyoo/image/fetch/c_crop,g_face/w_150,h_195,g_north/https://laad.btl.gov.il/view_files/Nofel_Pic/043737/NP_043737_10.jpg
https://res.cloudinary.com/dpol0pyoo/image/fetch/c_crop,g_face/w_150,h_195,g_north/https://laad.btl.gov.il/view_files/Nofel_Pic/043752/NP_043752_10.jpg
https://res.cloudinary.com/dpol0pyoo/image/fetch/c_crop,g_face/w_150,h_195,g_north/https://res.cloudinary.com/dpol0pyoo/image/upload/v1772203060/idf_memorials/pid_693.webp
https://res.cloudinary.com/dpol0pyoo/image/fetch/c_crop,g_face/w_150,h_195,g_north/https://laad.btl.gov.il/view_files/Nofel_Pic/043754/NP_043754_11.jpg
https://res.cloudinary.com/dpol0pyoo/image/fetch/c_crop,g_face/w_150,h_195,g_north/https://laad.btl.gov.il/view_files/Nofel_Pic/043764/NP_043764_10.jpg
https://res.cloudinary.com/dpol0pyoo/image/fetch/c_crop,g_face/w_150,h_195,g_north/https://laad.btl.gov.il/view_files/Nofel_Pic/043757/NP_043757_11.jpg
https://res.cloudinary.com/dpol0pyoo/image/fetch/c_crop,g_face/w_150,h_195,g_north/https://laad.btl.gov.il/view_files/Nofel_Pic/043760/NP_043760_10.jpg
https://res.cloudinary.com/dpol0pyoo/image/fetch/c_crop,g_face/w_150,h_195,g_north/https://laad.btl.gov.il/view_files/Nofel_Pic/043759/NP_043759_10.jpg
https://res.cloudinary.com/dpol0pyoo/image/fetch/c_crop,g_face/w_150,h_195,g_north/https://laad.btl.gov.il/view_files/Nofel_Pic/043734/NP_043734_10.jpg
https://res.cloudinary.com/dpol0pyoo/image/fetch/c_crop,g_face/w_150,h_195,g_north/https://laad.btl.gov.il/view_files/Nofel_Pic/043748/NP_043748_10.jpg
https://res.cloudinary.com/dpol0pyoo/image/fetch/c_crop,g_face/w_150,h_195,g_north/https://laad.btl.gov.il/view_files/Nofel_Pic/043740/NP_043740_10.jpg
https://res.cloudinary.com/dpol0pyoo/image/fetch/c_crop,g_face/w_150,h_195,g_north/https://laad.btl.gov.il/view_files/Nofel_Pic/043744/NP_043744_11.jpg
https://res.cloudinary.com/dpol0pyoo/image/fetch/c_crop,g_face/w_150,h_195,g_north/https://laad.btl.gov.il/view_files/Nofel_Pic/043750/NP_043750_11.jpg
https://res.cloudinary.com/dpol0pyoo/image/fetch/c_crop,g_face/w_150,h_195,g_north/https://laad.btl.gov.il/view_files/Nofel_Pic/043747/NP_043747_10.jpg
https://res.cloudinary.com/dpol0pyoo/image/fetch/c_crop,g_face/w_150,h_195,g_north/https://laad.btl.gov.il/view_files/Nofel_Pic/043661/NP_043661_10.jpg
https://res.cloudinary.com/dpol0pyoo/image/fetch/c_crop,g_face/w_150,h_195,g_north/https://laad.btl.gov.il/view_files/Nofel_Pic/043837/NP_043837_10.jpg
https://res.cloudinary.com/dpol0pyoo/image/fetch/c_crop,g_face/w_150,h_195,g_north/https://laad.btl.gov.il/view_files/Nofel_Pic/043763/NP_043763_10.jpg
https://res.cloudinary.com/dpol0pyoo/image/fetch/c_crop,g_face/w_150,h_195,g_north/https://laad.btl.gov.il/view_files/Nofel_Pic/043736/NP_043736_10.jpg
https://res.cloudinary.com/dpol0pyoo/image/fetch/c_crop,g_face/w_150,h_195,g_north/https://laad.btl.gov.il/view_files/Nofel_Pic/043732/NP_043732_10.jpg
https://res.cloudinary.com/dpol0pyoo/image/fetch/c_crop,g_face/w_150,h_195,g_north/https://res.cloudinary.com/dpol0pyoo/image/upload/v1772203065/idf_memorials/pid_712.webp
https://res.cloudinary.com/dpol0pyoo/image/fetch/c_crop,g_face/w_150,h_195,g_north/https://laad.btl.gov.il/view_files/Nofel_Pic/043727/NP_043727_10.jpg
https://res.cloudinary.com/dpol0pyoo/image/fetch/c_crop,g_face/w_150,h_195,g_north/https://laad.btl.gov.il/view_files/Nofel_Pic/043360/NP_043360_10.jpg
https://res.cloudinary.com/dpol0pyoo/image/fetch/c_crop,g_face/w_150,h_195,g_north/https://laad.btl.gov.il/view_files/Nofel_Pic/043723/NP_043723_10.jpg
https://res.cloudinary.com/dpol0pyoo/image/fetch/c_crop,g_face/w_150,h_195,g_north/https://laad.btl.gov.il/view_files/Nofel_Pic/044159/NP_044159_10.jpg
https://res.cloudinary.com/dpol0pyoo/image/fetch/c_crop,g_face/w_150,h_195,g_north/https://laad.btl.gov.il/view_files/Nofel_Pic/043726/NP_043726_11.jpg
https://res.cloudinary.com/dpol0pyoo/image/fetch/c_crop,g_face/w_150,h_195,g_north/https://laad.btl.gov.il/view_files/Nofel_Pic/043831/NP_043831_11.jpg
https://res.cloudinary.com/dpol0pyoo/image/fetch/c_crop,g_face/w_150,h_195,g_north/https://laad.btl.gov.il/view_files/Nofel_Pic/043832/NP_043832_11.jpg
https://res.cloudinary.com/dpol0pyoo/image/fetch/c_crop,g_face/w_150,h_195,g_north/https://laad.btl.gov.il/view_files/Nofel_Pic/043858/NP_043858_11.jpg
https://res.cloudinary.com/dpol0pyoo/image/fetch/c_crop,g_face/w_150,h_195,g_north/https://laad.btl.gov.il/view_files/Nofel_Pic/044021/NP_044021_10.jpg
https://res.cloudinary.com/dpol0pyoo/image/fetch/c_crop,g_face/w_150,h_195,g_north/https://img.haarets.co.il/bs/0000018b-4ad4-dc3c-a5df-defc11740001/bb/d3/682a4b3c4ea49df929fc5bec0ba3/70992.jpg?precrop=1231,1231,x231,y239&width=168&height=130
https://res.cloudinary.com/dpol0pyoo/image/fetch/c_crop,g_face/w_150,h_195,g_north/https://laad.btl.gov.il/view_files/Nofel_Pic/043788/NP_043788_10.jpg
https://res.cloudinary.com/dpol0pyoo/image/fetch/c_crop,g_face/w_150,h_195,g_north/https://laad.btl.gov.il/view_files/Nofel_Pic/043797/NP_043797_10.jpg
https://res.cloudinary.com/dpol0pyoo/image/fetch/c_crop,g_face/w_150,h_195,g_north/https://laad.btl.gov.il/view_files/Nofel_Pic/043798/NP_043798_11.jpg
https://res.cloudinary.com/dpol0pyoo/image/fetch/c_crop,g_face/w_150,h_195,g_north/https://res.cloudinary.com/dpol0pyoo/image/upload/v1772203069/idf_memorials/pid_726.webp
https://res.cloudinary.com/dpol0pyoo/image/fetch/c_crop,g_face/w_150,h_195,g_north/https://laad.btl.gov.il/view_files/Nofel_Pic/043799/NP_043799_10.jpg
https://res.cloudinary.com/dpol0pyoo/image/fetch/c_crop,g_face/w_150,h_195,g_north/https://laad.btl.gov.il/view_files/Nofel_Pic/043790/NP_043790_10.jpg
https://res.cloudinary.com/dpol0pyoo/image/fetch/c_crop,g_face/w_150,h_195,g_north/https://laad.btl.gov.il/view_files/Nofel_Pic/043789/NP_043789_10.jpg
https://res.cloudinary.com/dpol0pyoo/image/fetch/c_crop,g_face/w_150,h_195,g_north/https://laad.btl.gov.il/view_files/Nofel_Pic/043792/NP_043792_10.jpg
https://res.cloudinary.com/dpol0pyoo/image/fetch/c_crop,g_face/w_150,h_195,g_north/https://laad.btl.gov.il/view_files/Nofel_Pic/043793/NP_043793_10.jpg
https://res.cloudinary.com/dpol0pyoo/image/fetch/c_crop,g_face/w_150,h_195,g_north/https://laad.btl.gov.il/view_files/Nofel_Pic/043794/NP_043794_10.jpg
https://res.cloudinary.com/dpol0pyoo/image/fetch/c_crop,g_face/w_150,h_195,g_north/https://laad.btl.gov.il/view_files/Nofel_Pic/043697/NP_043697_11.jpg
https://res.cloudinary.com/dpol0pyoo/image/fetch/c_crop,g_face/w_150,h_195,g_north/https://laad.btl.gov.il/view_files/Nofel_Pic/043675/NP_043675_11.jpg
https://res.cloudinary.com/dpol0pyoo/image/fetch/c_crop,g_face/w_150,h_195,g_north/https://laad.btl.gov.il/view_files/Nofel_Pic/043927/NP_043927_11.jpg
https://res.cloudinary.com/dpol0pyoo/image/fetch/c_crop,g_face/w_150,h_195,g_north/https://laad.btl.gov.il/view_files/Nofel_Pic/043699/NP_043699_10.jpg
https://res.cloudinary.com/dpol0pyoo/image/fetch/c_crop,g_face/w_150,h_195,g_north/https://laad.btl.gov.il/view_files/Nofel_Pic/043698/NP_043698_10.jpg
https://res.cloudinary.com/dpol0pyoo/image/fetch/c_crop,g_face/w_150,h_195,g_north/https://laad.btl.gov.il/view_files/Nofel_Pic/043716/NP_043716_10.jpg
https://res.cloudinary.com/dpol0pyoo/image/fetch/c_crop,g_face/w_150,h_195,g_north/https://laad.btl.gov.il/view_files/Nofel_Pic/043704/NP_043704_10.jpg
https://res.cloudinary.com/dpol0pyoo/image/fetch/c_crop,g_face/w_150,h_195,g_north/https://laad.btl.gov.il/view_files/Nofel_Pic/043705/NP_043705_11.jpg
https://res.cloudinary.com/dpol0pyoo/image/fetch/c_crop,g_face/w_150,h_195,g_north/https://res.cloudinary.com/dpol0pyoo/image/upload/v1772203073/idf_memorials/pid_744.webp
https://res.cloudinary.com/dpol0pyoo/image/fetch/c_crop,g_face/w_150,h_195,g_north/https://laad.btl.gov.il/view_files/Nofel_Pic/043875/NP_043875_11.jpg
https://res.cloudinary.com/dpol0pyoo/image/fetch/c_crop,g_face/w_150,h_195,g_north/https://laad.btl.gov.il/view_files/Nofel_Pic/043706/NP_043706_10.jpg
https://res.cloudinary.com/dpol0pyoo/image/fetch/c_crop,g_face/w_150,h_195,g_north/https://laad.btl.gov.il/view_files/Nofel_Pic/043711/NP_043711_10.jpg
https://res.cloudinary.com/dpol0pyoo/image/fetch/c_crop,g_face/w_150,h_195,g_north/https://laad.btl.gov.il/view_files/Nofel_Pic/043943/NP_043943_11.jpg
https://res.cloudinary.com/dpol0pyoo/image/fetch/c_crop,g_face/w_150,h_195,g_north/https://laad.btl.gov.il/view_files/Nofel_Pic/043940/NP_043940_10.jpg
https://res.cloudinary.com/dpol0pyoo/image/fetch/c_crop,g_face/w_150,h_195,g_north/https://laad.btl.gov.il/view_files/Nofel_Pic/043948/NP_043948_12.jpg
https://res.cloudinary.com/dpol0pyoo/image/fetch/c_crop,g_face/w_150,h_195,g_north/https://laad.btl.gov.il/view_files/Nofel_Pic/044094/NP_044094_10.jpg
https://res.cloudinary.com/dpol0pyoo/image/fetch/c_crop,g_face/w_150,h_195,g_north/https://laad.btl.gov.il/view_files/Nofel_Pic/043782/NP_043782_11.jpg
https://res.cloudinary.com/dpol0pyoo/image/fetch/c_crop,g_face/w_150,h_195,g_north/https://laad.btl.gov.il/view_files/Nofel_Pic/043784/NP_043784_10.jpg
https://res.cloudinary.com/dpol0pyoo/image/fetch/c_crop,g_face/w_150,h_195,g_north/https://laad.btl.gov.il/view_files/Nofel_Pic/043783/NP_043783_10.jpg
https://res.cloudinary.com/dpol0pyoo/image/fetch/c_crop,g_face/w_150,h_195,g_north/https://laad.btl.gov.il/view_files/Nofel_Pic/043765/NP_043765_11.jpg
https://res.cloudinary.com/dpol0pyoo/image/fetch/c_crop,g_face/w_150,h_195,g_north/https://img.haarets.co.il/bs/0000018b-900d-d7a8-afcf-baaf76e40000/f2/5c/cd5242a84d069883c838cdf7fc2c/12913.jpg?precrop=undefined,undefined,xundefined,yundefined&width=168&height=130
https://res.cloudinary.com/dpol0pyoo/image/fetch/c_crop,g_face/w_150,h_195,g_north/https://laad.btl.gov.il/view_files/Nofel_Pic/043777/NP_043777_10.jpg
https://res.cloudinary.com/dpol0pyoo/image/fetch/c_crop,g_face/w_150,h_195,g_north/https://laad.btl.gov.il/view_files/Nofel_Pic/043778/NP_043778_10.jpg
https://res.cloudinary.com/dpol0pyoo/image/fetch/c_crop,g_face/w_150,h_195,g_north/https://laad.btl.gov.il/view_files/Nofel_Pic/043768/NP_043768_10.jpg
https://res.cloudinary.com/dpol0pyoo/image/fetch/c_crop,g_face/w_150,h_195,g_north/https://laad.btl.gov.il/view_files/Nofel_Pic/043769/NP_043769_30.jpg
https://res.cloudinary.com/dpol0pyoo/image/fetch/c_crop,g_face/w_150,h_195,g_north/https://laad.btl.gov.il/view_files/Nofel_Pic/043770/NP_043770_11.jpg
https://res.cloudinary.com/dpol0pyoo/image/fetch/c_crop,g_face/w_150,h_195,g_north/https://assets-global.website-files.com/65467772df5823449b65067d/65467772df5823449b650745_Romi%20Gonen.jpg
https://res.cloudinary.com/dpol0pyoo/image/fetch/c_crop,g_face/w_150,h_195,g_north/https://laad.btl.gov.il/view_files/Nofel_Pic/043775/NP_043775_10.jpg
https://res.cloudinary.com/dpol0pyoo/image/fetch/c_crop,g_face/w_150,h_195,g_north/https://laad.btl.gov.il/view_files/Nofel_Pic/043776/NP_043776_11.jpg
https://res.cloudinary.com/dpol0pyoo/image/fetch/c_crop,g_face/w_150,h_195,g_north/https://laad.btl.gov.il/view_files/Nofel_Pic/044090/NP_044090_10.jpg
https://res.cloudinary.com/dpol0pyoo/image/fetch/c_crop,g_face/w_150,h_195,g_north/https://laad.btl.gov.il/view_files/Nofel_Pic/044122/NP_044122_10.jpg
https://res.cloudinary.com/dpol0pyoo/image/fetch/c_crop,g_face/w_150,h_195,g_north/https://laad.btl.gov.il/view_files/Nofel_Pic/043828/NP_043828_10.jpg
https://res.cloudinary.com/dpol0pyoo/image/fetch/c_crop,g_face/w_150,h_195,g_north/https://laad.btl.gov.il/view_files/Nofel_Pic/043802/NP_043802_10.jpg
https://res.cloudinary.com/dpol0pyoo/image/fetch/c_crop,g_face/w_150,h_195,g_north/https://laad.btl.gov.il/view_files/Nofel_Pic/043835/NP_043835_10.jpg
https://res.cloudinary.com/dpol0pyoo/image/fetch/c_crop,g_face/w_150,h_195,g_north/https://assets-global.website-files.com/652a57dd622571ba143495d5/652d13b81d03208622ead0da_Harkin%20Maksym.jpg
https://res.cloudinary.com/dpol0pyoo/image/fetch/c_crop,g_face/w_150,h_195,g_north/https://laad.btl.gov.il/view_files/Nofel_Pic/044204/NP_044204_10.jpg
https://res.cloudinary.com/dpol0pyoo/image/fetch/c_crop,g_face/w_150,h_195,g_north/https://laad.btl.gov.il/view_files/Nofel_Pic/043830/NP_043830_11.jpg
https://res.cloudinary.com/dpol0pyoo/image/fetch/c_crop,g_face/w_150,h_195,g_north/https://laad.btl.gov.il/view_files/Nofel_Pic/044091/NP_044091_11.jpg
https://res.cloudinary.com/dpol0pyoo/image/fetch/c_crop,g_face/w_150,h_195,g_north/https://laad.btl.gov.il/view_files/Nofel_Pic/043701/NP_043701_11.jpg
https://res.cloudinary.com/dpol0pyoo/image/fetch/c_crop,g_face/w_150,h_195,g_north/https://laad.btl.gov.il/view_files/Nofel_Pic/043855/NP_043855_10.jpg
https://res.cloudinary.com/dpol0pyoo/image/fetch/c_crop,g_face/w_150,h_195,g_north/https://laad.btl.gov.il/view_files/Nofel_Pic/043967/NP_043967_10.jpg
https://res.cloudinary.com/dpol0pyoo/image/fetch/c_crop,g_face/w_150,h_195,g_north/https://laad.btl.gov.il/view_files/Nofel_Pic/043817/NP_043817_11.jpg
https://res.cloudinary.com/dpol0pyoo/image/fetch/c_crop,g_face/w_150,h_195,g_north/https://assets-global.website-files.com/652a57dd622571ba143495d5/652a7f6079cbf4ed07fdf40b_Segev%20Kalfon.jpg
https://res.cloudinary.com/dpol0pyoo/image/fetch/c_crop,g_face/w_150,h_195,g_north/https://laad.btl.gov.il/view_files/Nofel_Pic/043962/NP_043962_10.jpg
https://res.cloudinary.com/dpol0pyoo/image/fetch/c_crop,g_face/w_150,h_195,g_north/https://laad.btl.gov.il/view_files/Nofel_Pic/043958/NP_043958_10.jpg
https://res.cloudinary.com/dpol0pyoo/image/fetch/c_crop,g_face/w_150,h_195,g_north/https://laad.btl.gov.il/view_files/Nofel_Pic/043961/NP_043961_11.jpg
https://res.cloudinary.com/dpol0pyoo/image/fetch/c_crop,g_face/w_150,h_195,g_north/https://laad.btl.gov.il/view_files/Nofel_Pic/043954/NP_043954_11.jpg
https://res.cloudinary.com/dpol0pyoo/image/fetch/c_crop,g_face/w_150,h_195,g_north/https://assets-global.website-files.com/652a57dd622571ba143495d5/652a7c61fd19962a339f7c0c_Andrey%20kozlov.jpg
https://res.cloudinary.com/dpol0pyoo/image/fetch/c_crop,g_face/w_150,h_195,g_north/https://img.haarets.co.il/bs/0000018b-4aec-d199-a7eb-dffe46b30001/5c/cb/fc7b662345abbd1edcd715dc94ba/71189.jpg?precrop=1386,1387,x332,y249&width=168&height=130
https://res.cloudinary.com/dpol0pyoo/image/fetch/c_crop,g_face/w_150,h_195,g_north/https://laad.btl.gov.il/view_files/Nofel_Pic/043955/NP_043955_11.jpg
https://res.cloudinary.com/dpol0pyoo/image/fetch/c_crop,g_face/w_150,h_195,g_north/https://laad.btl.gov.il/view_files/Nofel_Pic/043864/NP_043864_23.jpg
https://res.cloudinary.com/dpol0pyoo/image/fetch/c_crop,g_face/w_150,h_195,g_north/https://laad.btl.gov.il/view_files/Nofel_Pic/043880/NP_043880_10.jpg
https://res.cloudinary.com/dpol0pyoo/image/fetch/c_crop,g_face/w_150,h_195,g_north/https://laad.btl.gov.il/view_files/Nofel_Pic/043876/NP_043876_10.jpg
https://res.cloudinary.com/dpol0pyoo/image/fetch/c_crop,g_face/w_150,h_195,g_north/https://laad.btl.gov.il/view_files/Nofel_Pic/043868/NP_043868_10.jpg
https://res.cloudinary.com/dpol0pyoo/image/fetch/c_crop,g_face/w_150,h_195,g_north/https://laad.btl.gov.il/view_files/Nofel_Pic/043866/NP_043866_10.jpg
https://res.cloudinary.com/dpol0pyoo/image/fetch/c_crop,g_face/w_150,h_195,g_north/https://laad.btl.gov.il/view_files/Nofel_Pic/043874/NP_043874_10.jpg
https://res.cloudinary.com/dpol0pyoo/image/fetch/c_crop,g_face/w_150,h_195,g_north/https://laad.btl.gov.il/view_files/Nofel_Pic/043872/NP_043872_10.jpg
https://res.cloudinary.com/dpol0pyoo/image/fetch/c_crop,g_face/w_150,h_195,g_north/https://laad.btl.gov.il/view_files/Nofel_Pic/043899/NP_043899_10.jpg
https://res.cloudinary.com/dpol0pyoo/image/fetch/c_crop,g_face/w_150,h_195,g_north/https://static.timesofisrael.com/www/uploads/2023/10/Or-Levy.jpg
https://res.cloudinary.com/dpol0pyoo/image/fetch/c_crop,g_face/w_150,h_195,g_north/https://laad.btl.gov.il/view_files/Nofel_Pic/043869/NP_043869_10.jpg
https://res.cloudinary.com/dpol0pyoo/image/fetch/c_crop,g_face/w_150,h_195,g_north/https://laad.btl.gov.il/view_files/Nofel_Pic/044153/NP_044153_10.jpg
https://res.cloudinary.com/dpol0pyoo/image/fetch/c_crop,g_face/w_150,h_195,g_north/https://laad.btl.gov.il/view_files/Nofel_Pic/043879/NP_043879_10.jpg
https://res.cloudinary.com/dpol0pyoo/image/fetch/c_crop,g_face/w_150,h_195,g_north/https://laad.btl.gov.il/view_files/Nofel_Pic/043878/NP_043878_11.jpg
https://res.cloudinary.com/dpol0pyoo/image/fetch/c_crop,g_face/w_150,h_195,g_north/https://laad.btl.gov.il/view_files/Nofel_Pic/044018/NP_044018_10.jpg
https://res.cloudinary.com/dpol0pyoo/image/fetch/c_crop,g_face/w_150,h_195,g_north/https://laad.btl.gov.il/view_files/Nofel_Pic/043883/NP_043883_10.jpg
https://res.cloudinary.com/dpol0pyoo/image/fetch/c_crop,g_face/w_150,h_195,g_north/https://laad.btl.gov.il/view_files/Nofel_Pic/043891/NP_043891_10.jpg
https://res.cloudinary.com/dpol0pyoo/image/fetch/c_crop,g_face/w_150,h_195,g_north/https://laad.btl.gov.il/view_files/Nofel_Pic/043893/NP_043893_10.jpg
https://res.cloudinary.com/dpol0pyoo/image/fetch/c_crop,g_face/w_150,h_195,g_north/https://laad.btl.gov.il/view_files/Nofel_Pic/043894/NP_043894_11.jpg
https://res.cloudinary.com/dpol0pyoo/image/fetch/c_crop,g_face/w_150,h_195,g_north/https://laad.btl.gov.il/view_files/Nofel_Pic/043895/NP_043895_10.jpg
https://res.cloudinary.com/dpol0pyoo/image/fetch/c_crop,g_face/w_150,h_195,g_north/https://laad.btl.gov.il/view_files/Nofel_Pic/043896/NP_043896_10.jpg
https://res.cloudinary.com/dpol0pyoo/image/fetch/c_crop,g_face/w_150,h_195,g_north/https://laad.btl.gov.il/view_files/Nofel_Pic/043936/NP_043936_10.jpg
https://res.cloudinary.com/dpol0pyoo/image/fetch/c_crop,g_face/w_150,h_195,g_north/https://img.haarets.co.il/bs/0000018b-5816-d473-a5fb-7cdf2ccb0000/86/ff/706e753b4f0489058781d578218d/90448.jpg?precrop=971,971,x0,y304&width=168&height=130
https://res.cloudinary.com/dpol0pyoo/image/fetch/c_crop,g_face/w_150,h_195,g_north/https://laad.btl.gov.il/view_files/Nofel_Pic/043887/NP_043887_10.jpg
https://res.cloudinary.com/dpol0pyoo/image/fetch/c_crop,g_face/w_150,h_195,g_north/https://laad.btl.gov.il/view_files/Nofel_Pic/044037/NP_044037_27.jpg
https://res.cloudinary.com/dpol0pyoo/image/fetch/c_crop,g_face/w_150,h_195,g_north/https://laad.btl.gov.il/view_files/Nofel_Pic/043910/NP_043910_10.jpg
https://res.cloudinary.com/dpol0pyoo/image/fetch/c_crop,g_face/w_150,h_195,g_north/https://laad.btl.gov.il/view_files/Nofel_Pic/043781/NP_043781_10.jpg
https://res.cloudinary.com/dpol0pyoo/image/fetch/c_crop,g_face/w_150,h_195,g_north/https://laad.btl.gov.il/view_files/Nofel_Pic/043909/NP_043909_10.jpg
https://res.cloudinary.com/dpol0pyoo/image/fetch/c_crop,g_face/w_150,h_195,g_north/https://laad.btl.gov.il/view_files/Nofel_Pic/043908/NP_043908_11.jpg
https://res.cloudinary.com/dpol0pyoo/image/fetch/c_crop,g_face/w_150,h_195,g_north/https://laad.btl.gov.il/view_files/Nofel_Pic/043689/NP_043689_10.jpg
https://res.cloudinary.com/dpol0pyoo/image/fetch/c_crop,g_face/w_150,h_195,g_north/https://laad.btl.gov.il/view_files/Nofel_Pic/043688/NP_043688_10.jpg
https://res.cloudinary.com/dpol0pyoo/image/fetch/c_crop,g_face/w_150,h_195,g_north/https://img.haarets.co.il/bs/0000018b-4ac2-dc3c-a5df-deea3eba0001/3a/ab/b62c5ec84892a6386f9dcbcb3799/70889.jpg?precrop=1717,1717,x352,y0&width=168&height=130
https://res.cloudinary.com/dpol0pyoo/image/fetch/c_crop,g_face/w_150,h_195,g_north/https://laad.btl.gov.il/view_files/Nofel_Pic/043691/NP_043691_10.jpg
https://res.cloudinary.com/dpol0pyoo/image/fetch/c_crop,g_face/w_150,h_195,g_north/https://laad.btl.gov.il/view_files/Nofel_Pic/043690/NP_043690_10.jpg
https://res.cloudinary.com/dpol0pyoo/image/fetch/c_crop,g_face/w_150,h_195,g_north/https://laad.btl.gov.il/view_files/Nofel_Pic/043946/NP_043946_11.jpg
https://res.cloudinary.com/dpol0pyoo/image/fetch/c_crop,g_face/w_150,h_195,g_north/https://laad.btl.gov.il/view_files/Nofel_Pic/043935/NP_043935_10.jpg
https://res.cloudinary.com/dpol0pyoo/image/fetch/c_crop,g_face/w_150,h_195,g_north/https://laad.btl.gov.il/view_files/Nofel_Pic/043949/NP_043949_10.jpg
https://res.cloudinary.com/dpol0pyoo/image/fetch/c_crop,g_face/w_150,h_195,g_north/https://laad.btl.gov.il/view_files/Nofel_Pic/043951/NP_043951_11.jpg
https://res.cloudinary.com/dpol0pyoo/image/fetch/c_crop,g_face/w_150,h_195,g_north/https://laad.btl.gov.il/view_files/Nofel_Pic/043950/NP_043950_10.jpg
https://res.cloudinary.com/dpol0pyoo/image/fetch/c_crop,g_face/w_150,h_195,g_north/https://laad.btl.gov.il/view_files/Nofel_Pic/043942/NP_043942_10.jpg
https://res.cloudinary.com/dpol0pyoo/image/fetch/c_crop,g_face/w_150,h_195,g_north/https://laad.btl.gov.il/view_files/Nofel_Pic/044017/NP_044017_10.jpg
https://res.cloudinary.com/dpol0pyoo/image/fetch/c_crop,g_face/w_150,h_195,g_north/https://laad.btl.gov.il/view_files/Nofel_Pic/043938/NP_043938_10.jpg
https://res.cloudinary.com/dpol0pyoo/image/fetch/c_crop,g_face/w_150,h_195,g_north/https://laad.btl.gov.il/view_files/Nofel_Pic/043972/NP_043972_11.jpg
https://res.cloudinary.com/dpol0pyoo/image/fetch/c_crop,g_face/w_150,h_195,g_north/https://laad.btl.gov.il/view_files/Nofel_Pic/043971/NP_043971_10.jpg
https://res.cloudinary.com/dpol0pyoo/image/fetch/c_crop,g_face/w_150,h_195,g_north/https://laad.btl.gov.il/view_files/Nofel_Pic/043978/NP_043978_10.jpg
https://res.cloudinary.com/dpol0pyoo/image/fetch/c_crop,g_face/w_150,h_195,g_north/https://laad.btl.gov.il/view_files/Nofel_Pic/043963/NP_043963_10.jpg
https://res.cloudinary.com/dpol0pyoo/image/fetch/c_crop,g_face/w_150,h_195,g_north/https://laad.btl.gov.il/view_files/Nofel_Pic/043979/NP_043979_11.jpg
https://res.cloudinary.com/dpol0pyoo/image/fetch/c_crop,g_face/w_150,h_195,g_north/https://img.haarets.co.il/bs/0000018b-4afd-d5d2-afef-cefd0bfc0001/3e/2c/8a651c874d229b193f32a086050b/70824.jpg?precrop=808,808,x620,y60&width=168&height=130
https://res.cloudinary.com/dpol0pyoo/image/fetch/c_crop,g_face/w_150,h_195,g_north/https://img.haarets.co.il/bs/0000018b-4aff-dc3c-a5df-deff60420001/58/39/1fd3094a49df934a9fa699d4ac39/70824.jpg?precrop=596,595,x102,y329&width=168&height=130
https://res.cloudinary.com/dpol0pyoo/image/fetch/c_crop,g_face/w_150,h_195,g_north/https://laad.btl.gov.il/view_files/Nofel_Pic/043965/NP_043965_10.jpg
https://res.cloudinary.com/dpol0pyoo/image/fetch/c_crop,g_face/w_150,h_195,g_north/https://laad.btl.gov.il/view_files/Nofel_Pic/043964/NP_043964_11.jpg
https://res.cloudinary.com/dpol0pyoo/image/fetch/c_crop,g_face/w_150,h_195,g_north/https://laad.btl.gov.il/view_files/Nofel_Pic/043977/NP_043977_10.jpg
https://res.cloudinary.com/dpol0pyoo/image/fetch/c_crop,g_face/w_150,h_195,g_north/https://laad.btl.gov.il/view_files/Nofel_Pic/043976/NP_043976_10.jpg
https://res.cloudinary.com/dpol0pyoo/image/fetch/c_crop,g_face/w_150,h_195,g_north/https://laad.btl.gov.il/view_files/Nofel_Pic/043966/NP_043966_10.jpg
https://res.cloudinary.com/dpol0pyoo/image/fetch/c_crop,g_face/w_150,h_195,g_north/https://laad.btl.gov.il/view_files/Nofel_Pic/043969/NP_043969_10.jpg
https://res.cloudinary.com/dpol0pyoo/image/fetch/c_crop,g_face/w_150,h_195,g_north/https://laad.btl.gov.il/view_files/Nofel_Pic/043970/NP_043970_10.jpg
https://res.cloudinary.com/dpol0pyoo/image/fetch/c_crop,g_face/w_150,h_195,g_north/https://laad.btl.gov.il/view_files/Nofel_Pic/043968/NP_043968_10.jpg
https://res.cloudinary.com/dpol0pyoo/image/fetch/c_crop,g_face/w_150,h_195,g_north/https://laad.btl.gov.il/view_files/Nofel_Pic/043921/NP_043921_13.jpg
https://res.cloudinary.com/dpol0pyoo/image/fetch/c_crop,g_face/w_150,h_195,g_north/https://laad.btl.gov.il/view_files/Nofel_Pic/043920/NP_043920_10.jpg
https://res.cloudinary.com/dpol0pyoo/image/fetch/c_crop,g_face/w_150,h_195,g_north/https://laad.btl.gov.il/view_files/Nofel_Pic/043924/NP_043924_10.jpg
https://res.cloudinary.com/dpol0pyoo/image/fetch/c_crop,g_face/w_150,h_195,g_north/https://laad.btl.gov.il/view_files/Nofel_Pic/043912/NP_043912_10.jpg
https://res.cloudinary.com/dpol0pyoo/image/fetch/c_crop,g_face/w_150,h_195,g_north/https://img.haarets.co.il/bs/0000018b-4ac0-dc3c-a5df-dee878140000/75/20/0543d8894c06b592bdc3e858c3d7/70653.jpg?precrop=1886,1886,x0,y0&width=168&height=130
https://res.cloudinary.com/dpol0pyoo/image/fetch/c_crop,g_face/w_150,h_195,g_north/https://laad.btl.gov.il/view_files/Nofel_Pic/043989/NP_043989_10.jpg
https://res.cloudinary.com/dpol0pyoo/image/fetch/c_crop,g_face/w_150,h_195,g_north/https://res.cloudinary.com/dpol0pyoo/image/upload/c_thumb,g_face,w_150,h_195/850.jpg
https://res.cloudinary.com/dpol0pyoo/image/fetch/c_crop,g_face/w_150,h_195,g_north/https://laad.btl.gov.il/view_files/Nofel_Pic/043982/NP_043982_10.jpg
https://res.cloudinary.com/dpol0pyoo/image/fetch/c_crop,g_face/w_150,h_195,g_north/https://laad.btl.gov.il/view_files/Nofel_Pic/043823/NP_043823_11.jpg
https://res.cloudinary.com/dpol0pyoo/image/fetch/c_crop,g_face/w_150,h_195,g_north/https://laad.btl.gov.il/view_files/Nofel_Pic/044276/NP_044276_10.jpg
https://res.cloudinary.com/dpol0pyoo/image/fetch/c_crop,g_face/w_150,h_195,g_north/https://laad.btl.gov.il/view_files/Nofel_Pic/043991/NP_043991_10.jpg
https://res.cloudinary.com/dpol0pyoo/image/fetch/c_crop,g_face/w_150,h_195,g_north/https://laad.btl.gov.il/view_files/Nofel_Pic/043886/NP_043886_10.jpg
https://res.cloudinary.com/dpol0pyoo/image/fetch/c_crop,g_face/w_150,h_195,g_north/https://laad.btl.gov.il/view_files/Nofel_Pic/043992/NP_043992_11.jpg
https://res.cloudinary.com/dpol0pyoo/image/fetch/c_crop,g_face/w_150,h_195,g_north/https://laad.btl.gov.il/view_files/Nofel_Pic/043981/NP_043981_10.jpg
https://res.cloudinary.com/dpol0pyoo/image/fetch/c_crop,g_face/w_150,h_195,g_north/https://laad.btl.gov.il/view_files/Nofel_Pic/043999/NP_043999_10.jpg
https://res.cloudinary.com/dpol0pyoo/image/fetch/c_crop,g_face/w_150,h_195,g_north/https://laad.btl.gov.il/view_files/Nofel_Pic/043988/NP_043988_11.jpg
https://res.cloudinary.com/dpol0pyoo/image/fetch/c_crop,g_face/w_150,h_195,g_north/https://laad.btl.gov.il/view_files/Nofel_Pic/043994/NP_043994_11.jpg
https://res.cloudinary.com/dpol0pyoo/image/fetch/c_crop,g_face/w_150,h_195,g_north/https://laad.btl.gov.il/view_files/Nofel_Pic/043996/NP_043996_11.jpg
https://res.cloudinary.com/dpol0pyoo/image/fetch/c_crop,g_face/w_150,h_195,g_north/https://laad.btl.gov.il/view_files/Nofel_Pic/043987/NP_043987_10.jpg
https://res.cloudinary.com/dpol0pyoo/image/fetch/c_crop,g_face/w_150,h_195,g_north/https://laad.btl.gov.il/view_files/Nofel_Pic/043993/NP_043993_10.jpg
https://res.cloudinary.com/dpol0pyoo/image/fetch/c_crop,g_face/w_150,h_195,g_north/https://laad.btl.gov.il/view_files/Nofel_Pic/043995/NP_043995_10.jpg
https://res.cloudinary.com/dpol0pyoo/image/fetch/c_crop,g_face/w_150,h_195,g_north/https://laad.btl.gov.il/view_files/Nofel_Pic/044000/NP_044000_10.jpg
https://res.cloudinary.com/dpol0pyoo/image/fetch/c_crop,g_face/w_150,h_195,g_north/https://laad.btl.gov.il/view_files/Nofel_Pic/043986/NP_043986_10.jpg
https://res.cloudinary.com/dpol0pyoo/image/fetch/c_crop,g_face/w_150,h_195,g_north/https://laad.btl.gov.il/view_files/Nofel_Pic/043984/NP_043984_10.jpg
https://res.cloudinary.com/dpol0pyoo/image/fetch/c_crop,g_face/w_150,h_195,g_north/https://laad.btl.gov.il/view_files/Nofel_Pic/043998/NP_043998_10.jpg
https://res.cloudinary.com/dpol0pyoo/image/fetch/c_crop,g_face/w_150,h_195,g_north/https://laad.btl.gov.il/view_files/Nofel_Pic/043917/NP_043917_10.jpg
https://res.cloudinary.com/dpol0pyoo/image/fetch/c_crop,g_face/w_150,h_195,g_north/https://laad.btl.gov.il/view_files/Nofel_Pic/043913/NP_043913_10.jpg
https://res.cloudinary.com/dpol0pyoo/image/fetch/c_crop,g_face/w_150,h_195,g_north/https://laad.btl.gov.il/view_files/Nofel_Pic/043914/NP_043914_10.jpg
https://res.cloudinary.com/dpol0pyoo/image/fetch/c_crop,g_face/w_150,h_195,g_north/https://laad.btl.gov.il/view_files/Nofel_Pic/043844/NP_043844_10.jpg
https://res.cloudinary.com/dpol0pyoo/image/fetch/c_crop,g_face/w_150,h_195,g_north/https://laad.btl.gov.il/view_files/Nofel_Pic/043845/NP_043845_10.jpg
https://res.cloudinary.com/dpol0pyoo/image/fetch/c_crop,g_face/w_150,h_195,g_north/https://laad.btl.gov.il/view_files/Nofel_Pic/043839/NP_043839_10.jpg
https://res.cloudinary.com/dpol0pyoo/image/fetch/c_crop,g_face/w_150,h_195,g_north/https://laad.btl.gov.il/view_files/Nofel_Pic/044036/NP_044036_11.jpg
https://res.cloudinary.com/dpol0pyoo/image/fetch/c_crop,g_face/w_150,h_195,g_north/https://laad.btl.gov.il/view_files/Nofel_Pic/043842/NP_043842_10.jpg
https://res.cloudinary.com/dpol0pyoo/image/fetch/c_crop,g_face/w_150,h_195,g_north/https://laad.btl.gov.il/view_files/Nofel_Pic/044118/NP_044118_10.jpg
https://res.cloudinary.com/dpol0pyoo/image/fetch/c_crop,g_face/w_150,h_195,g_north/https://laad.btl.gov.il/view_files/Nofel_Pic/044002/NP_044002_12.jpg
https://res.cloudinary.com/dpol0pyoo/image/fetch/c_crop,g_face/w_150,h_195,g_north/https://laad.btl.gov.il/view_files/Nofel_Pic/044004/NP_044004_10.jpg
https://res.cloudinary.com/dpol0pyoo/image/fetch/c_crop,g_face/w_150,h_195,g_north/https://laad.btl.gov.il/view_files/Nofel_Pic/043841/NP_043841_10.jpg
https://res.cloudinary.com/dpol0pyoo/image/fetch/c_crop,g_face/w_150,h_195,g_north/https://laad.btl.gov.il/view_files/Nofel_Pic/043772/NP_043772_11.jpg
https://res.cloudinary.com/dpol0pyoo/image/fetch/c_crop,g_face/w_150,h_195,g_north/https://laad.btl.gov.il/view_files/Nofel_Pic/043342/NP_043342_10.jpg
https://res.cloudinary.com/dpol0pyoo/image/fetch/c_crop,g_face/w_150,h_195,g_north/https://laad.btl.gov.il/view_files/Nofel_Pic/043787/NP_043787_10.jpg
https://res.cloudinary.com/dpol0pyoo/image/fetch/c_crop,g_face/w_150,h_195,g_north/https://laad.btl.gov.il/view_files/Nofel_Pic/043738/NP_043738_10.jpg
https://res.cloudinary.com/dpol0pyoo/image/fetch/c_crop,g_face/w_150,h_195,g_north/https://laad.btl.gov.il/view_files/Nofel_Pic/043906/NP_043906_10.jpg
https://res.cloudinary.com/dpol0pyoo/image/fetch/c_crop,g_face/w_150,h_195,g_north/https://laad.btl.gov.il/view_files/Nofel_Pic/043890/NP_043890_10.jpg
https://res.cloudinary.com/dpol0pyoo/image/fetch/c_crop,g_face/w_150,h_195,g_north/https://laad.btl.gov.il/view_files/Nofel_Pic/043678/NP_043678_10.jpg
https://res.cloudinary.com/dpol0pyoo/image/fetch/c_crop,g_face/w_150,h_195,g_north/https://laad.btl.gov.il/view_files/Nofel_Pic/043694/NP_043694_10.jpg
https://res.cloudinary.com/dpol0pyoo/image/fetch/c_crop,g_face/w_150,h_195,g_north/https://laad.btl.gov.il/view_files/Nofel_Pic/043807/NP_043807_11.jpg
https://res.cloudinary.com/dpol0pyoo/image/fetch/c_crop,g_face/w_150,h_195,g_north/https://laad.btl.gov.il/view_files/Nofel_Pic/044016/NP_044016_10.jpg
https://res.cloudinary.com/dpol0pyoo/image/fetch/c_crop,g_face/w_150,h_195,g_north/https://laad.btl.gov.il/view_files/Nofel_Pic/044023/NP_044023_10.jpg
https://res.cloudinary.com/dpol0pyoo/image/fetch/c_crop,g_face/w_150,h_195,g_north/https://laad.btl.gov.il/view_files/Nofel_Pic/044020/NP_044020_10.jpg
https://res.cloudinary.com/dpol0pyoo/image/fetch/c_crop,g_face/w_150,h_195,g_north/https://laad.btl.gov.il/view_files/Nofel_Pic/043804/NP_043804_10.jpg
https://res.cloudinary.com/dpol0pyoo/image/fetch/c_crop,g_face/w_150,h_195,g_north/https://laad.btl.gov.il/view_files/Nofel_Pic/043915/NP_043915_11.jpg
https://res.cloudinary.com/dpol0pyoo/image/fetch/c_crop,g_face/w_150,h_195,g_north/https://laad.btl.gov.il/view_files/Nofel_Pic/043905/NP_043905_10.jpg
https://res.cloudinary.com/dpol0pyoo/image/fetch/c_crop,g_face/w_150,h_195,g_north/https://laad.btl.gov.il/view_files/Nofel_Pic/043825/NP_043825_11.jpg
https://res.cloudinary.com/dpol0pyoo/image/fetch/c_crop,g_face/w_150,h_195,g_north/https://laad.btl.gov.il/view_files/Nofel_Pic/043801/NP_043801_11.jpg
https://res.cloudinary.com/dpol0pyoo/image/fetch/c_crop,g_face/w_150,h_195,g_north/https://laad.btl.gov.il/view_files/Nofel_Pic/043861/NP_043861_11.jpg
https://res.cloudinary.com/dpol0pyoo/image/fetch/c_crop,g_face/w_150,h_195,g_north/https://laad.btl.gov.il/view_files/Nofel_Pic/043865/NP_043865_10.jpg
https://res.cloudinary.com/dpol0pyoo/image/fetch/c_crop,g_face/w_150,h_195,g_north/https://laad.btl.gov.il/view_files/Nofel_Pic/043846/NP_043846_10.jpg
https://res.cloudinary.com/dpol0pyoo/image/fetch/c_crop,g_face/w_150,h_195,g_north/https://laad.btl.gov.il/view_files/Nofel_Pic/043997/NP_043997_10.jpg
https://res.cloudinary.com/dpol0pyoo/image/fetch/c_crop,g_face/w_150,h_195,g_north/https://laad.btl.gov.il/view_files/Nofel_Pic/043931/NP_043931_10.jpg
https://res.cloudinary.com/dpol0pyoo/image/fetch/c_crop,g_face/w_150,h_195,g_north/https://laad.btl.gov.il/view_files/Nofel_Pic/043919/NP_043919_10.jpg
https://res.cloudinary.com/dpol0pyoo/image/fetch/c_crop,g_face/w_150,h_195,g_north/https://laad.btl.gov.il/view_files/Nofel_Pic/043848/NP_043848_10.jpg
https://res.cloudinary.com/dpol0pyoo/image/fetch/c_crop,g_face/w_150,h_195,g_north/https://laad.btl.gov.il/view_files/Nofel_Pic/043873/NP_043873_11.jpg
https://res.cloudinary.com/dpol0pyoo/image/fetch/c_crop,g_face/w_150,h_195,g_north/https://laad.btl.gov.il/view_files/Nofel_Pic/043674/NP_043674_11.jpg
https://res.cloudinary.com/dpol0pyoo/image/fetch/c_crop,g_face/w_150,h_195,g_north/https://laad.btl.gov.il/view_files/Nofel_Pic/043731/NP_043731_10.jpg
https://res.cloudinary.com/dpol0pyoo/image/fetch/c_crop,g_face/w_150,h_195,g_north/https://laad.btl.gov.il/view_files/Nofel_Pic/043728/NP_043728_10.jpg
https://res.cloudinary.com/dpol0pyoo/image/fetch/c_crop,g_face/w_150,h_195,g_north/https://laad.btl.gov.il/view_files/Nofel_Pic/043840/NP_043840_11.jpg
https://res.cloudinary.com/dpol0pyoo/image/fetch/c_crop,g_face/w_150,h_195,g_north/https://laad.btl.gov.il/view_files/Nofel_Pic/043857/NP_043857_10.jpg
https://res.cloudinary.com/dpol0pyoo/image/fetch/c_crop,g_face/w_150,h_195,g_north/https://laad.btl.gov.il/view_files/Nofel_Pic/043911/NP_043911_10.jpg
https://res.cloudinary.com/dpol0pyoo/image/fetch/c_crop,g_face/w_150,h_195,g_north/https://laad.btl.gov.il/view_files/Nofel_Pic/043827/NP_043827_11.jpg
https://res.cloudinary.com/dpol0pyoo/image/fetch/c_crop,g_face/w_150,h_195,g_north/https://laad.btl.gov.il/view_files/Nofel_Pic/043923/NP_043923_11.jpg
https://res.cloudinary.com/dpol0pyoo/image/fetch/c_crop,g_face/w_150,h_195,g_north/https://laad.btl.gov.il/view_files/Nofel_Pic/043975/NP_043975_10.jpg
https://res.cloudinary.com/dpol0pyoo/image/fetch/c_crop,g_face/w_150,h_195,g_north/https://laad.btl.gov.il/view_files/Nofel_Pic/043739/NP_043739_10.jpg
https://res.cloudinary.com/dpol0pyoo/image/fetch/c_crop,g_face/w_150,h_195,g_north/https://laad.btl.gov.il/view_files/Nofel_Pic/043806/NP_043806_10.jpg
https://res.cloudinary.com/dpol0pyoo/image/fetch/c_crop,g_face/w_150,h_195,g_north/https://laad.btl.gov.il/view_files/Nofel_Pic/043813/NP_043813_10.jpg
https://res.cloudinary.com/dpol0pyoo/image/fetch/c_crop,g_face/w_150,h_195,g_north/https://laad.btl.gov.il/view_files/Nofel_Pic/043812/NP_043812_10.jpg
https://res.cloudinary.com/dpol0pyoo/image/fetch/c_crop,g_face/w_150,h_195,g_north/https://laad.btl.gov.il/view_files/Nofel_Pic/043811/NP_043811_10.jpg
https://res.cloudinary.com/dpol0pyoo/image/fetch/c_crop,g_face/w_150,h_195,g_north/https://laad.btl.gov.il/view_files/Nofel_Pic/043815/NP_043815_10.jpg
https://res.cloudinary.com/dpol0pyoo/image/fetch/c_crop,g_face/w_150,h_195,g_north/https://res.cloudinary.com/dpol0pyoo/image/upload/v1772208043/police_memorials/pid_956.jpg
https://res.cloudinary.com/dpol0pyoo/image/fetch/c_crop,g_face/w_150,h_195,g_north/https://laad.btl.gov.il/view_files/Nofel_Pic/043816/NP_043816_10.jpg
https://res.cloudinary.com/dpol0pyoo/image/fetch/c_crop,g_face/w_150,h_195,g_north/https://laad.btl.gov.il/view_files/Nofel_Pic/043809/NP_043809_10.jpg
https://res.cloudinary.com/dpol0pyoo/image/fetch/c_crop,g_face/w_150,h_195,g_north/https://laad.btl.gov.il/view_files/Nofel_Pic/043808/NP_043808_10.jpg
https://res.cloudinary.com/dpol0pyoo/image/fetch/c_crop,g_face/w_150,h_195,g_north/https://laad.btl.gov.il/view_files/Nofel_Pic/043814/NP_043814_11.jpg
https://res.cloudinary.com/dpol0pyoo/image/fetch/c_crop,g_face/w_150,h_195,g_north/https://laad.btl.gov.il/view_files/Nofel_Pic/043854/NP_043854_10.jpg
https://res.cloudinary.com/dpol0pyoo/image/fetch/c_crop,g_face/w_150,h_195,g_north/https://laad.btl.gov.il/view_files/Nofel_Pic/043852/NP_043852_11.jpg
https://res.cloudinary.com/dpol0pyoo/image/fetch/c_crop,g_face/w_150,h_195,g_north/https://laad.btl.gov.il/view_files/Nofel_Pic/043903/NP_043903_10.jpg
https://res.cloudinary.com/dpol0pyoo/image/fetch/c_crop,g_face/w_150,h_195,g_north/https://img.haarets.co.il/bs/0000018b-571d-d72c-a3af-77bdcb1a0001/93/e6/91875b9c4c1fae122a84424d3192/moran.JPG?precrop=undefined,undefined,xundefined,yundefined&width=168&height=130
https://res.cloudinary.com/dpol0pyoo/image/fetch/c_crop,g_face/w_150,h_195,g_north/https://laad.btl.gov.il/view_files/Nofel_Pic/043849/NP_043849_10.jpg
https://res.cloudinary.com/dpol0pyoo/image/fetch/c_crop,g_face/w_150,h_195,g_north/https://laad.btl.gov.il/view_files/Nofel_Pic/043826/NP_043826_10.jpg
https://res.cloudinary.com/dpol0pyoo/image/fetch/c_crop,g_face/w_150,h_195,g_north/https://laad.btl.gov.il/view_files/Nofel_Pic/044115/NP_044115_25.jpg
https://res.cloudinary.com/dpol0pyoo/image/fetch/c_crop,g_face/w_150,h_195,g_north/https://img.haarets.co.il/bs/0000018b-5d38-d8e2-a1eb-ff3e0d6d0001/cd/09/6fbaac7d4d5c9ebe632d83d816f6/shlomi-ziv.JPG?precrop=undefined,undefined,xundefined,yundefined&width=168&height=130
https://res.cloudinary.com/dpol0pyoo/image/fetch/c_crop,g_face/w_150,h_195,g_north/https://laad.btl.gov.il/view_files/Nofel_Pic/043820/NP_043820_10.jpg
https://res.cloudinary.com/dpol0pyoo/image/fetch/c_crop,g_face/w_150,h_195,g_north/https://laad.btl.gov.il/view_files/Nofel_Pic/043922/NP_043922_11.jpg
https://res.cloudinary.com/dpol0pyoo/image/fetch/c_crop,g_face/w_150,h_195,g_north/https://res.cloudinary.com/dpol0pyoo/image/upload/v1772208052/police_memorials/pid_973.jpg
https://res.cloudinary.com/dpol0pyoo/image/fetch/c_crop,g_face/w_150,h_195,g_north/https://laad.btl.gov.il/view_files/Nofel_Pic/043437/NP_043437_10.jpg
https://res.cloudinary.com/dpol0pyoo/image/fetch/c_crop,g_face/w_150,h_195,g_north/https://res.cloudinary.com/dpol0pyoo/image/upload/v1772208056/police_memorials/pid_975.jpg
https://res.cloudinary.com/dpol0pyoo/image/fetch/c_crop,g_face/w_150,h_195,g_north/https://laad.btl.gov.il/view_files/Nofel_Pic/043436/NP_043436_10.jpg
https://res.cloudinary.com/dpol0pyoo/image/fetch/c_crop,g_face/w_150,h_195,g_north/https://res.cloudinary.com/dpol0pyoo/image/upload/v1772208059/police_memorials/pid_977.jpg
https://res.cloudinary.com/dpol0pyoo/image/fetch/c_crop,g_face/w_150,h_195,g_north/https://laad.btl.gov.il/view_files/Nofel_Pic/043464/NP_043464_11.jpg
https://res.cloudinary.com/dpol0pyoo/image/fetch/c_crop,g_face/w_150,h_195,g_north/https://res.cloudinary.com/dpol0pyoo/image/upload/v1772208062/police_memorials/pid_979.jpg
https://res.cloudinary.com/dpol0pyoo/image/fetch/c_crop,g_face/w_150,h_195,g_north/https://res.cloudinary.com/dpol0pyoo/image/upload/v1772203081/idf_memorials/pid_980.webp
https://res.cloudinary.com/dpol0pyoo/image/fetch/c_crop,g_face/w_150,h_195,g_north/https://laad.btl.gov.il/view_files/Nofel_Pic/043442/NP_043442_10.jpg
https://res.cloudinary.com/dpol0pyoo/image/fetch/c_crop,g_face/w_150,h_195,g_north/https://laad.btl.gov.il/view_files/Nofel_Pic/043441/NP_043441_10.jpg
https://res.cloudinary.com/dpol0pyoo/image/fetch/c_crop,g_face/w_150,h_195,g_north/https://res.cloudinary.com/dpol0pyoo/image/upload/v1772203085/idf_memorials/pid_983.webp
https://res.cloudinary.com/dpol0pyoo/image/fetch/c_crop,g_face/w_150,h_195,g_north/https://laad.btl.gov.il/view_files/Nofel_Pic/043452/NP_043452_10.jpg
https://res.cloudinary.com/dpol0pyoo/image/fetch/c_crop,g_face/w_150,h_195,g_north/https://laad.btl.gov.il/view_files/Nofel_Pic/043448/NP_043448_10.jpg
https://res.cloudinary.com/dpol0pyoo/image/fetch/c_crop,g_face/w_150,h_195,g_north/https://res.cloudinary.com/dpol0pyoo/image/upload/v1772208065/police_memorials/pid_986.jpg
https://res.cloudinary.com/dpol0pyoo/image/fetch/c_crop,g_face/w_150,h_195,g_north/https://laad.btl.gov.il/view_files/Nofel_Pic/043444/NP_043444_10.jpg
https://res.cloudinary.com/dpol0pyoo/image/fetch/c_crop,g_face/w_150,h_195,g_north/https://res.cloudinary.com/dpol0pyoo/image/upload/v1772208068/police_memorials/pid_988.jpg
https://res.cloudinary.com/dpol0pyoo/image/fetch/c_crop,g_face/w_150,h_195,g_north/https://laad.btl.gov.il/view_files/Nofel_Pic/043434/NP_043434_10.jpg
https://res.cloudinary.com/dpol0pyoo/image/fetch/c_crop,g_face/w_150,h_195,g_north/https://laad.btl.gov.il/view_files/Nofel_Pic/043433/NP_043433_11.jpg
https://res.cloudinary.com/dpol0pyoo/image/fetch/c_crop,g_face/w_150,h_195,g_north/https://laad.btl.gov.il/view_files/Nofel_Pic/043467/NP_043467_11.jpg
https://res.cloudinary.com/dpol0pyoo/image/fetch/c_crop,g_face/w_150,h_195,g_north/https://res.cloudinary.com/dpol0pyoo/image/upload/v1772203090/idf_memorials/pid_993.webp
https://res.cloudinary.com/dpol0pyoo/image/fetch/c_crop,g_face/w_150,h_195,g_north/https://res.cloudinary.com/dpol0pyoo/image/upload/c_thumb,g_face,w_150,h_195/994.jpg
https://res.cloudinary.com/dpol0pyoo/image/fetch/c_crop,g_face/w_150,h_195,g_north/https://laad.btl.gov.il/view_files/Nofel_Pic/043439/NP_043439_10.jpg
https://res.cloudinary.com/dpol0pyoo/image/fetch/c_crop,g_face/w_150,h_195,g_north/https://res.cloudinary.com/dpol0pyoo/image/upload/v1772208072/police_memorials/pid_998.jpg
https://res.cloudinary.com/dpol0pyoo/image/fetch/c_crop,g_face/w_150,h_195,g_north/https://laad.btl.gov.il/view_files/Nofel_Pic/043449/NP_043449_11.jpg
https://res.cloudinary.com/dpol0pyoo/image/fetch/c_crop,g_face/w_150,h_195,g_north/https://laad.btl.gov.il/view_files/Nofel_Pic/043457/NP_043457_10.jpg
https://res.cloudinary.com/dpol0pyoo/image/fetch/c_crop,g_face/w_150,h_195,g_north/https://laad.btl.gov.il/view_files/Nofel_Pic/043458/NP_043458_10.jpg
https://res.cloudinary.com/dpol0pyoo/image/fetch/c_crop,g_face/w_150,h_195,g_north/https://laad.btl.gov.il/view_files/Nofel_Pic/043459/NP_043459_10.jpg
https://res.cloudinary.com/dpol0pyoo/image/fetch/c_crop,g_face/w_150,h_195,g_north/https://laad.btl.gov.il/view_files/Nofel_Pic/043438/NP_043438_10.jpg
https://res.cloudinary.com/dpol0pyoo/image/fetch/c_crop,g_face/w_150,h_195,g_north/https://laad.btl.gov.il/view_files/Nofel_Pic/043453/NP_043453_10.jpg
https://res.cloudinary.com/dpol0pyoo/image/fetch/c_crop,g_face/w_150,h_195,g_north/https://laad.btl.gov.il/view_files/Nofel_Pic/043454/NP_043454_10.jpg
https://res.cloudinary.com/dpol0pyoo/image/fetch/c_crop,g_face/w_150,h_195,g_north/https://laad.btl.gov.il/view_files/Nofel_Pic/043450/NP_043450_10.jpg
https://res.cloudinary.com/dpol0pyoo/image/fetch/c_crop,g_face/w_150,h_195,g_north/https://res.cloudinary.com/dpol0pyoo/image/upload/v1772203097/idf_memorials/pid_1032.webp
https://res.cloudinary.com/dpol0pyoo/image/fetch/c_crop,g_face/w_150,h_195,g_north/https://res.cloudinary.com/dpol0pyoo/image/upload/1033
https://res.cloudinary.com/dpol0pyoo/image/fetch/c_crop,g_face/w_150,h_195,g_north/https://res.cloudinary.com/dpol0pyoo/image/upload/v1772203105/idf_memorials/pid_1034.webp
https://res.cloudinary.com/dpol0pyoo/image/fetch/c_crop,g_face/w_150,h_195,g_north/https://res.cloudinary.com/dpol0pyoo/image/upload/v1772203109/idf_memorials/pid_1035.webp
https://res.cloudinary.com/dpol0pyoo/image/fetch/c_crop,g_face/w_150,h_195,g_north/https://laad.btl.gov.il/view_files/Nofel_Pic/043745/NP_043745_11.jpg
https://res.cloudinary.com/dpol0pyoo/image/fetch/c_crop,g_face/w_150,h_195,g_north/https://laad.btl.gov.il/view_files/Nofel_Pic/043664/NP_043664_12.jpg
https://res.cloudinary.com/dpol0pyoo/image/fetch/c_crop,g_face/w_150,h_195,g_north/https://res.cloudinary.com/dpol0pyoo/image/upload/v1772203425/idf_memorials/pid_1038.webp
https://res.cloudinary.com/dpol0pyoo/image/fetch/c_crop,g_face/w_150,h_195,g_north/https://laad.btl.gov.il/view_files/Nofel_Pic/043660/NP_043660_11.jpg
https://res.cloudinary.com/dpol0pyoo/image/fetch/c_crop,g_face/w_150,h_195,g_north/https://laad.btl.gov.il/view_files/Nofel_Pic/043662/NP_043662_10.jpg
https://res.cloudinary.com/dpol0pyoo/image/fetch/c_crop,g_face/w_150,h_195,g_north/https://laad.btl.gov.il/view_files/Nofel_Pic/043666/NP_043666_11.jpg
https://res.cloudinary.com/dpol0pyoo/image/fetch/c_crop,g_face/w_150,h_195,g_north/https://laad.btl.gov.il/view_files/Nofel_Pic/043667/NP_043667_10.jpg
https://res.cloudinary.com/dpol0pyoo/image/fetch/c_crop,g_face/w_150,h_195,g_north/https://laad.btl.gov.il/view_files/Nofel_Pic/043665/NP_043665_11.jpg
https://res.cloudinary.com/dpol0pyoo/image/fetch/c_crop,g_face/w_150,h_195,g_north/https://laad.btl.gov.il/view_files/Nofel_Pic/043663/NP_043663_10.jpg
https://res.cloudinary.com/dpol0pyoo/image/fetch/c_crop,g_face/w_150,h_195,g_north/https://laad.btl.gov.il/view_files/Nofel_Pic/043670/NP_043670_10.jpg
https://res.cloudinary.com/dpol0pyoo/image/fetch/c_crop,g_face/w_150,h_195,g_north/https://laad.btl.gov.il/view_files/Nofel_Pic/043669/NP_043669_10.jpg
https://res.cloudinary.com/dpol0pyoo/image/fetch/c_crop,g_face/w_150,h_195,g_north/https://laad.btl.gov.il/view_files/Nofel_Pic/043671/NP_043671_10.jpg
https://res.cloudinary.com/dpol0pyoo/image/fetch/c_crop,g_face/w_150,h_195,g_north/https://laad.btl.gov.il/view_files/Nofel_Pic/043668/NP_043668_10.jpg
https://res.cloudinary.com/dpol0pyoo/image/fetch/c_crop,g_face/w_150,h_195,g_north/https://laad.btl.gov.il/view_files/Nofel_Pic/043672/NP_043672_10.jpg
https://res.cloudinary.com/dpol0pyoo/image/fetch/c_crop,g_face/w_150,h_195,g_north/https://laad.btl.gov.il/view_files/Nofel_Pic/043673/NP_043673_12.jpg
https://res.cloudinary.com/dpol0pyoo/image/fetch/c_crop,g_face/w_150,h_195,g_north/https://laad.btl.gov.il/view_files/Nofel_Pic/043821/NP_043821_10.jpg
https://res.cloudinary.com/dpol0pyoo/image/fetch/c_crop,g_face/w_150,h_195,g_north/https://res.cloudinary.com/dpol0pyoo/image/upload/v1772208077/police_memorials/pid_1052.jpg
https://res.cloudinary.com/dpol0pyoo/image/fetch/c_crop,g_face/w_150,h_195,g_north/https://res.cloudinary.com/dpol0pyoo/image/upload/v1772203113/idf_memorials/pid_1053.webp
https://res.cloudinary.com/dpol0pyoo/image/fetch/c_crop,g_face/w_150,h_195,g_north/https://img.haarets.co.il/bs/0000018b-4ad2-d199-a7eb-dfdef9dc0001/5b/51/98f016ad4b099570cdd4686a038d/71243.jpg?precrop=1927,1928,x5,y0&width=168&height=130
https://res.cloudinary.com/dpol0pyoo/image/fetch/c_crop,g_face/w_150,h_195,g_north/https://assets-global.website-files.com/652a57dd622571ba143495d5/652a7f3a29f6f7d9d2b84a5b_Rom%20braslavski2.jpg
https://res.cloudinary.com/dpol0pyoo/image/fetch/c_crop,g_face/w_150,h_195,g_north/https://laad.btl.gov.il/view_files/Nofel_Pic/043391/NP_043391_10.jpg
https://res.cloudinary.com/dpol0pyoo/image/fetch/c_crop,g_face/w_150,h_195,g_north/https://res.cloudinary.com/dpol0pyoo/image/upload/v1772208080/police_memorials/pid_1057.jpg
https://res.cloudinary.com/dpol0pyoo/image/fetch/c_crop,g_face/w_150,h_195,g_north/https://laad.btl.gov.il/view_files/Nofel_Pic/043390/NP_043390_11.jpg
https://res.cloudinary.com/dpol0pyoo/image/fetch/c_crop,g_face/w_150,h_195,g_north/https://laad.btl.gov.il/view_files/Nofel_Pic/043387/NP_043387_11.jpg
https://res.cloudinary.com/dpol0pyoo/image/fetch/c_crop,g_face/w_150,h_195,g_north/https://laad.btl.gov.il/view_files/Nofel_Pic/043389/NP_043389_11.jpg
https://res.cloudinary.com/dpol0pyoo/image/fetch/c_crop,g_face/w_150,h_195,g_north/https://res.cloudinary.com/dpol0pyoo/image/upload/v1772208084/police_memorials/pid_1062.jpg
https://res.cloudinary.com/dpol0pyoo/image/fetch/c_crop,g_face/w_150,h_195,g_north/https://res.cloudinary.com/dpol0pyoo/image/upload/v1772203117/idf_memorials/pid_1063.webp
https://res.cloudinary.com/dpol0pyoo/image/fetch/c_crop,g_face/w_150,h_195,g_north/https://res.cloudinary.com/dpol0pyoo/image/upload/v1772208087/police_memorials/pid_1064.jpg
https://res.cloudinary.com/dpol0pyoo/image/fetch/c_crop,g_face/w_150,h_195,g_north/https://laad.btl.gov.il/view_files/Nofel_Pic/043372/NP_043372_10.jpg
https://res.cloudinary.com/dpol0pyoo/image/fetch/c_crop,g_face/w_150,h_195,g_north/https://res.cloudinary.com/dpol0pyoo/image/upload/v1772203121/idf_memorials/pid_1066.webp
https://res.cloudinary.com/dpol0pyoo/image/fetch/c_crop,g_face/w_150,h_195,g_north/https://laad.btl.gov.il/view_files/Nofel_Pic/043381/NP_043381_10.jpg
https://res.cloudinary.com/dpol0pyoo/image/fetch/c_crop,g_face/w_150,h_195,g_north/https://res.cloudinary.com/dpol0pyoo/image/upload/v1772208091/police_memorials/pid_1076.jpg
https://res.cloudinary.com/dpol0pyoo/image/fetch/c_crop,g_face/w_150,h_195,g_north/https://res.cloudinary.com/dpol0pyoo/image/upload/v1772203126/idf_memorials/pid_1077.webp
https://res.cloudinary.com/dpol0pyoo/image/fetch/c_crop,g_face/w_150,h_195,g_north/https://res.cloudinary.com/dpol0pyoo/image/upload/v1772203134/idf_memorials/pid_1078.webp
https://res.cloudinary.com/dpol0pyoo/image/fetch/c_crop,g_face/w_150,h_195,g_north/https://res.cloudinary.com/dpol0pyoo/image/upload/v1772203138/idf_memorials/pid_1079.webp
https://res.cloudinary.com/dpol0pyoo/image/fetch/c_crop,g_face/w_150,h_195,g_north/https://res.cloudinary.com/dpol0pyoo/image/upload/v1772203146/idf_memorials/pid_1082.jpg
https://res.cloudinary.com/dpol0pyoo/image/fetch/c_crop,g_face/w_150,h_195,g_north/https://res.cloudinary.com/dpol0pyoo/image/upload/v1772208095/police_memorials/pid_1135.jpg
https://res.cloudinary.com/dpol0pyoo/image/fetch/c_crop,g_face/w_150,h_195,g_north/https://res.cloudinary.com/dpol0pyoo/image/upload/v1772208099/police_memorials/pid_1136.jpg
https://res.cloudinary.com/dpol0pyoo/image/fetch/c_crop,g_face/w_150,h_195,g_north/https://res.cloudinary.com/dpol0pyoo/image/upload/v1772203152/idf_memorials/pid_1137.webp
https://res.cloudinary.com/dpol0pyoo/image/fetch/c_crop,g_face/w_150,h_195,g_north/https://res.cloudinary.com/dpol0pyoo/image/upload/v1772203156/idf_memorials/pid_1138.webp
https://res.cloudinary.com/dpol0pyoo/image/fetch/c_crop,g_face/w_150,h_195,g_north/https://res.cloudinary.com/dpol0pyoo/image/upload/v1772208102/police_memorials/pid_1139.jpg
https://res.cloudinary.com/dpol0pyoo/image/fetch/c_crop,g_face/w_150,h_195,g_north/https://res.cloudinary.com/dpol0pyoo/image/upload/v1772203160/idf_memorials/pid_1140.webp
https://res.cloudinary.com/dpol0pyoo/image/fetch/c_crop,g_face/w_150,h_195,g_north/https://res.cloudinary.com/dpol0pyoo/image/upload/v1772208106/police_memorials/pid_1141.jpg
https://res.cloudinary.com/dpol0pyoo/image/fetch/c_crop,g_face/w_150,h_195,g_north/https://res.cloudinary.com/dpol0pyoo/image/upload/v1772208109/police_memorials/pid_1142.jpg
https://res.cloudinary.com/dpol0pyoo/image/fetch/c_crop,g_face/w_150,h_195,g_north/https://res.cloudinary.com/dpol0pyoo/image/upload/v1772208113/police_memorials/pid_1143.jpg
https://res.cloudinary.com/dpol0pyoo/image/fetch/c_crop,g_face/w_150,h_195,g_north/https://res.cloudinary.com/dpol0pyoo/image/upload/v1772203164/idf_memorials/pid_1144.webp
https://res.cloudinary.com/dpol0pyoo/image/fetch/c_crop,g_face/w_150,h_195,g_north/https://laad.btl.gov.il/view_files/Nofel_Pic/043422/NP_043422_10.jpg
https://res.cloudinary.com/dpol0pyoo/image/fetch/c_crop,g_face/w_150,h_195,g_north/https://laad.btl.gov.il/view_files/Nofel_Pic/043427/NP_043427_11.jpg
https://res.cloudinary.com/dpol0pyoo/image/fetch/c_crop,g_face/w_150,h_195,g_north/https://laad.btl.gov.il/view_files/Nofel_Pic/043428/NP_043428_11.jpg
https://res.cloudinary.com/dpol0pyoo/image/fetch/c_crop,g_face/w_150,h_195,g_north/https://laad.btl.gov.il/view_files/Nofel_Pic/043414/NP_043414_10.jpg
https://res.cloudinary.com/dpol0pyoo/image/fetch/c_crop,g_face/w_150,h_195,g_north/https://laad.btl.gov.il/view_files/Nofel_Pic/043415/NP_043415_10.jpg
https://res.cloudinary.com/dpol0pyoo/image/fetch/c_crop,g_face/w_150,h_195,g_north/https://laad.btl.gov.il/view_files/Nofel_Pic/043416/NP_043416_11.jpg
https://res.cloudinary.com/dpol0pyoo/image/fetch/c_crop,g_face/w_150,h_195,g_north/https://laad.btl.gov.il/view_files/Nofel_Pic/043417/NP_043417_10.jpg
https://res.cloudinary.com/dpol0pyoo/image/fetch/c_crop,g_face/w_150,h_195,g_north/https://laad.btl.gov.il/view_files/Nofel_Pic/043466/NP_043466_10.jpg
https://res.cloudinary.com/dpol0pyoo/image/fetch/c_crop,g_face/w_150,h_195,g_north/https://laad.btl.gov.il/view_files/Nofel_Pic/044054/NP_044054_10.jpg
https://res.cloudinary.com/dpol0pyoo/image/fetch/c_crop,g_face/w_150,h_195,g_north/https://laad.btl.gov.il/view_files/Nofel_Pic/043424/NP_043424_10.jpg
https://res.cloudinary.com/dpol0pyoo/image/fetch/c_crop,g_face/w_150,h_195,g_north/https://laad.btl.gov.il/view_files/Nofel_Pic/044053/NP_044053_10.jpg
https://res.cloudinary.com/dpol0pyoo/image/fetch/c_crop,g_face/w_150,h_195,g_north/https://laad.btl.gov.il/view_files/Nofel_Pic/043423/NP_043423_10.jpg
https://res.cloudinary.com/dpol0pyoo/image/fetch/c_crop,g_face/w_150,h_195,g_north/https://laad.btl.gov.il/view_files/Nofel_Pic/043420/NP_043420_11.jpg
https://res.cloudinary.com/dpol0pyoo/image/fetch/c_crop,g_face/w_150,h_195,g_north/https://laad.btl.gov.il/view_files/Nofel_Pic/044038/NP_044038_10.jpg
https://res.cloudinary.com/dpol0pyoo/image/fetch/c_crop,g_face/w_150,h_195,g_north/https://laad.btl.gov.il/view_files/Nofel_Pic/044052/NP_044052_10.jpg
https://res.cloudinary.com/dpol0pyoo/image/fetch/c_crop,g_face/w_150,h_195,g_north/https://laad.btl.gov.il/view_files/Nofel_Pic/043393/NP_043393_11.jpg
https://res.cloudinary.com/dpol0pyoo/image/fetch/c_crop,g_face/w_150,h_195,g_north/https://res.cloudinary.com/dpol0pyoo/image/upload/v1772203168/idf_memorials/pid_1175.webp
https://res.cloudinary.com/dpol0pyoo/image/fetch/c_crop,g_face/w_150,h_195,g_north/https://res.cloudinary.com/dpol0pyoo/image/upload/v1772203172/idf_memorials/pid_1176.webp
https://res.cloudinary.com/dpol0pyoo/image/fetch/c_crop,g_face/w_150,h_195,g_north/https://res.cloudinary.com/dpol0pyoo/image/upload/v1772203177/idf_memorials/pid_1178.webp
https://res.cloudinary.com/dpol0pyoo/image/fetch/c_crop,g_face/w_150,h_195,g_north/https://res.cloudinary.com/dpol0pyoo/image/upload/v1772203181/idf_memorials/pid_1179.webp
https://res.cloudinary.com/dpol0pyoo/image/fetch/c_crop,g_face/w_150,h_195,g_north/https://res.cloudinary.com/dpol0pyoo/image/upload/v1772203186/idf_memorials/pid_1180.webp
https://res.cloudinary.com/dpol0pyoo/image/fetch/c_crop,g_face/w_150,h_195,g_north/https://res.cloudinary.com/dpol0pyoo/image/upload/v1772203190/idf_memorials/pid_1181.webp
https://res.cloudinary.com/dpol0pyoo/image/fetch/c_crop,g_face/w_150,h_195,g_north/https://res.cloudinary.com/dpol0pyoo/image/upload/v1772208117/police_memorials/pid_1182.jpg
https://res.cloudinary.com/dpol0pyoo/image/fetch/c_crop,g_face/w_150,h_195,g_north/https://res.cloudinary.com/dpol0pyoo/image/upload/v1772208129/police_memorials/pid_1183.jpg
https://res.cloudinary.com/dpol0pyoo/image/fetch/c_crop,g_face/w_150,h_195,g_north/https://res.cloudinary.com/dpol0pyoo/image/upload/v1772208147/police_memorials/pid_1184.jpg
https://res.cloudinary.com/dpol0pyoo/image/fetch/c_crop,g_face/w_150,h_195,g_north/https://res.cloudinary.com/dpol0pyoo/image/upload/v1772208152/police_memorials/pid_1185.jpg
https://res.cloudinary.com/dpol0pyoo/image/fetch/c_crop,g_face/w_150,h_195,g_north/https://laad.btl.gov.il/Rsrc/Images/nopicTerror.jpg
https://res.cloudinary.com/dpol0pyoo/image/fetch/c_crop,g_face/w_150,h_195,g_north/https://res.cloudinary.com/dpol0pyoo/image/upload/v1772203195/idf_memorials/pid_1187.webp
https://res.cloudinary.com/dpol0pyoo/image/fetch/c_crop,g_face/w_150,h_195,g_north/https://res.cloudinary.com/dpol0pyoo/image/upload/v1772208166/police_memorials/pid_1188.jpg
https://res.cloudinary.com/dpol0pyoo/image/fetch/c_crop,g_face/w_150,h_195,g_north/https://res.cloudinary.com/dpol0pyoo/image/upload/v1772208193/police_memorials/pid_1189.jpg
https://res.cloudinary.com/dpol0pyoo/image/fetch/c_crop,g_face/w_150,h_195,g_north/https://res.cloudinary.com/dpol0pyoo/image/upload/v1772208197/police_memorials/pid_1190.jpg
https://res.cloudinary.com/dpol0pyoo/image/fetch/c_crop,g_face/w_150,h_195,g_north/https://res.cloudinary.com/dpol0pyoo/image/upload/v1772208201/police_memorials/pid_1191.jpg
https://res.cloudinary.com/dpol0pyoo/image/fetch/c_crop,g_face/w_150,h_195,g_north/https://res.cloudinary.com/dpol0pyoo/image/upload/v1772203199/idf_memorials/pid_1192.webp
https://res.cloudinary.com/dpol0pyoo/image/fetch/c_crop,g_face/w_150,h_195,g_north/https://res.cloudinary.com/dpol0pyoo/image/upload/v1772203203/idf_memorials/pid_1204.webp
https://res.cloudinary.com/dpol0pyoo/image/fetch/c_crop,g_face/w_150,h_195,g_north/https://res.cloudinary.com/dpol0pyoo/image/upload/v1772203208/idf_memorials/pid_1206.webp
https://res.cloudinary.com/dpol0pyoo/image/fetch/c_crop,g_face/w_150,h_195,g_north/https://laad.btl.gov.il/view_files/Nofel_Pic/043377/NP_043377_11.jpg
https://res.cloudinary.com/dpol0pyoo/image/fetch/c_crop,g_face/w_150,h_195,g_north/https://laad.btl.gov.il/view_files/Nofel_Pic/043369/NP_043369_11.jpg
https://res.cloudinary.com/dpol0pyoo/image/fetch/c_crop,g_face/w_150,h_195,g_north/https://laad.btl.gov.il/view_files/Nofel_Pic/043376/NP_043376_11.jpg
https://res.cloudinary.com/dpol0pyoo/image/fetch/c_crop,g_face/w_150,h_195,g_north/https://laad.btl.gov.il/view_files/Nofel_Pic/043703/NP_043703_10.jpg
https://res.cloudinary.com/dpol0pyoo/image/fetch/c_crop,g_face/w_150,h_195,g_north/https://laad.btl.gov.il/view_files/Nofel_Pic/043843/NP_043843_11.jpg
https://res.cloudinary.com/dpol0pyoo/image/fetch/c_crop,g_face/w_150,h_195,g_north/https://laad.btl.gov.il/view_files/Nofel_Pic/044066/NP_044066_11.jpg
https://res.cloudinary.com/dpol0pyoo/image/fetch/c_crop,g_face/w_150,h_195,g_north/https://res.cloudinary.com/dpol0pyoo/image/upload/v1772203215/idf_memorials/pid_1262.webp
https://res.cloudinary.com/dpol0pyoo/image/fetch/c_crop,g_face/w_150,h_195,g_north/https://res.cloudinary.com/dpol0pyoo/image/upload/v1772203219/idf_memorials/pid_1263.webp
https://res.cloudinary.com/dpol0pyoo/image/fetch/c_crop,g_face/w_150,h_195,g_north/https://res.cloudinary.com/dpol0pyoo/image/upload/v1772203223/idf_memorials/pid_1264.webp
https://res.cloudinary.com/dpol0pyoo/image/fetch/c_crop,g_face/w_150,h_195,g_north/https://res.cloudinary.com/dpol0pyoo/image/upload/v1772203227/idf_memorials/pid_1265.webp
https://res.cloudinary.com/dpol0pyoo/image/fetch/c_crop,g_face/w_150,h_195,g_north/https://res.cloudinary.com/dpol0pyoo/image/upload/v1772203232/idf_memorials/pid_1266.webp
https://res.cloudinary.com/dpol0pyoo/image/fetch/c_crop,g_face/w_150,h_195,g_north/https://res.cloudinary.com/dpol0pyoo/image/upload/v1772203236/idf_memorials/pid_1267.webp
https://res.cloudinary.com/dpol0pyoo/image/fetch/c_crop,g_face/w_150,h_195,g_north/https://res.cloudinary.com/dpol0pyoo/image/upload/v1772203240/idf_memorials/pid_1268.webp
https://res.cloudinary.com/dpol0pyoo/image/fetch/c_crop,g_face/w_150,h_195,g_north/https://res.cloudinary.com/dpol0pyoo/image/upload/v1772203245/idf_memorials/pid_1269.webp
https://res.cloudinary.com/dpol0pyoo/image/fetch/c_crop,g_face/w_150,h_195,g_north/https://res.cloudinary.com/dpol0pyoo/image/upload/v1772203249/idf_memorials/pid_1270.webp
https://res.cloudinary.com/dpol0pyoo/image/fetch/c_crop,g_face/w_150,h_195,g_north/https://res.cloudinary.com/dpol0pyoo/image/upload/v1787991047/idf_memorials/pid_1271.webp
https://res.cloudinary.com/dpol0pyoo/image/fetch/c_crop,g_face/w_150,h_195,g_north/https://res.cloudinary.com/dpol0pyoo/image/upload/v1772203253/idf_memorials/pid_1273.webp
https://res.cloudinary.com/dpol0pyoo/image/fetch/c_crop,g_face/w_150,h_195,g_north/https://res.cloudinary.com/dpol0pyoo/image/upload/v1772203257/idf_memorials/pid_1274.webp
https://res.cloudinary.com/dpol0pyoo/image/fetch/c_crop,g_face/w_150,h_195,g_north/https://res.cloudinary.com/dpol0pyoo/image/upload/v1772203261/idf_memorials/pid_1275.webp
https://res.cloudinary.com/dpol0pyoo/image/fetch/c_crop,g_face/w_150,h_195,g_north/https://res.cloudinary.com/dpol0pyoo/image/upload/v1787991049/idf_memorials/pid_1276.webp
https://res.cloudinary.com/dpol0pyoo/image/fetch/c_crop,g_face/w_150,h_195,g_north/https://res.cloudinary.com/dpol0pyoo/image/upload/v1772203265/idf_memorials/pid_1277.webp
https://res.cloudinary.com/dpol0pyoo/image/fetch/c_crop,g_face/w_150,h_195,g_north/https://res.cloudinary.com/dpol0pyoo/image/upload/v1772203269/idf_memorials/pid_1278.webp
https://res.cloudinary.com/dpol0pyoo/image/fetch/c_crop,g_face/w_150,h_195,g_north/https://res.cloudinary.com/dpol0pyoo/image/upload/v1772203274/idf_memorials/pid_1279.webp
https://res.cloudinary.com/dpol0pyoo/image/fetch/c_crop,g_face/w_150,h_195,g_north/https://res.cloudinary.com/dpol0pyoo/image/upload/v1772203278/idf_memorials/pid_1280.webp
https://res.cloudinary.com/dpol0pyoo/image/fetch/c_crop,g_face/w_150,h_195,g_north/https://res.cloudinary.com/dpol0pyoo/image/upload/v1772203281/idf_memorials/pid_1281.webp
https://res.cloudinary.com/dpol0pyoo/image/fetch/c_crop,g_face/w_150,h_195,g_north/https://res.cloudinary.com/dpol0pyoo/image/upload/v1772203286/idf_memorials/pid_1282.webp
https://res.cloudinary.com/dpol0pyoo/image/fetch/c_crop,g_face/w_150,h_195,g_north/https://res.cloudinary.com/dpol0pyoo/image/upload/v1772203290/idf_memorials/pid_1283.webp
https://res.cloudinary.com/dpol0pyoo/image/fetch/c_crop,g_face/w_150,h_195,g_north/https://res.cloudinary.com/dpol0pyoo/image/upload/v1772203294/idf_memorials/pid_1284.webp
https://res.cloudinary.com/dpol0pyoo/image/fetch/c_crop,g_face/w_150,h_195,g_north/https://res.cloudinary.com/dpol0pyoo/image/upload/v1772203299/idf_memorials/pid_1285.webp
https://res.cloudinary.com/dpol0pyoo/image/fetch/c_crop,g_face/w_150,h_195,g_north/https://res.cloudinary.com/dpol0pyoo/image/upload/v1772203304/idf_memorials/pid_1286.webp
https://res.cloudinary.com/dpol0pyoo/image/fetch/c_crop,g_face/w_150,h_195,g_north/https://res.cloudinary.com/dpol0pyoo/image/upload/v1772203308/idf_memorials/pid_1287.webp
https://res.cloudinary.com/dpol0pyoo/image/fetch/c_crop,g_face/w_150,h_195,g_north/https://res.cloudinary.com/dpol0pyoo/image/upload/v1772203313/idf_memorials/pid_1288.webp
https://res.cloudinary.com/dpol0pyoo/image/fetch/c_crop,g_face/w_150,h_195,g_north/https://res.cloudinary.com/dpol0pyoo/image/upload/v1772203317/idf_memorials/pid_1289.webp
https://res.cloudinary.com/dpol0pyoo/image/fetch/c_crop,g_face/w_150,h_195,g_north/https://res.cloudinary.com/dpol0pyoo/image/upload/v1772203322/idf_memorials/pid_1290.webp
https://res.cloudinary.com/dpol0pyoo/image/fetch/c_crop,g_face/w_150,h_195,g_north/https://res.cloudinary.com/dpol0pyoo/image/upload/v1772203326/idf_memorials/pid_1291.webp
https://res.cloudinary.com/dpol0pyoo/image/fetch/c_crop,g_face/w_150,h_195,g_north/https://res.cloudinary.com/dpol0pyoo/image/upload/v1772203331/idf_memorials/pid_1293.webp
https://res.cloudinary.com/dpol0pyoo/image/fetch/c_crop,g_face/w_150,h_195,g_north/https://res.cloudinary.com/dpol0pyoo/image/upload/v1772203335/idf_memorials/pid_1294.webp
https://res.cloudinary.com/dpol0pyoo/image/fetch/c_crop,g_face/w_150,h_195,g_north/https://res.cloudinary.com/dpol0pyoo/image/upload/v1772203341/idf_memorials/pid_1295.webp
https://res.cloudinary.com/dpol0pyoo/image/fetch/c_crop,g_face/w_150,h_195,g_north/https://res.cloudinary.com/dpol0pyoo/image/upload/v1772203345/idf_memorials/pid_1296.webp
https://res.cloudinary.com/dpol0pyoo/image/fetch/c_crop,g_face/w_150,h_195,g_north/https://res.cloudinary.com/dpol0pyoo/image/upload/v1787991050/idf_memorials/pid_1297.webp
https://res.cloudinary.com/dpol0pyoo/image/fetch/c_crop,g_face/w_150,h_195,g_north/https://laad.btl.gov.il/view_files/Nofel_Pic/043932/NP_043932_10.jpg
https://res.cloudinary.com/dpol0pyoo/image/fetch/c_crop,g_face/w_150,h_195,g_north/https://laad.btl.gov.il/view_files/Nofel_Pic/043959/NP_043959_10.jpg
https://res.cloudinary.com/dpol0pyoo/image/fetch/c_crop,g_face/w_150,h_195,g_north/https://laad.btl.gov.il/view_files/Nofel_Pic/043871/NP_043871_10.jpg
https://res.cloudinary.com/dpol0pyoo/image/fetch/c_crop,g_face/w_150,h_195,g_north/https://laad.btl.gov.il/view_files/Nofel_Pic/043838/NP_043838_11.jpg
https://res.cloudinary.com/dpol0pyoo/image/fetch/c_crop,g_face/w_150,h_195,g_north/https://laad.btl.gov.il/view_files/Nofel_Pic/043756/NP_043756_11.jpg
https://res.cloudinary.com/dpol0pyoo/image/fetch/c_crop,g_face/w_150,h_195,g_north/https://laad.btl.gov.il/view_files/Nofel_Pic/043682/NP_043682_10.jpg
https://res.cloudinary.com/dpol0pyoo/image/fetch/c_crop,g_face/w_150,h_195,g_north/https://laad.btl.gov.il/view_files/Nofel_Pic/043937/NP_043937_10.jpg
https://res.cloudinary.com/dpol0pyoo/image/fetch/c_crop,g_face/w_150,h_195,g_north/https://laad.btl.gov.il/view_files/Nofel_Pic/043850/NP_043850_10.jpg
https://res.cloudinary.com/dpol0pyoo/image/fetch/c_crop,g_face/w_150,h_195,g_north/https://laad.btl.gov.il/view_files/Nofel_Pic/043928/NP_043928_10.jpg
https://res.cloudinary.com/dpol0pyoo/image/fetch/c_crop,g_face/w_150,h_195,g_north/https://assets-global.website-files.com/652a57dd622571ba143495d5/652b7463e51ee095a88739b1_Cohen%20Nimrod.jpg
https://res.cloudinary.com/dpol0pyoo/image/fetch/c_crop,g_face/w_150,h_195,g_north/https://img.haarets.co.il/bs/0000018b-8f8e-d477-a1ff-ff8e76bb0000/6a/53/66652b2549be916070b75f74edb1/89339.jpg?precrop=848,848,x323,y555&width=168&height=130
https://res.cloudinary.com/dpol0pyoo/image/fetch/c_crop,g_face/w_150,h_195,g_north/https://res.cloudinary.com/dpol0pyoo/image/upload/v1772203349/idf_memorials/pid_1313.webp
https://res.cloudinary.com/dpol0pyoo/image/fetch/c_crop,g_face/w_150,h_195,g_north/https://laad.btl.gov.il/view_files/Nofel_Pic/044076/NP_044076_10.jpg
https://res.cloudinary.com/dpol0pyoo/image/fetch/c_crop,g_face/w_150,h_195,g_north/https://assets-global.website-files.com/65467772df5823449b65067d/65467772df5823449b650ade_Levy%20Naama.jpg
https://res.cloudinary.com/dpol0pyoo/image/fetch/c_crop,g_face/w_150,h_195,g_north/https://www.tag.co.il/Missing/Mor%20Eitan%20Abraham.jpg
https://res.cloudinary.com/dpol0pyoo/image/fetch/c_crop,g_face/w_150,h_195,g_north/https://images2.corriereobjects.it/infografiche/2023/11/ostaggi-hamas/img/Yosef-Ohana.jpg
https://res.cloudinary.com/dpol0pyoo/image/fetch/c_crop,g_face/w_150,h_195,g_north/https://img.haarets.co.il/bs/0000018b-5820-d2b2-addf-7e78005f0000/82/7d/15bab711488583eaaed4f89e8ae9/89464.jpg?precrop=undefined,undefined,xundefined,yundefined&width=168&height=130
https://res.cloudinary.com/dpol0pyoo/image/fetch/c_crop,g_face/w_150,h_195,g_north/https://ynet-pic1.yit.co.il/picserver5/crop_images/2023/10/26/H1NCYm00za/H1NCYm00za_0_0_667_566_0_x-large.jpg
https://res.cloudinary.com/dpol0pyoo/image/fetch/c_crop,g_face/w_150,h_195,g_north/https://laad.btl.gov.il/view_files/Nofel_Pic/044152/NP_044152_11.jpg
https://res.cloudinary.com/dpol0pyoo/image/fetch/c_crop,g_face/w_150,h_195,g_north/https://assets-global.website-files.com/652a57dd622571ba143495d5/6531106712a2a59682a1dd8e_Or%20Liam.jpg
https://res.cloudinary.com/dpol0pyoo/image/fetch/c_crop,g_face/w_150,h_195,g_north/https://assets-global.website-files.com/652a57dd622571ba143495d5/65311ae4b73af844906a7752_Or%20Noam.jpg
https://res.cloudinary.com/dpol0pyoo/image/fetch/c_crop,g_face/w_150,h_195,g_north/https://laad.btl.gov.il/view_files/Nofel_Pic/043941/NP_043941_10.jpg
https://res.cloudinary.com/dpol0pyoo/image/fetch/c_crop,g_face/w_150,h_195,g_north/https://assets-global.website-files.com/652a57dd622571ba143495d5/6537c5b2b811c4c000e95b8e_Rotem%20-%20Shoshani%20Hila.jpg
https://res.cloudinary.com/dpol0pyoo/image/fetch/c_crop,g_face/w_150,h_195,g_north/https://assets-global.website-files.com/652a57dd622571ba143495d5/6537c53457ac41a72313714e_Rotem%20Raaya.jpg
https://res.cloudinary.com/dpol0pyoo/image/fetch/c_crop,g_face/w_150,h_195,g_north/https://laad.btl.gov.il/view_files/Nofel_Pic/044092/NP_044092_14.jpg
https://res.cloudinary.com/dpol0pyoo/image/fetch/c_crop,g_face/w_150,h_195,g_north/https://laad.btl.gov.il/view_files/Nofel_Pic/044120/NP_044120_10.jpg
https://res.cloudinary.com/dpol0pyoo/image/fetch/c_crop,g_face/w_150,h_195,g_north/https://img.haarets.co.il/bs/0000018b-5c7e-d2b2-addf-7e7e5e8d0000/fb/c7/2e94e7904a8587f2587afb83ea21/89906.jpg?precrop=1239,1239,x0,y137&width=168&height=130
https://res.cloudinary.com/dpol0pyoo/image/fetch/c_crop,g_face/w_150,h_195,g_north/https://laad.btl.gov.il/view_files/Nofel_Pic/044222/NP_044222_10.jpg
https://res.cloudinary.com/dpol0pyoo/image/fetch/c_crop,g_face/w_150,h_195,g_north/https://laad.btl.gov.il/view_files/Nofel_Pic/044073/NP_044073_10.jpg
https://res.cloudinary.com/dpol0pyoo/image/fetch/c_crop,g_face/w_150,h_195,g_north/https://assets-global.website-files.com/65467772df5823449b65067d/65467772df5823449b650aec_Steinbrecher%20Doron.jpg
https://res.cloudinary.com/dpol0pyoo/image/fetch/c_crop,g_face/w_150,h_195,g_north/https://laad.btl.gov.il/view_files/Nofel_Pic/044001/NP_044001_10.jpg
https://res.cloudinary.com/dpol0pyoo/image/fetch/c_crop,g_face/w_150,h_195,g_north/https://laad.btl.gov.il/view_files/Nofel_Pic/044125/NP_044125_10.jpg
https://res.cloudinary.com/dpol0pyoo/image/fetch/c_crop,g_face/w_150,h_195,g_north/https://img.haarets.co.il/bs/0000018b-5c8d-d8e2-a1eb-ff9fd6ae0001/1c/de/f04855a94564b6f44a805d0c83a5/whatsapp-image-2023-10-23-at-15-03-22.jpeg?precrop=758,758,x0,y176&width=168&height=130
https://res.cloudinary.com/dpol0pyoo/image/fetch/c_crop,g_face/w_150,h_195,g_north/https://laad.btl.gov.il/view_files/Nofel_Pic/044161/NP_044161_10.jpg
https://res.cloudinary.com/dpol0pyoo/image/fetch/c_crop,g_face/w_150,h_195,g_north/https://laad.btl.gov.il/view_files/Nofel_Pic/044206/NP_044206_11.jpg
https://res.cloudinary.com/dpol0pyoo/image/fetch/c_crop,g_face/w_150,h_195,g_north/https://img.haarets.co.il/bs/0000018b-62ce-d288-afef-f2deca080001/62/33/1df59deb416a8918cfc4136434c3/idan.jpg?precrop=291,291,x161,y0&width=168&height=130
https://res.cloudinary.com/dpol0pyoo/image/fetch/c_crop,g_face/w_150,h_195,g_north/https://laad.btl.gov.il/view_files/Nofel_Pic/044145/NP_044145_10.jpg
https://res.cloudinary.com/dpol0pyoo/image/fetch/c_crop,g_face/w_150,h_195,g_north/https://laad.btl.gov.il/view_files/Nofel_Pic/043749/NP_043749_10.jpg
https://res.cloudinary.com/dpol0pyoo/image/fetch/c_crop,g_face/w_150,h_195,g_north/https://images2.corriereobjects.it/infografiche/2023/11/ostaggi-hamas/img/Gali-Berman.jpg
https://res.cloudinary.com/dpol0pyoo/image/fetch/c_crop,g_face/w_150,h_195,g_north/https://images2.corriereobjects.it/infografiche/2023/11/ostaggi-hamas/img/Ziv-Berman.jpg
https://res.cloudinary.com/dpol0pyoo/image/fetch/c_crop,g_face/w_150,h_195,g_north/https://img.haarets.co.il/bs/0000018b-4ac9-d199-a7eb-dfdfc1a80001/46/a9/19d5b6164b87a3c0b149d8379d5e/43841.jpg?precrop=1945,1945,x108,y196&width=168&height=130
https://res.cloudinary.com/dpol0pyoo/image/fetch/c_crop,g_face/w_150,h_195,g_north/https://img.haarets.co.il/bs/0000018b-573e-d470-afef-df7fd41e0000/9a/02/176a94164e5399b3d6057842ea5e/43835.jpg?precrop=undefined,undefined,xundefined,yundefined&width=168&height=130
https://res.cloudinary.com/dpol0pyoo/image/fetch/c_crop,g_face/w_150,h_195,g_north/https://img.haarets.co.il/bs/0000018b-4acc-d5d2-afef-cefd3cdf0001/b3/32/192c647341d498a3972efa10dedf/43836.jpg?precrop=1650,1650,x0,y97&width=168&height=130
https://res.cloudinary.com/dpol0pyoo/image/fetch/c_crop,g_face/w_150,h_195,g_north/https://img.haarets.co.il/bs/0000018b-4acd-dc3c-a5df-deed20b70001/c3/57/7c3f826b48f1948b95b6f372db1e/43837.jpg?precrop=1650,1650,x0,y144&width=168&height=130
https://res.cloudinary.com/dpol0pyoo/image/fetch/c_crop,g_face/w_150,h_195,g_north/https://laad.btl.gov.il/view_files/Nofel_Pic/044177/NP_044177_10.jpg
https://res.cloudinary.com/dpol0pyoo/image/fetch/c_crop,g_face/w_150,h_195,g_north/https://img.haarets.co.il/bs/0000018b-8f2a-db7e-af9b-efeb43190000/66/e5/cc7adca345df8bc9529a17ecf764/13246.jpg?precrop=605,605,x195,y597&width=168&height=130
https://res.cloudinary.com/dpol0pyoo/image/fetch/c_crop,g_face/w_150,h_195,g_north/https://assets-global.website-files.com/652a57dd622571ba143495d5/653f317a949ae12c8d3de683_Weiss%20Noga.jpg
https://res.cloudinary.com/dpol0pyoo/image/fetch/c_crop,g_face/w_150,h_195,g_north/https://img.haarets.co.il/bs/0000018b-669b-d979-a3bb-efff54850000/d0/6d/ad4cef734ddaa490f8419ef95931/54113800.JPG?precrop=567,567,x123,y0&width=168&height=130
https://res.cloudinary.com/dpol0pyoo/image/fetch/c_crop,g_face/w_150,h_195,g_north/https://img.haarets.co.il/bs/0000018b-62d8-d230-a1bf-6bf964030001/01/55/b02582aa4f878cd287444031a6c1/rimon.jpg?precrop=undefined,undefined,xundefined,yundefined&width=168&height=130
https://res.cloudinary.com/dpol0pyoo/image/fetch/c_crop,g_face/w_150,h_195,g_north/https://assets-global.website-files.com/652a57dd622571ba143495d5/653f31a2563726c836bc0b75_Weiss%20Shiri.jpg
https://res.cloudinary.com/dpol0pyoo/image/fetch/c_crop,g_face/w_150,h_195,g_north/https://res.cloudinary.com/dpol0pyoo/image/upload/v1772203354/idf_memorials/pid_1354.webp
https://res.cloudinary.com/dpol0pyoo/image/fetch/c_crop,g_face/w_150,h_195,g_north/https://res.cloudinary.com/dpol0pyoo/image/upload/v1772203358/idf_memorials/pid_1355.webp
https://res.cloudinary.com/dpol0pyoo/image/fetch/c_crop,g_face/w_150,h_195,g_north/https://laad.btl.gov.il/view_files/Nofel_Pic/043902/NP_043902_11.jpg
https://res.cloudinary.com/dpol0pyoo/image/fetch/c_crop,g_face/w_150,h_195,g_north/https://img.haarets.co.il/bs/0000018b-8174-d72d-adab-9df7aae30001/04/cd/bef6b28f40b6bde4f37a6834e0e1/capture.JPG?precrop=undefined,undefined,xundefined,yundefined&width=168&height=130
https://res.cloudinary.com/dpol0pyoo/image/fetch/c_crop,g_face/w_150,h_195,g_north/https://laad.btl.gov.il/view_files/Nofel_Pic/043805/NP_043805_11.jpg
https://res.cloudinary.com/dpol0pyoo/image/fetch/c_crop,g_face/w_150,h_195,g_north/https://laad.btl.gov.il/view_files/Nofel_Pic/043397/NP_043397_10.jpg
https://res.cloudinary.com/dpol0pyoo/image/fetch/c_crop,g_face/w_150,h_195,g_north/https://laad.btl.gov.il/view_files/Nofel_Pic/043378/NP_043378_10.jpg
https://res.cloudinary.com/dpol0pyoo/image/fetch/c_crop,g_face/w_150,h_195,g_north/https://laad.btl.gov.il/view_files/Nofel_Pic/043274/NP_043274_10.jpg
https://res.cloudinary.com/dpol0pyoo/image/fetch/c_crop,g_face/w_150,h_195,g_north/https://laad.btl.gov.il/view_files/Nofel_Pic/043275/NP_043275_10.jpg
https://res.cloudinary.com/dpol0pyoo/image/fetch/c_crop,g_face/w_150,h_195,g_north/https://laad.btl.gov.il/view_files/Nofel_Pic/043288/NP_043288_10.jpg
https://res.cloudinary.com/dpol0pyoo/image/fetch/c_crop,g_face/w_150,h_195,g_north/https://res.cloudinary.com/dpol0pyoo/image/upload/v1772203361/idf_memorials/pid_1364.webp
https://res.cloudinary.com/dpol0pyoo/image/fetch/c_crop,g_face/w_150,h_195,g_north/https://laad.btl.gov.il/view_files/Nofel_Pic/043479/NP_043479_11.jpg
https://res.cloudinary.com/dpol0pyoo/image/fetch/c_crop,g_face/w_150,h_195,g_north/https://res.cloudinary.com/dpol0pyoo/image/upload/v1772203366/idf_memorials/pid_1366.webp
https://res.cloudinary.com/dpol0pyoo/image/fetch/c_crop,g_face/w_150,h_195,g_north/https://laad.btl.gov.il/view_files/Nofel_Pic/043419/NP_043419_10.jpg
https://res.cloudinary.com/dpol0pyoo/image/fetch/c_crop,g_face/w_150,h_195,g_north/https://laad.btl.gov.il/view_files/Nofel_Pic/043362/NP_043362_10.jpg
https://res.cloudinary.com/dpol0pyoo/image/fetch/c_crop,g_face/w_150,h_195,g_north/https://laad.btl.gov.il/view_files/Nofel_Pic/043431/NP_043431_10.jpg
https://res.cloudinary.com/dpol0pyoo/image/fetch/c_crop,g_face/w_150,h_195,g_north/https://laad.btl.gov.il/view_files/Nofel_Pic/043382/NP_043382_11.jpg
https://res.cloudinary.com/dpol0pyoo/image/fetch/c_crop,g_face/w_150,h_195,g_north/https://laad.btl.gov.il/view_files/Nofel_Pic/043413/NP_043413_10.jpg
https://res.cloudinary.com/dpol0pyoo/image/fetch/c_crop,g_face/w_150,h_195,g_north/https://laad.btl.gov.il/view_files/Nofel_Pic/043285/NP_043285_10.jpg
https://res.cloudinary.com/dpol0pyoo/image/fetch/c_crop,g_face/w_150,h_195,g_north/https://laad.btl.gov.il/view_files/Nofel_Pic/043283/NP_043283_10.jpg
https://res.cloudinary.com/dpol0pyoo/image/fetch/c_crop,g_face/w_150,h_195,g_north/https://laad.btl.gov.il/view_files/Nofel_Pic/043282/NP_043282_10.jpg
https://res.cloudinary.com/dpol0pyoo/image/fetch/c_crop,g_face/w_150,h_195,g_north/https://laad.btl.gov.il/view_files/Nofel_Pic/043281/NP_043281_10.jpg
https://res.cloudinary.com/dpol0pyoo/image/fetch/c_crop,g_face/w_150,h_195,g_north/https://laad.btl.gov.il/view_files/Nofel_Pic/043280/NP_043280_10.jpg
https://res.cloudinary.com/dpol0pyoo/image/fetch/c_crop,g_face/w_150,h_195,g_north/https://res.cloudinary.com/dpol0pyoo/image/upload/v1772203370/idf_memorials/pid_1378.webp
https://res.cloudinary.com/dpol0pyoo/image/fetch/c_crop,g_face/w_150,h_195,g_north/https://laad.btl.gov.il/view_files/Nofel_Pic/043279/NP_043279_10.jpg
https://res.cloudinary.com/dpol0pyoo/image/fetch/c_crop,g_face/w_150,h_195,g_north/https://laad.btl.gov.il/view_files/Nofel_Pic/043287/NP_043287_10.jpg
https://res.cloudinary.com/dpol0pyoo/image/fetch/c_crop,g_face/w_150,h_195,g_north/https://laad.btl.gov.il/view_files/Nofel_Pic/043708/NP_043708_10.jpg
https://res.cloudinary.com/dpol0pyoo/image/fetch/c_crop,g_face/w_150,h_195,g_north/https://laad.btl.gov.il/view_files/Nofel_Pic/043276/NP_043276_10.jpg
https://res.cloudinary.com/dpol0pyoo/image/fetch/c_crop,g_face/w_150,h_195,g_north/https://laad.btl.gov.il/view_files/Nofel_Pic/043277/NP_043277_10.jpg
https://res.cloudinary.com/dpol0pyoo/image/fetch/c_crop,g_face/w_150,h_195,g_north/https://laad.btl.gov.il/view_files/Nofel_Pic/043412/NP_043412_10.jpg
https://res.cloudinary.com/dpol0pyoo/image/fetch/c_crop,g_face/w_150,h_195,g_north/https://laad.btl.gov.il/view_files/Nofel_Pic/043278/NP_043278_10.jpg
https://res.cloudinary.com/dpol0pyoo/image/fetch/c_crop,g_face/w_150,h_195,g_north/https://laad.btl.gov.il/view_files/Nofel_Pic/043884/NP_043884_10.jpg
https://res.cloudinary.com/dpol0pyoo/image/fetch/c_crop,g_face/w_150,h_195,g_north/https://laad.btl.gov.il/view_files/Nofel_Pic/043780/NP_043780_10.jpg
https://res.cloudinary.com/dpol0pyoo/image/fetch/c_crop,g_face/w_150,h_195,g_north/https://laad.btl.gov.il/view_files/Nofel_Pic/043758/NP_043758_10.jpg
https://res.cloudinary.com/dpol0pyoo/image/fetch/c_crop,g_face/w_150,h_195,g_north/https://laad.btl.gov.il/view_files/Nofel_Pic/043767/NP_043767_11.jpg
https://res.cloudinary.com/dpol0pyoo/image/fetch/c_crop,g_face/w_150,h_195,g_north/https://laad.btl.gov.il/view_files/Nofel_Pic/043785/NP_043785_11.jpg
https://res.cloudinary.com/dpol0pyoo/image/fetch/c_crop,g_face/w_150,h_195,g_north/https://laad.btl.gov.il/view_files/Nofel_Pic/043685/NP_043685_10.jpg
https://res.cloudinary.com/dpol0pyoo/image/fetch/c_crop,g_face/w_150,h_195,g_north/https://res.cloudinary.com/dpol0pyoo/image/upload/v1772203374/idf_memorials/pid_1394.webp
https://res.cloudinary.com/dpol0pyoo/image/fetch/c_crop,g_face/w_150,h_195,g_north/https://laad.btl.gov.il/Rsrc/Images/nopicTerror.jpg
https://res.cloudinary.com/dpol0pyoo/image/fetch/c_crop,g_face/w_150,h_195,g_north/https://laad.btl.gov.il/Rsrc/Images/nopicTerror.jpg
https://res.cloudinary.com/dpol0pyoo/image/fetch/c_crop,g_face/w_150,h_195,g_north/https://laad.btl.gov.il/view_files/Nofel_Pic/044029/NP_044029_10.jpg
https://res.cloudinary.com/dpol0pyoo/image/fetch/c_crop,g_face/w_150,h_195,g_north/https://laad.btl.gov.il/view_files/Nofel_Pic/044135/NP_044135_10.jpg
https://res.cloudinary.com/dpol0pyoo/image/fetch/c_crop,g_face/w_150,h_195,g_north/https://laad.btl.gov.il/Rsrc/Images/nopicTerror.jpg
https://res.cloudinary.com/dpol0pyoo/image/fetch/c_crop,g_face/w_150,h_195,g_north/https://laad.btl.gov.il/Rsrc/Images/nopicTerror.jpg
https://res.cloudinary.com/dpol0pyoo/image/fetch/c_crop,g_face/w_150,h_195,g_north/https://laad.btl.gov.il/view_files/Nofel_Pic/044030/NP_044030_10.jpg
https://res.cloudinary.com/dpol0pyoo/image/fetch/c_crop,g_face/w_150,h_195,g_north/https://laad.btl.gov.il/Rsrc/Images/nopicTerror.jpg
https://res.cloudinary.com/dpol0pyoo/image/fetch/c_crop,g_face/w_150,h_195,g_north/https://laad.btl.gov.il/Rsrc/Images/nopicTerror.jpg
https://res.cloudinary.com/dpol0pyoo/image/fetch/c_crop,g_face/w_150,h_195,g_north/https://laad.btl.gov.il/Rsrc/Images/nopicTerror.jpg
https://res.cloudinary.com/dpol0pyoo/image/fetch/c_crop,g_face/w_150,h_195,g_north/https://laad.btl.gov.il/Rsrc/Images/nopicTerror.jpg
https://res.cloudinary.com/dpol0pyoo/image/fetch/c_crop,g_face/w_150,h_195,g_north/https://laad.btl.gov.il/Rsrc/Images/nopicTerror.jpg
https://res.cloudinary.com/dpol0pyoo/image/fetch/c_crop,g_face/w_150,h_195,g_north/https://laad.btl.gov.il/Rsrc/Images/nopicTerror.jpg
https://res.cloudinary.com/dpol0pyoo/image/fetch/c_crop,g_face/w_150,h_195,g_north/https://laad.btl.gov.il/Rsrc/Images/nopicTerror.jpg
https://res.cloudinary.com/dpol0pyoo/image/fetch/c_crop,g_face/w_150,h_195,g_north/https://laad.btl.gov.il/Rsrc/Images/nopicTerror.jpg
https://res.cloudinary.com/dpol0pyoo/image/fetch/c_crop,g_face/w_150,h_195,g_north/https://laad.btl.gov.il/Rsrc/Images/nopicTerror.jpg
https://res.cloudinary.com/dpol0pyoo/image/fetch/c_crop,g_face/w_150,h_195,g_north/https://laad.btl.gov.il/Rsrc/Images/nopicTerror.jpg
https://res.cloudinary.com/dpol0pyoo/image/fetch/c_crop,g_face/w_150,h_195,g_north/https://laad.btl.gov.il/Rsrc/Images/nopicTerror.jpg
https://res.cloudinary.com/dpol0pyoo/image/fetch/c_crop,g_face/w_150,h_195,g_north/https://laad.btl.gov.il/Rsrc/Images/nopicTerror.jpg
https://res.cloudinary.com/dpol0pyoo/image/fetch/c_crop,g_face/w_150,h_195,g_north/https://laad.btl.gov.il/Rsrc/Images/nopicTerror.jpg
https://res.cloudinary.com/dpol0pyoo/image/fetch/c_crop,g_face/w_150,h_195,g_north/https://laad.btl.gov.il/Rsrc/Images/nopicTerror.jpg
https://res.cloudinary.com/dpol0pyoo/image/fetch/c_crop,g_face/w_150,h_195,g_north/https://laad.btl.gov.il/Rsrc/Images/nopicTerror.jpg
https://res.cloudinary.com/dpol0pyoo/image/fetch/c_crop,g_face/w_150,h_195,g_north/https://laad.btl.gov.il/Rsrc/Images/nopicTerror.jpg
https://res.cloudinary.com/dpol0pyoo/image/fetch/c_crop,g_face/w_150,h_195,g_north/https://laad.btl.gov.il/Rsrc/Images/nopicTerror.jpg
https://res.cloudinary.com/dpol0pyoo/image/fetch/c_crop,g_face/w_150,h_195,g_north/https://laad.btl.gov.il/view_files/Nofel_Pic/043402/NP_043402_10.jpg
https://res.cloudinary.com/dpol0pyoo/image/fetch/c_crop,g_face/w_150,h_195,g_north/https://laad.btl.gov.il/view_files/Nofel_Pic/043680/NP_043680_10.jpg
https://res.cloudinary.com/dpol0pyoo/image/fetch/c_crop,g_face/w_150,h_195,g_north/https://laad.btl.gov.il/view_files/Nofel_Pic/043761/NP_043761_10.jpg
https://res.cloudinary.com/dpol0pyoo/image/fetch/c_crop,g_face/w_150,h_195,g_north/https://laad.btl.gov.il/view_files/Nofel_Pic/043985/NP_043985_11.jpg
https://res.cloudinary.com/dpol0pyoo/image/fetch/c_crop,g_face/w_150,h_195,g_north/https://laad.btl.gov.il/view_files/Nofel_Pic/043803/NP_043803_11.jpg
https://res.cloudinary.com/dpol0pyoo/image/fetch/c_crop,g_face/w_150,h_195,g_north/https://laad.btl.gov.il/view_files/Nofel_Pic/043836/NP_043836_10.jpg
https://res.cloudinary.com/dpol0pyoo/image/fetch/c_crop,g_face/w_150,h_195,g_north/https://laad.btl.gov.il/view_files/Nofel_Pic/043824/NP_043824_10.jpg
https://res.cloudinary.com/dpol0pyoo/image/fetch/c_crop,g_face/w_150,h_195,g_north/https://laad.btl.gov.il/view_files/Nofel_Pic/043853/NP_043853_10.jpg
https://res.cloudinary.com/dpol0pyoo/image/fetch/c_crop,g_face/w_150,h_195,g_north/https://laad.btl.gov.il/view_files/Nofel_Pic/043766/NP_043766_10.jpg
https://res.cloudinary.com/dpol0pyoo/image/fetch/c_crop,g_face/w_150,h_195,g_north/https://laad.btl.gov.il/view_files/Nofel_Pic/043960/NP_043960_10.jpg
https://res.cloudinary.com/dpol0pyoo/image/fetch/c_crop,g_face/w_150,h_195,g_north/https://laad.btl.gov.il/view_files/Nofel_Pic/043947/NP_043947_10.jpg
https://res.cloudinary.com/dpol0pyoo/image/fetch/c_crop,g_face/w_150,h_195,g_north/https://laad.btl.gov.il/view_files/Nofel_Pic/043983/NP_043983_10.jpg
https://res.cloudinary.com/dpol0pyoo/image/fetch/c_crop,g_face/w_150,h_195,g_north/https://laad.btl.gov.il/view_files/Nofel_Pic/043676/NP_043676_10.jpg
https://res.cloudinary.com/dpol0pyoo/image/fetch/c_crop,g_face/w_150,h_195,g_north/https://laad.btl.gov.il/view_files/Nofel_Pic/043715/NP_043715_10.jpg
https://res.cloudinary.com/dpol0pyoo/image/fetch/c_crop,g_face/w_150,h_195,g_north/https://res.cloudinary.com/dpol0pyoo/image/upload/v1772203378/idf_memorials/pid_1434.webp
https://res.cloudinary.com/dpol0pyoo/image/fetch/c_crop,g_face/w_150,h_195,g_north/https://laad.btl.gov.il/view_files/Nofel_Pic/043730/NP_043730_11.jpg
https://res.cloudinary.com/dpol0pyoo/image/fetch/c_crop,g_face/w_150,h_195,g_north/https://laad.btl.gov.il/view_files/Nofel_Pic/043729/NP_043729_10.jpg
https://res.cloudinary.com/dpol0pyoo/image/fetch/c_crop,g_face/w_150,h_195,g_north/https://res.cloudinary.com/dpol0pyoo/image/upload/v1772203383/idf_memorials/pid_1437.webp
https://res.cloudinary.com/dpol0pyoo/image/fetch/c_crop,g_face/w_150,h_195,g_north/https://laad.btl.gov.il/view_files/Nofel_Pic/043679/NP_043679_10.jpg
https://res.cloudinary.com/dpol0pyoo/image/fetch/c_crop,g_face/w_150,h_195,g_north/https://res.cloudinary.com/dpol0pyoo/image/upload/v1772203387/idf_memorials/pid_1439.webp
https://res.cloudinary.com/dpol0pyoo/image/fetch/c_crop,g_face/w_150,h_195,g_north/https://laad.btl.gov.il/view_files/Nofel_Pic/044035/NP_044035_10.jpg
https://res.cloudinary.com/dpol0pyoo/image/fetch/c_crop,g_face/w_150,h_195,g_north/https://laad.btl.gov.il/view_files/Nofel_Pic/043904/NP_043904_10.jpg
https://res.cloudinary.com/dpol0pyoo/image/fetch/c_crop,g_face/w_150,h_195,g_north/https://laad.btl.gov.il/view_files/Nofel_Pic/043364/NP_043364_11.jpg
https://res.cloudinary.com/dpol0pyoo/image/fetch/c_crop,g_face/w_150,h_195,g_north/https://res.cloudinary.com/dpol0pyoo/image/upload/v1772203391/idf_memorials/pid_1443.webp
https://res.cloudinary.com/dpol0pyoo/image/fetch/c_crop,g_face/w_150,h_195,g_north/https://laad.btl.gov.il/view_files/Nofel_Pic/043482/NP_043482_10.jpg
https://res.cloudinary.com/dpol0pyoo/image/fetch/c_crop,g_face/w_150,h_195,g_north/https://laad.btl.gov.il/view_files/Nofel_Pic/043771/NP_043771_12.jpg
https://res.cloudinary.com/dpol0pyoo/image/fetch/c_crop,g_face/w_150,h_195,g_north/https://laad.btl.gov.il/view_files/Nofel_Pic/043751/NP_043751_10.jpg
https://res.cloudinary.com/dpol0pyoo/image/fetch/c_crop,g_face/w_150,h_195,g_north/https://res.cloudinary.com/dpol0pyoo/image/upload/v1772203396/idf_memorials/pid_1447.webp
https://res.cloudinary.com/dpol0pyoo/image/fetch/c_crop,g_face/w_150,h_195,g_north/https://laad.btl.gov.il/view_files/Nofel_Pic/043490/NP_043490_10.jpg
https://res.cloudinary.com/dpol0pyoo/image/fetch/c_crop,g_face/w_150,h_195,g_north/https://laad.btl.gov.il/view_files/Nofel_Pic/043491/NP_043491_10.jpg
https://res.cloudinary.com/dpol0pyoo/image/fetch/c_crop,g_face/w_150,h_195,g_north/https://laad.btl.gov.il/view_files/Nofel_Pic/043385/NP_043385_10.jpg
https://res.cloudinary.com/dpol0pyoo/image/fetch/c_crop,g_face/w_150,h_195,g_north/https://laad.btl.gov.il/view_files/Nofel_Pic/044114/NP_044114_11.jpg
https://res.cloudinary.com/dpol0pyoo/image/fetch/c_crop,g_face/w_150,h_195,g_north/https://laad.btl.gov.il/view_files/Nofel_Pic/043829/NP_043829_10.jpg
https://res.cloudinary.com/dpol0pyoo/image/fetch/c_crop,g_face/w_150,h_195,g_north/https://laad.btl.gov.il/view_files/Nofel_Pic/044088/NP_044088_10.jpg
https://res.cloudinary.com/dpol0pyoo/image/fetch/c_crop,g_face/w_150,h_195,g_north/https://laad.btl.gov.il/view_files/Nofel_Pic/043945/NP_043945_10.jpg
https://res.cloudinary.com/dpol0pyoo/image/fetch/c_crop,g_face/w_150,h_195,g_north/https://laad.btl.gov.il/view_files/Nofel_Pic/044046/NP_044046_10.jpg
https://res.cloudinary.com/dpol0pyoo/image/fetch/c_crop,g_face/w_150,h_195,g_north/https://laad.btl.gov.il/view_files/Nofel_Pic/043796/NP_043796_10.jpg
https://res.cloudinary.com/dpol0pyoo/image/fetch/c_crop,g_face/w_150,h_195,g_north/https://laad.btl.gov.il/view_files/Nofel_Pic/044208/NP_044208_10.jpg
https://res.cloudinary.com/dpol0pyoo/image/fetch/c_crop,g_face/w_150,h_195,g_north/https://res.cloudinary.com/dpol0pyoo/image/upload/v1772208204/police_memorials/pid_1459.jpg
https://res.cloudinary.com/dpol0pyoo/image/fetch/c_crop,g_face/w_150,h_195,g_north/https://res.cloudinary.com/dpol0pyoo/image/upload/v1772203400/idf_memorials/pid_1460.webp
https://res.cloudinary.com/dpol0pyoo/image/fetch/c_crop,g_face/w_150,h_195,g_north/https://res.cloudinary.com/dpol0pyoo/image/upload/v1772203404/idf_memorials/pid_1461.webp
https://res.cloudinary.com/dpol0pyoo/image/fetch/c_crop,g_face/w_150,h_195,g_north/https://laad.btl.gov.il/view_files/Nofel_Pic/043368/NP_043368_12.jpg
https://res.cloudinary.com/dpol0pyoo/image/fetch/c_crop,g_face/w_150,h_195,g_north/https://laad.btl.gov.il/view_files/Nofel_Pic/043367/NP_043367_12.jpg
https://res.cloudinary.com/dpol0pyoo/image/fetch/c_crop,g_face/w_150,h_195,g_north/https://res.cloudinary.com/dpol0pyoo/image/upload/v1772203408/idf_memorials/pid_1465.webp
https://res.cloudinary.com/dpol0pyoo/image/fetch/c_crop,g_face/w_150,h_195,g_north/https://res.cloudinary.com/dpol0pyoo/image/upload/v1772203413/idf_memorials/pid_1466.webp
https://res.cloudinary.com/dpol0pyoo/image/fetch/c_crop,g_face/w_150,h_195,g_north/https://laad.btl.gov.il/view_files/Nofel_Pic/043800/NP_043800_11.jpg
https://res.cloudinary.com/dpol0pyoo/image/fetch/c_crop,g_face/w_150,h_195,g_north/https://laad.btl.gov.il/Rsrc/Images/nopicTerror.jpg
https://res.cloudinary.com/dpol0pyoo/image/fetch/c_crop,g_face/w_150,h_195,g_north/https://laad.btl.gov.il/view_files/Nofel_Pic/043684/NP_043684_11.jpg
https://res.cloudinary.com/dpol0pyoo/image/fetch/c_crop,g_face/w_150,h_195,g_north/https://laad.btl.gov.il/view_files/Nofel_Pic/043907/NP_043907_10.jpg
https://res.cloudinary.com/dpol0pyoo/image/fetch/c_crop,g_face/w_150,h_195,g_north/https://res.cloudinary.com/dpol0pyoo/image/upload/v1772203417/idf_memorials/pid_1472.webp
https://res.cloudinary.com/dpol0pyoo/image/fetch/c_crop,g_face/w_150,h_195,g_north/https://laad.btl.gov.il/view_files/Nofel_Pic/044041/NP_044041_15.jpg
https://res.cloudinary.com/dpol0pyoo/image/fetch/c_crop,g_face/w_150,h_195,g_north/https://laad.btl.gov.il/view_files/Nofel_Pic/043421/NP_043421_10.jpg
https://res.cloudinary.com/dpol0pyoo/image/fetch/c_crop,g_face/w_150,h_195,g_north/https://res.cloudinary.com/dpol0pyoo/image/upload/v1772203421/idf_memorials/pid_1475.webp
https://res.cloudinary.com/dpol0pyoo/image/fetch/c_crop,g_face/w_150,h_195,g_north/https://laad.btl.gov.il/view_files/Nofel_Pic/043898/NP_043898_10.jpg
https://res.cloudinary.com/dpol0pyoo/image/fetch/c_crop,g_face/w_150,h_195,g_north/https://laad.btl.gov.il/view_files/Nofel_Pic/043856/NP_043856_10.jpg
https://res.cloudinary.com/dpol0pyoo/image/fetch/c_crop,g_face/w_150,h_195,g_north/https://laad.btl.gov.il/view_files/Nofel_Pic/044072/NP_044072_10.jpg
https://res.cloudinary.com/dpol0pyoo/image/fetch/c_crop,g_face/w_150,h_195,g_north/https://laad.btl.gov.il/view_files/Nofel_Pic/043990/NP_043990_11.jpg
https://res.cloudinary.com/dpol0pyoo/image/fetch/c_crop,g_face/w_150,h_195,g_north/https://laad.btl.gov.il/view_files/Nofel_Pic/043860/NP_043860_11.jpg
https://res.cloudinary.com/dpol0pyoo/image/fetch/c_crop,g_face/w_150,h_195,g_north/https://laad.btl.gov.il/view_files/Nofel_Pic/043724/NP_043724_10.jpg
https://res.cloudinary.com/dpol0pyoo/image/fetch/c_crop,g_face/w_150,h_195,g_north/https://laad.btl.gov.il/view_files/Nofel_Pic/043818/NP_043818_11.jpg
https://res.cloudinary.com/dpol0pyoo/image/fetch/c_crop,g_face/w_150,h_195,g_north/https://laad.btl.gov.il/view_files/Nofel_Pic/043456/NP_043456_10.jpg
https://res.cloudinary.com/dpol0pyoo/image/fetch/c_crop,g_face/w_150,h_195,g_north/https://laad.btl.gov.il/view_files/Nofel_Pic/043455/NP_043455_10.jpg
https://res.cloudinary.com/dpol0pyoo/image/fetch/c_crop,g_face/w_150,h_195,g_north/https://laad.btl.gov.il/view_files/Nofel_Pic/043432/NP_043432_10.jpg
https://res.cloudinary.com/dpol0pyoo/image/fetch/c_crop,g_face/w_150,h_195,g_north/https://laad.btl.gov.il/view_files/Nofel_Pic/043683/NP_043683_10.jpg
https://res.cloudinary.com/dpol0pyoo/image/fetch/c_crop,g_face/w_150,h_195,g_north/https://laad.btl.gov.il/view_files/Nofel_Pic/043429/NP_043429_12.jpg
https://res.cloudinary.com/dpol0pyoo/image/fetch/c_crop,g_face/w_150,h_195,g_north/https://laad.btl.gov.il/view_files/Nofel_Pic/043366/NP_043366_10.jpg
https://res.cloudinary.com/dpol0pyoo/image/fetch/c_crop,g_face/w_150,h_195,g_north/https://laad.btl.gov.il/view_files/Nofel_Pic/043810/NP_043810_10.jpg
https://res.cloudinary.com/dpol0pyoo/image/fetch/c_crop,g_face/w_150,h_195,g_north/https://res.cloudinary.com/dpol0pyoo/image/upload/v1772203429/idf_memorials/pid_1495.webp
https://res.cloudinary.com/dpol0pyoo/image/fetch/c_crop,g_face/w_150,h_195,g_north/https://res.cloudinary.com/dpol0pyoo/image/upload/v1772203434/idf_memorials/pid_1496.webp
https://res.cloudinary.com/dpol0pyoo/image/fetch/c_crop,g_face/w_150,h_195,g_north/https://laad.btl.gov.il/view_files/Nofel_Pic/043363/NP_043363_10.jpg
https://res.cloudinary.com/dpol0pyoo/image/fetch/c_crop,g_face/w_150,h_195,g_north/https://laad.btl.gov.il/view_files/Nofel_Pic/043725/NP_043725_10.jpg
https://res.cloudinary.com/dpol0pyoo/image/fetch/c_crop,g_face/w_150,h_195,g_north/https://laad.btl.gov.il/view_files/Nofel_Pic/043445/NP_043445_10.jpg
https://res.cloudinary.com/dpol0pyoo/image/fetch/c_crop,g_face/w_150,h_195,g_north/https://laad.btl.gov.il/view_files/Nofel_Pic/043446/NP_043446_10.jpg
https://res.cloudinary.com/dpol0pyoo/image/fetch/c_crop,g_face/w_150,h_195,g_north/https://laad.btl.gov.il/view_files/Nofel_Pic/043892/NP_043892_10.jpg
https://res.cloudinary.com/dpol0pyoo/image/fetch/c_crop,g_face/w_150,h_195,g_north/https://laad.btl.gov.il/view_files/Nofel_Pic/043774/NP_043774_10.jpg
https://res.cloudinary.com/dpol0pyoo/image/fetch/c_crop,g_face/w_150,h_195,g_north/https://laad.btl.gov.il/view_files/Nofel_Pic/043722/NP_043722_11.jpg
https://res.cloudinary.com/dpol0pyoo/image/fetch/c_crop,g_face/w_150,h_195,g_north/https://laad.btl.gov.il/view_files/Nofel_Pic/043877/NP_043877_10.jpg
https://res.cloudinary.com/dpol0pyoo/image/fetch/c_crop,g_face/w_150,h_195,g_north/https://laad.btl.gov.il/view_files/Nofel_Pic/043885/NP_043885_10.jpg
https://res.cloudinary.com/dpol0pyoo/image/fetch/c_crop,g_face/w_150,h_195,g_north/https://res.cloudinary.com/dpol0pyoo/image/upload/v1772203438/idf_memorials/pid_1507.webp
https://res.cloudinary.com/dpol0pyoo/image/fetch/c_crop,g_face/w_150,h_195,g_north/https://res.cloudinary.com/dpol0pyoo/image/upload/v1772203442/idf_memorials/pid_1508.webp
https://res.cloudinary.com/dpol0pyoo/image/fetch/c_crop,g_face/w_150,h_195,g_north/https://laad.btl.gov.il/view_files/Nofel_Pic/044003/NP_044003_10.jpg
https://res.cloudinary.com/dpol0pyoo/image/fetch/c_crop,g_face/w_150,h_195,g_north/https://laad.btl.gov.il/view_files/Nofel_Pic/044105/NP_044105_10.jpg
https://res.cloudinary.com/dpol0pyoo/image/fetch/c_crop,g_face/w_150,h_195,g_north/https://laad.btl.gov.il/view_files/Nofel_Pic/043461/NP_043461_10.jpg
https://res.cloudinary.com/dpol0pyoo/image/fetch/c_crop,g_face/w_150,h_195,g_north/https://laad.btl.gov.il/view_files/Nofel_Pic/043468/NP_043468_10.jpg
https://res.cloudinary.com/dpol0pyoo/image/fetch/c_crop,g_face/w_150,h_195,g_north/https://laad.btl.gov.il/view_files/Nofel_Pic/043430/NP_043430_10.jpg
https://res.cloudinary.com/dpol0pyoo/image/fetch/c_crop,g_face/w_150,h_195,g_north/https://laad.btl.gov.il/view_files/Nofel_Pic/043463/NP_043463_11.jpg
https://res.cloudinary.com/dpol0pyoo/image/fetch/c_crop,g_face/w_150,h_195,g_north/https://laad.btl.gov.il/view_files/Nofel_Pic/043462/NP_043462_10.jpg
https://res.cloudinary.com/dpol0pyoo/image/fetch/c_crop,g_face/w_150,h_195,g_north/https://laad.btl.gov.il/view_files/Nofel_Pic/043762/NP_043762_10.jpg
https://res.cloudinary.com/dpol0pyoo/image/fetch/c_crop,g_face/w_150,h_195,g_north/https://res.cloudinary.com/dpol0pyoo/image/upload/v1772203446/idf_memorials/pid_1518.webp
https://res.cloudinary.com/dpol0pyoo/image/fetch/c_crop,g_face/w_150,h_195,g_north/https://laad.btl.gov.il/view_files/Nofel_Pic/043695/NP_043695_10.jpg
https://res.cloudinary.com/dpol0pyoo/image/fetch/c_crop,g_face/w_150,h_195,g_north/https://laad.btl.gov.il/view_files/Nofel_Pic/043863/NP_043863_10.jpg
https://res.cloudinary.com/dpol0pyoo/image/fetch/c_crop,g_face/w_150,h_195,g_north/https://laad.btl.gov.il/view_files/Nofel_Pic/043681/NP_043681_10.jpg
https://res.cloudinary.com/dpol0pyoo/image/fetch/c_crop,g_face/w_150,h_195,g_north/https://laad.btl.gov.il/view_files/Nofel_Pic/043743/NP_043743_10.jpg
https://res.cloudinary.com/dpol0pyoo/image/fetch/c_crop,g_face/w_150,h_195,g_north/https://laad.btl.gov.il/view_files/Nofel_Pic/043916/NP_043916_10.jpg
https://res.cloudinary.com/dpol0pyoo/image/fetch/c_crop,g_face/w_150,h_195,g_north/https://laad.btl.gov.il/view_files/Nofel_Pic/043379/NP_043379_10.jpg
https://res.cloudinary.com/dpol0pyoo/image/fetch/c_crop,g_face/w_150,h_195,g_north/https://laad.btl.gov.il/view_files/Nofel_Pic/043733/NP_043733_10.jpg
https://res.cloudinary.com/dpol0pyoo/image/fetch/c_crop,g_face/w_150,h_195,g_north/https://laad.btl.gov.il/view_files/Nofel_Pic/043889/NP_043889_10.jpg
https://res.cloudinary.com/dpol0pyoo/image/fetch/c_crop,g_face/w_150,h_195,g_north/https://laad.btl.gov.il/view_files/Nofel_Pic/044039/NP_044039_10.jpg
https://res.cloudinary.com/dpol0pyoo/image/fetch/c_crop,g_face/w_150,h_195,g_north/https://laad.btl.gov.il/view_files/Nofel_Pic/043851/NP_043851_10.jpg
https://res.cloudinary.com/dpol0pyoo/image/fetch/c_crop,g_face/w_150,h_195,g_north/https://laad.btl.gov.il/view_files/Nofel_Pic/043973/NP_043973_11.jpg
https://res.cloudinary.com/dpol0pyoo/image/fetch/c_crop,g_face/w_150,h_195,g_north/https://laad.btl.gov.il/view_files/Nofel_Pic/043741/NP_043741_10.jpg
https://res.cloudinary.com/dpol0pyoo/image/fetch/c_crop,g_face/w_150,h_195,g_north/https://laad.btl.gov.il/view_files/Nofel_Pic/043918/NP_043918_10.jpg
https://res.cloudinary.com/dpol0pyoo/image/fetch/c_crop,g_face/w_150,h_195,g_north/https://laad.btl.gov.il/view_files/Nofel_Pic/043791/NP_043791_10.jpg
https://res.cloudinary.com/dpol0pyoo/image/fetch/c_crop,g_face/w_150,h_195,g_north/https://laad.btl.gov.il/view_files/Nofel_Pic/043956/NP_043956_10.jpg
https://res.cloudinary.com/dpol0pyoo/image/fetch/c_crop,g_face/w_150,h_195,g_north/https://laad.btl.gov.il/view_files/Nofel_Pic/043720/NP_043720_10.jpg
https://res.cloudinary.com/dpol0pyoo/image/fetch/c_crop,g_face/w_150,h_195,g_north/https://laad.btl.gov.il/view_files/Nofel_Pic/043957/NP_043957_10.jpg
https://res.cloudinary.com/dpol0pyoo/image/fetch/c_crop,g_face/w_150,h_195,g_north/https://res.cloudinary.com/dpol0pyoo/image/upload/v1772203450/idf_memorials/pid_1538.jpg
https://res.cloudinary.com/dpol0pyoo/image/fetch/c_crop,g_face/w_150,h_195,g_north/https://res.cloudinary.com/dpol0pyoo/image/upload/v1772203454/idf_memorials/pid_1539.webp
https://res.cloudinary.com/dpol0pyoo/image/fetch/c_crop,g_face/w_150,h_195,g_north/https://laad.btl.gov.il/view_files/Nofel_Pic/043394/NP_043394_10.jpg
https://res.cloudinary.com/dpol0pyoo/image/fetch/c_crop,g_face/w_150,h_195,g_north/https://laad.btl.gov.il/view_files/Nofel_Pic/043395/NP_043395_10.jpg
https://res.cloudinary.com/dpol0pyoo/image/fetch/c_crop,g_face/w_150,h_195,g_north/https://laad.btl.gov.il/view_files/Nofel_Pic/043396/NP_043396_10.jpg
https://res.cloudinary.com/dpol0pyoo/image/fetch/c_crop,g_face/w_150,h_195,g_north/https://res.cloudinary.com/dpol0pyoo/image/upload/v1772203458/idf_memorials/pid_1543.jpg
https://res.cloudinary.com/dpol0pyoo/image/fetch/c_crop,g_face/w_150,h_195,g_north/https://res.cloudinary.com/dpol0pyoo/image/upload/v1772203462/idf_memorials/pid_1544.jpg
https://res.cloudinary.com/dpol0pyoo/image/fetch/c_crop,g_face/w_150,h_195,g_north/https://res.cloudinary.com/dpol0pyoo/image/upload/v1772203467/idf_memorials/pid_1545.webp
https://res.cloudinary.com/dpol0pyoo/image/fetch/c_crop,g_face/w_150,h_195,g_north/https://laad.btl.gov.il/view_files/Nofel_Pic/043786/NP_043786_10.jpg
https://res.cloudinary.com/dpol0pyoo/image/fetch/c_crop,g_face/w_150,h_195,g_north/https://laad.btl.gov.il/view_files/Nofel_Pic/043901/NP_043901_10.jpg
https://res.cloudinary.com/dpol0pyoo/image/fetch/c_crop,g_face/w_150,h_195,g_north/https://laad.btl.gov.il/view_files/Nofel_Pic/044057/NP_044057_10.jpg
https://res.cloudinary.com/dpol0pyoo/image/fetch/c_crop,g_face/w_150,h_195,g_north/https://laad.btl.gov.il/view_files/Nofel_Pic/044056/NP_044056_10.jpg
https://res.cloudinary.com/dpol0pyoo/image/fetch/c_crop,g_face/w_150,h_195,g_north/https://res.cloudinary.com/dpol0pyoo/image/upload/v1772203471/idf_memorials/pid_1551.webp
https://res.cloudinary.com/dpol0pyoo/image/fetch/c_crop,g_face/w_150,h_195,g_north/https://laad.btl.gov.il/view_files/Nofel_Pic/043900/NP_043900_11.jpg
https://res.cloudinary.com/dpol0pyoo/image/fetch/c_crop,g_face/w_150,h_195,g_north/https://laad.btl.gov.il/view_files/Nofel_Pic/043847/NP_043847_10.jpg
https://res.cloudinary.com/dpol0pyoo/image/fetch/c_crop,g_face/w_150,h_195,g_north/https://laad.btl.gov.il/view_files/Nofel_Pic/043383/NP_043383_10.jpg
https://res.cloudinary.com/dpol0pyoo/image/fetch/c_crop,g_face/w_150,h_195,g_north/https://res.cloudinary.com/dpol0pyoo/image/upload/c_thumb,g_face,w_150,h_195/1555.jpg
https://res.cloudinary.com/dpol0pyoo/image/fetch/c_crop,g_face/w_150,h_195,g_north/https://laad.btl.gov.il/view_files/Nofel_Pic/043746/NP_043746_10.jpg
https://res.cloudinary.com/dpol0pyoo/image/fetch/c_crop,g_face/w_150,h_195,g_north/https://laad.btl.gov.il/view_files/Nofel_Pic/043370/NP_043370_19.jpg
https://res.cloudinary.com/dpol0pyoo/image/fetch/c_crop,g_face/w_150,h_195,g_north/https://res.cloudinary.com/dpol0pyoo/image/upload/v1702417766/Emily_Damari_utrzas.png
https://res.cloudinary.com/dpol0pyoo/image/fetch/c_crop,g_face/w_150,h_195,g_north/https://res.cloudinary.com/dpol0pyoo/image/upload/v1772208208/police_memorials/pid_1560.jpg
https://res.cloudinary.com/dpol0pyoo/image/fetch/c_crop,g_face/w_150,h_195,g_north/https://res.cloudinary.com/dpol0pyoo/image/upload/v1772203479/idf_memorials/pid_1561.webp
https://res.cloudinary.com/dpol0pyoo/image/fetch/c_crop,g_face/w_150,h_195,g_north/https://laad.btl.gov.il/view_files/Nofel_Pic/043425/NP_043425_10.jpg
https://res.cloudinary.com/dpol0pyoo/image/fetch/c_crop,g_face/w_150,h_195,g_north/https://laad.btl.gov.il/view_files/Nofel_Pic/043386/NP_043386_11.jpg
https://res.cloudinary.com/dpol0pyoo/image/fetch/c_crop,g_face/w_150,h_195,g_north/https://laad.btl.gov.il/view_files/Nofel_Pic/043384/NP_043384_10.jpg
https://res.cloudinary.com/dpol0pyoo/image/fetch/c_crop,g_face/w_150,h_195,g_north/https://res.cloudinary.com/dpol0pyoo/image/upload/v1772208212/police_memorials/pid_1565.jpg
https://res.cloudinary.com/dpol0pyoo/image/fetch/c_crop,g_face/w_150,h_195,g_north/https://res.cloudinary.com/dpol0pyoo/image/upload/v1772208216/police_memorials/pid_1566.jpg
https://res.cloudinary.com/dpol0pyoo/image/fetch/c_crop,g_face/w_150,h_195,g_north/https://laad.btl.gov.il/view_files/Nofel_Pic/043273/NP_043273_10.jpg
https://res.cloudinary.com/dpol0pyoo/image/fetch/c_crop,g_face/w_150,h_195,g_north/https://laad.btl.gov.il/view_files/Nofel_Pic/043779/NP_043779_10.jpg
https://res.cloudinary.com/dpol0pyoo/image/fetch/c_crop,g_face/w_150,h_195,g_north/https://res.cloudinary.com/dpol0pyoo/image/upload/v1772208221/police_memorials/pid_1569.jpg
https://res.cloudinary.com/dpol0pyoo/image/fetch/c_crop,g_face/w_150,h_195,g_north/https://laad.btl.gov.il/view_files/Nofel_Pic/043953/NP_043953_10.jpg
https://res.cloudinary.com/dpol0pyoo/image/fetch/c_crop,g_face/w_150,h_195,g_north/https://res.cloudinary.com/dpol0pyoo/image/upload/v1772203483/idf_memorials/pid_1571.webp
https://res.cloudinary.com/dpol0pyoo/image/fetch/c_crop,g_face/w_150,h_195,g_north/https://res.cloudinary.com/dpol0pyoo/image/upload/v1772203142/idf_memorials/pid_1572.webp
https://res.cloudinary.com/dpol0pyoo/image/fetch/c_crop,g_face/w_150,h_195,g_north/https://res.cloudinary.com/dpol0pyoo/image/upload/v1772203487/idf_memorials/pid_1574.webp
https://res.cloudinary.com/dpol0pyoo/image/fetch/c_crop,g_face/w_150,h_195,g_north/https://laad.btl.gov.il/view_files/Nofel_Pic/043702/NP_043702_10.jpg
https://res.cloudinary.com/dpol0pyoo/image/fetch/c_crop,g_face/w_150,h_195,g_north/https://laad.btl.gov.il/view_files/Nofel_Pic/043934/NP_043934_10.jpg
https://res.cloudinary.com/dpol0pyoo/image/fetch/c_crop,g_face/w_150,h_195,g_north/https://res.cloudinary.com/dpol0pyoo/image/upload/v1772208227/police_memorials/pid_1578.jpg
https://res.cloudinary.com/dpol0pyoo/image/fetch/c_crop,g_face/w_150,h_195,g_north/https://res.cloudinary.com/dpol0pyoo/image/upload/v1772203491/idf_memorials/pid_1579.webp
https://res.cloudinary.com/dpol0pyoo/image/fetch/c_crop,g_face/w_150,h_195,g_north/https://res.cloudinary.com/dpol0pyoo/image/upload/c_thumb,g_face,w_150,h_195/1580.jpg
https://res.cloudinary.com/dpol0pyoo/image/fetch/c_crop,g_face/w_150,h_195,g_north/https://res.cloudinary.com/dpol0pyoo/image/upload/v1772203499/idf_memorials/pid_1581.webp
https://res.cloudinary.com/dpol0pyoo/image/fetch/c_crop,g_face/w_150,h_195,g_north/https://res.cloudinary.com/dpol0pyoo/image/upload/v1772203504/idf_memorials/pid_1582.webp
https://res.cloudinary.com/dpol0pyoo/image/fetch/c_crop,g_face/w_150,h_195,g_north/https://laad.btl.gov.il/view_files/Nofel_Pic/043735/NP_043735_10.jpg
https://res.cloudinary.com/dpol0pyoo/image/fetch/c_crop,g_face/w_150,h_195,g_north/https://res.cloudinary.com/dpol0pyoo/image/upload/v1772203508/idf_memorials/pid_1585.webp
https://res.cloudinary.com/dpol0pyoo/image/fetch/c_crop,g_face/w_150,h_195,g_north/https://res.cloudinary.com/dpol0pyoo/image/upload/v1772208231/police_memorials/pid_1586.jpg
https://res.cloudinary.com/dpol0pyoo/image/fetch/c_crop,g_face/w_150,h_195,g_north/https://res.cloudinary.com/dpol0pyoo/image/upload/c_thumb,g_face,w_150,h_195/1587.jpg
https://res.cloudinary.com/dpol0pyoo/image/fetch/c_crop,g_face/w_150,h_195,g_north/https://res.cloudinary.com/dpol0pyoo/image/upload/v1772203515/idf_memorials/pid_1588.webp
https://res.cloudinary.com/dpol0pyoo/image/fetch/c_crop,g_face/w_150,h_195,g_north/https://laad.btl.gov.il/view_files/Nofel_Pic/044162/NP_044162_10.jpg
https://res.cloudinary.com/dpol0pyoo/image/fetch/c_crop,g_face/w_150,h_195,g_north/https://laad.btl.gov.il/view_files/Nofel_Pic/043742/NP_043742_10.jpg
https://res.cloudinary.com/dpol0pyoo/image/fetch/c_crop,g_face/w_150,h_195,g_north/https://laad.btl.gov.il/view_files/Nofel_Pic/043426/NP_043426_11.jpg
https://res.cloudinary.com/dpol0pyoo/image/fetch/c_crop,g_face/w_150,h_195,g_north/https://laad.btl.gov.il/view_files/Nofel_Pic/043881/NP_043881_10.jpg
https://res.cloudinary.com/dpol0pyoo/image/fetch/c_crop,g_face/w_150,h_195,g_north/https://laad.btl.gov.il/view_files/Nofel_Pic/043980/NP_043980_11.jpg
https://res.cloudinary.com/dpol0pyoo/image/fetch/c_crop,g_face/w_150,h_195,g_north/https://laad.btl.gov.il/view_files/Nofel_Pic/043707/NP_043707_11.jpg
https://res.cloudinary.com/dpol0pyoo/image/fetch/c_crop,g_face/w_150,h_195,g_north/https://laad.btl.gov.il/view_files/Nofel_Pic/044067/NP_044067_10.jpg
https://res.cloudinary.com/dpol0pyoo/image/fetch/c_crop,g_face/w_150,h_195,g_north/https://laad.btl.gov.il/view_files/Nofel_Pic/044059/NP_044059_10.jpg
https://res.cloudinary.com/dpol0pyoo/image/fetch/c_crop,g_face/w_150,h_195,g_north/https://laad.btl.gov.il/view_files/Nofel_Pic/044058/NP_044058_10.jpg
https://res.cloudinary.com/dpol0pyoo/image/fetch/c_crop,g_face/w_150,h_195,g_north/https://res.cloudinary.com/dpol0pyoo/image/upload/v1772203519/idf_memorials/pid_1599.webp
https://res.cloudinary.com/dpol0pyoo/image/fetch/c_crop,g_face/w_150,h_195,g_north/https://laad.btl.gov.il/view_files/Nofel_Pic/044158/NP_044158_10.jpg
https://res.cloudinary.com/dpol0pyoo/image/fetch/c_crop,g_face/w_150,h_195,g_north/https://laad.btl.gov.il/view_files/Nofel_Pic/044075/NP_044075_10.jpg
https://res.cloudinary.com/dpol0pyoo/image/fetch/c_crop,g_face/w_150,h_195,g_north/https://res.cloudinary.com/dpol0pyoo/image/upload/v1772203524/idf_memorials/pid_1602.webp
https://res.cloudinary.com/dpol0pyoo/image/fetch/c_crop,g_face/w_150,h_195,g_north/https://laad.btl.gov.il/view_files/Nofel_Pic/044258/NP_044258_11.jpg
https://res.cloudinary.com/dpol0pyoo/image/fetch/c_crop,g_face/w_150,h_195,g_north/https://res.cloudinary.com/dpol0pyoo/image/upload/v1772208239/police_memorials/pid_1604.jpg
https://res.cloudinary.com/dpol0pyoo/image/fetch/c_crop,g_face/w_150,h_195,g_north/https://res.cloudinary.com/dpol0pyoo/image/upload/v1772203528/idf_memorials/pid_1605.jpg
https://res.cloudinary.com/dpol0pyoo/image/fetch/c_crop,g_face/w_150,h_195,g_north/https://res.cloudinary.com/dpol0pyoo/image/upload/v1772203532/idf_memorials/pid_1606.webp
https://res.cloudinary.com/dpol0pyoo/image/fetch/c_crop,g_face/w_150,h_195,g_north/https://laad.btl.gov.il/view_files/Nofel_Pic/043374/NP_043374_13.jpg
https://res.cloudinary.com/dpol0pyoo/image/fetch/c_crop,g_face/w_150,h_195,g_north/https://laad.btl.gov.il/view_files/Nofel_Pic/043833/NP_043833_10.jpg
https://res.cloudinary.com/dpol0pyoo/image/fetch/c_crop,g_face/w_150,h_195,g_north/https://laad.btl.gov.il/view_files/Nofel_Pic/043952/NP_043952_11.jpg
https://res.cloudinary.com/dpol0pyoo/image/fetch/c_crop,g_face/w_150,h_195,g_north/https://laad.btl.gov.il/view_files/Nofel_Pic/044068/NP_044068_11.jpg
https://res.cloudinary.com/dpol0pyoo/image/fetch/c_crop,g_face/w_150,h_195,g_north/https://res.cloudinary.com/dpol0pyoo/image/upload/v1772208266/police_memorials/pid_1611.jpg
https://res.cloudinary.com/dpol0pyoo/image/fetch/c_crop,g_face/w_150,h_195,g_north/https://laad.btl.gov.il/view_files/Nofel_Pic/044012/NP_044012_10.jpg
https://res.cloudinary.com/dpol0pyoo/image/fetch/c_crop,g_face/w_150,h_195,g_north/https://laad.btl.gov.il/view_files/Nofel_Pic/044010/NP_044010_11.jpg
https://res.cloudinary.com/dpol0pyoo/image/fetch/c_crop,g_face/w_150,h_195,g_north/https://res.cloudinary.com/dpol0pyoo/image/upload/v1772203537/idf_memorials/pid_1615.webp
https://res.cloudinary.com/dpol0pyoo/image/fetch/c_crop,g_face/w_150,h_195,g_north/https://laad.btl.gov.il/view_files/Nofel_Pic/043709/NP_043709_10.jpg
https://res.cloudinary.com/dpol0pyoo/image/fetch/c_crop,g_face/w_150,h_195,g_north/https://laad.btl.gov.il/view_files/Nofel_Pic/043755/NP_043755_10.jpg
https://res.cloudinary.com/dpol0pyoo/image/fetch/c_crop,g_face/w_150,h_195,g_north/https://laad.btl.gov.il/view_files/Nofel_Pic/043773/NP_043773_10.jpg
https://res.cloudinary.com/dpol0pyoo/image/fetch/c_crop,g_face/w_150,h_195,g_north/https://laad.btl.gov.il/view_files/Nofel_Pic/043795/NP_043795_10.jpg
https://res.cloudinary.com/dpol0pyoo/image/fetch/c_crop,g_face/w_150,h_195,g_north/https://laad.btl.gov.il/view_files/Nofel_Pic/043819/NP_043819_11.jpg
https://res.cloudinary.com/dpol0pyoo/image/fetch/c_crop,g_face/w_150,h_195,g_north/https://laad.btl.gov.il/view_files/Nofel_Pic/043822/NP_043822_11.jpg
https://res.cloudinary.com/dpol0pyoo/image/fetch/c_crop,g_face/w_150,h_195,g_north/https://laad.btl.gov.il/view_files/Nofel_Pic/043862/NP_043862_10.jpg
https://res.cloudinary.com/dpol0pyoo/image/fetch/c_crop,g_face/w_150,h_195,g_north/https://laad.btl.gov.il/view_files/Nofel_Pic/043870/NP_043870_11.jpg
https://res.cloudinary.com/dpol0pyoo/image/fetch/c_crop,g_face/w_150,h_195,g_north/https://laad.btl.gov.il/view_files/Nofel_Pic/043882/NP_043882_10.jpg
https://res.cloudinary.com/dpol0pyoo/image/fetch/c_crop,g_face/w_150,h_195,g_north/https://laad.btl.gov.il/view_files/Nofel_Pic/043888/NP_043888_10.jpg
https://res.cloudinary.com/dpol0pyoo/image/fetch/c_crop,g_face/w_150,h_195,g_north/https://laad.btl.gov.il/view_files/Nofel_Pic/043930/NP_043930_10.jpg
https://res.cloudinary.com/dpol0pyoo/image/fetch/c_crop,g_face/w_150,h_195,g_north/https://laad.btl.gov.il/view_files/Nofel_Pic/043939/NP_043939_14.jpg
https://res.cloudinary.com/dpol0pyoo/image/fetch/c_crop,g_face/w_150,h_195,g_north/https://laad.btl.gov.il/view_files/Nofel_Pic/043944/NP_043944_10.jpg
https://res.cloudinary.com/dpol0pyoo/image/fetch/c_crop,g_face/w_150,h_195,g_north/https://img.mako.co.il/2023/12/03/Natwari_Mulkan.png
https://res.cloudinary.com/dpol0pyoo/image/fetch/c_crop,g_face/w_150,h_195,g_north/https://res.cloudinary.com/dpol0pyoo/image/upload/v1772203542/idf_memorials/pid_1633.webp
https://res.cloudinary.com/dpol0pyoo/image/fetch/c_crop,g_face/w_150,h_195,g_north/https://assets-global.website-files.com/6527c2936fb0dc6bcfaf4f0c/652be63bb52b8f954933d895_no%20image%20placeholder%20men.png
https://res.cloudinary.com/dpol0pyoo/image/fetch/c_crop,g_face/w_150,h_195,g_north/https://img.haarets.co.il/bs/0000018b-6257-d288-afef-f2df24fb0001/ec/df/dad71a7d49d18db431f6625a1d4f/bilal.png?precrop=262,262,x167,y10&width=168&height=130
https://res.cloudinary.com/dpol0pyoo/image/fetch/c_crop,g_face/w_150,h_195,g_north/https://laad.btl.gov.il/view_files/Nofel_Pic/044255/NP_044255_10.jpg
https://res.cloudinary.com/dpol0pyoo/image/fetch/c_crop,g_face/w_150,h_195,g_north/https://laad.btl.gov.il/view_files/Nofel_Pic/044254/NP_044254_10.jpg
https://res.cloudinary.com/dpol0pyoo/image/fetch/c_crop,g_face/w_150,h_195,g_north/https://res.cloudinary.com/dpol0pyoo/image/upload/v1787991051/idf_memorials/pid_1638.webp
https://res.cloudinary.com/dpol0pyoo/image/fetch/c_crop,g_face/w_150,h_195,g_north/https://res.cloudinary.com/dpol0pyoo/image/upload/v1772203551/idf_memorials/pid_1640.webp
https://res.cloudinary.com/dpol0pyoo/image/fetch/c_crop,g_face/w_150,h_195,g_north/https://res.cloudinary.com/dpol0pyoo/image/upload/v1772203554/idf_memorials/pid_1641.jpg
https://res.cloudinary.com/dpol0pyoo/image/fetch/c_crop,g_face/w_150,h_195,g_north/https://res.cloudinary.com/dpol0pyoo/image/upload/v1772203558/idf_memorials/pid_1642.jpg
https://res.cloudinary.com/dpol0pyoo/image/fetch/c_crop,g_face/w_150,h_195,g_north/https://res.cloudinary.com/dpol0pyoo/image/upload/v1772203563/idf_memorials/pid_1643.jpg
https://res.cloudinary.com/dpol0pyoo/image/fetch/c_crop,g_face/w_150,h_195,g_north/https://res.cloudinary.com/dpol0pyoo/image/fetch/g_face/w_150,h_150/https://assets-global.website-files.com/6527c2936fb0dc6bcfaf4f0c/652be63bb52b8f954933d895_no%20image%20placeholder%20men.png
https://res.cloudinary.com/dpol0pyoo/image/fetch/c_crop,g_face/w_150,h_195,g_north/https://img.mako.co.il//2023/12/03/Bontum_Pankong.png
https://res.cloudinary.com/dpol0pyoo/image/fetch/c_crop,g_face/w_150,h_195,g_north/https://assets-global.website-files.com/6527c2936fb0dc6bcfaf4f0c/652be63bb52b8f954933d895_no%20image%20placeholder%20men.png
https://res.cloudinary.com/dpol0pyoo/image/fetch/c_crop,g_face/w_150,h_195,g_north/https://img.haarets.co.il/bs/0000018c-0752-dca2-a9fd-67da31390001/d0/5b/862ff4454db086d18cad8d867ebd/capture4444.JPG?precrop=601,462,x0,y1&width=220&height=165
https://res.cloudinary.com/dpol0pyoo/image/fetch/c_crop,g_face/w_150,h_195,g_north/https://assets-global.website-files.com/6527c2936fb0dc6bcfaf4f0c/652be63bb52b8f954933d895_no%20image%20placeholder%20men.png
https://res.cloudinary.com/dpol0pyoo/image/fetch/c_crop,g_face/w_150,h_195,g_north/https://res.cloudinary.com/dpol0pyoo/image/fetch/g_face/w_150,h_150/https://assets-global.website-files.com/6527c2936fb0dc6bcfaf4f0c/652be63bb52b8f954933d895_no%20image%20placeholder%20men.png
https://res.cloudinary.com/dpol0pyoo/image/fetch/c_crop,g_face/w_150,h_195,g_north/https://res.cloudinary.com/dpol0pyoo/image/fetch/g_face/w_150,h_150/https://assets-global.website-files.com/6527c2936fb0dc6bcfaf4f0c/652be63bb52b8f954933d895_no%20image%20placeholder%20men.png
https://res.cloudinary.com/dpol0pyoo/image/fetch/c_crop,g_face/w_150,h_195,g_north/https://res.cloudinary.com/dpol0pyoo/image/fetch/g_face/w_150,h_150/https://assets-global.website-files.com/6527c2936fb0dc6bcfaf4f0c/652be63bb52b8f954933d895_no%20image%20placeholder%20men.png
https://res.cloudinary.com/dpol0pyoo/image/fetch/c_crop,g_face/w_150,h_195,g_north/https://res.cloudinary.com/dpol0pyoo/image/fetch/g_face/w_150,h_150/https://assets-global.website-files.com/6527c2936fb0dc6bcfaf4f0c/652be63bb52b8f954933d895_no%20image%20placeholder%20men.png
https://res.cloudinary.com/dpol0pyoo/image/fetch/c_crop,g_face/w_150,h_195,g_north/https://img.haarets.co.il/bs/0000018c-0af7-dca2-a9fd-6fff3d7f0001/32/2e/037d5d21485ab48d03bf61363b9f/capture45.JPG?precrop=99,76,x31,y46&width=220&height=165
https://res.cloudinary.com/dpol0pyoo/image/fetch/c_crop,g_face/w_150,h_195,g_north/https://res.cloudinary.com/dpol0pyoo/image/upload/v1699630949/Khomkrit_Chombua_ijualm.png
https://res.cloudinary.com/dpol0pyoo/image/fetch/c_crop,g_face/w_150,h_195,g_north/https://res.cloudinary.com/dpol0pyoo/image/fetch/g_face/w_150,h_150/https://assets-global.website-files.com/6527c2936fb0dc6bcfaf4f0c/652be63bb52b8f954933d895_no%20image%20placeholder%20men.png
https://res.cloudinary.com/dpol0pyoo/image/fetch/c_crop,g_face/w_150,h_195,g_north/https://res.cloudinary.com/dpol0pyoo/image/fetch/g_face/w_150,h_150/https://assets-global.website-files.com/6527c2936fb0dc6bcfaf4f0c/652be63bb52b8f954933d895_no%20image%20placeholder%20men.png
https://res.cloudinary.com/dpol0pyoo/image/fetch/c_crop,g_face/w_150,h_195,g_north/https://res.cloudinary.com/dpol0pyoo/image/upload/v1772208270/police_memorials/pid_1658.jpg
https://res.cloudinary.com/dpol0pyoo/image/fetch/c_crop,g_face/w_150,h_195,g_north/https://res.cloudinary.com/dpol0pyoo/image/upload/v1772203567/idf_memorials/pid_1659.webp
https://res.cloudinary.com/dpol0pyoo/image/fetch/c_crop,g_face/w_150,h_195,g_north/https://res.cloudinary.com/dpol0pyoo/image/fetch/g_face/w_150,h_150/https://assets-global.website-files.com/6527c2936fb0dc6bcfaf4f0c/652be63bb52b8f954933d895_no%20image%20placeholder%20men.png
https://res.cloudinary.com/dpol0pyoo/image/fetch/c_crop,g_face/w_150,h_195,g_north/https://res.cloudinary.com/dpol0pyoo/image/fetch/g_face/w_150,h_150/https://assets-global.website-files.com/6527c2936fb0dc6bcfaf4f0c/652be63bb52b8f954933d895_no%20image%20placeholder%20men.png
https://res.cloudinary.com/dpol0pyoo/image/fetch/c_crop,g_face/w_150,h_195,g_north/https://img.haarets.co.il/bs/0000018c-0d60-ddff-a3bc-bde4ca750001/82/09/b1db986d456390ac1c9115becf9a/capture.JPG?precrop=278,214,x0,y1&width=220&height=165
https://res.cloudinary.com/dpol0pyoo/image/fetch/c_crop,g_face/w_150,h_195,g_north/https://img.haarets.co.il/bs/0000018b-8bcb-db7e-af9b-ebcbb6cf0001/fd/a8/375d104143449fe63e3d27fbbe79/capture.JPG?precrop=493,493,x0,y0&width=168&height=130
https://res.cloudinary.com/dpol0pyoo/image/fetch/c_crop,g_face/w_150,h_195,g_north/https://res.cloudinary.com/dpol0pyoo/image/upload/v1772203571/idf_memorials/pid_1664.webp
https://res.cloudinary.com/dpol0pyoo/image/fetch/c_crop,g_face/w_150,h_195,g_north/https://res.cloudinary.com/dpol0pyoo/image/upload/v1772203576/idf_memorials/pid_1665.webp
https://res.cloudinary.com/dpol0pyoo/image/fetch/c_crop,g_face/w_150,h_195,g_north/https://res.cloudinary.com/dpol0pyoo/image/upload/v1772203580/idf_memorials/pid_1666.webp
https://res.cloudinary.com/dpol0pyoo/image/fetch/c_crop,g_face/w_150,h_195,g_north/https://assets-global.website-files.com/652a57dd622571ba143495d5/654234841eb010432623c415_Tarshansky%20Gali.jpg
https://res.cloudinary.com/dpol0pyoo/image/fetch/c_crop,g_face/w_150,h_195,g_north/https://res.cloudinary.com/dpol0pyoo/image/upload/v1772203585/idf_memorials/pid_1668.webp
https://res.cloudinary.com/dpol0pyoo/image/fetch/c_crop,g_face/w_150,h_195,g_north/https://res.cloudinary.com/dpol0pyoo/image/fetch/g_face/w_150,h_150/https://assets-global.website-files.com/6527c2936fb0dc6bcfaf4f0c/652be63bb52b8f954933d895_no%20image%20placeholder%20men.png
https://res.cloudinary.com/dpol0pyoo/image/fetch/c_crop,g_face/w_150,h_195,g_north/https://img.haarets.co.il/bs/0000018c-17a8-dd03-a7ff-bfb823900001/ba/74/906910f04019a459ee262a48baa2/ovat.JPG?precrop=120,92,x98,y24&width=220&height=165
https://res.cloudinary.com/dpol0pyoo/image/fetch/c_crop,g_face/w_150,h_195,g_north/https://res.cloudinary.com/dpol0pyoo/image/fetch/g_face/w_150,h_150/https://assets-global.website-files.com/6527c2936fb0dc6bcfaf4f0c/652be63bb52b8f954933d895_no%20image%20placeholder%20men.png
https://res.cloudinary.com/dpol0pyoo/image/fetch/c_crop,g_face/w_150,h_195,g_north/https://static.timesofisrael.com/www/uploads/2023/11/Screen-Shot-2023-11-04-at-9.27.24-PM-e1699126168855.png
https://res.cloudinary.com/dpol0pyoo/image/fetch/c_crop,g_face/w_150,h_195,g_north/https://res.cloudinary.com/dpol0pyoo/image/fetch/g_face/w_150,h_150/https://assets-global.website-files.com/6527c2936fb0dc6bcfaf4f0c/652be63bb52b8f954933d895_no%20image%20placeholder%20men.png
https://res.cloudinary.com/dpol0pyoo/image/fetch/c_crop,g_face/w_150,h_195,g_north/https://res.cloudinary.com/dpol0pyoo/image/fetch/g_face/w_150,h_150/https://assets-global.website-files.com/6527c2936fb0dc6bcfaf4f0c/652be63bb52b8f954933d895_no%20image%20placeholder%20men.png
https://res.cloudinary.com/dpol0pyoo/image/fetch/c_crop,g_face/w_150,h_195,g_north/https://laad.btl.gov.il/view_files/Nofel_Pic/044019/NP_044019_11.jpg
https://res.cloudinary.com/dpol0pyoo/image/fetch/c_crop,g_face/w_150,h_195,g_north/https://laad.btl.gov.il/view_files/Nofel_Pic/043375/NP_043375_10.jpg
https://res.cloudinary.com/dpol0pyoo/image/fetch/c_crop,g_face/w_150,h_195,g_north/https://laad.btl.gov.il/view_files/Nofel_Pic/044103/NP_044103_10.jpg
https://res.cloudinary.com/dpol0pyoo/image/fetch/c_crop,g_face/w_150,h_195,g_north/https://laad.btl.gov.il/view_files/Nofel_Pic/044033/NP_044033_10.jpg
https://res.cloudinary.com/dpol0pyoo/image/fetch/c_crop,g_face/w_150,h_195,g_north/https://laad.btl.gov.il/view_files/Nofel_Pic/044032/NP_044032_10.jpg
https://res.cloudinary.com/dpol0pyoo/image/fetch/c_crop,g_face/w_150,h_195,g_north/https://laad.btl.gov.il/view_files/Nofel_Pic/043404/NP_043404_10.jpg
https://res.cloudinary.com/dpol0pyoo/image/fetch/c_crop,g_face/w_150,h_195,g_north/https://laad.btl.gov.il/view_files/Nofel_Pic/044106/NP_044106_10.jpg
https://res.cloudinary.com/dpol0pyoo/image/fetch/c_crop,g_face/w_150,h_195,g_north/https://laad.btl.gov.il/Rsrc/Images/nopicTerror.jpg
https://res.cloudinary.com/dpol0pyoo/image/fetch/c_crop,g_face/w_150,h_195,g_north/https://laad.btl.gov.il/view_files/Nofel_Pic/044102/NP_044102_10.jpg
https://res.cloudinary.com/dpol0pyoo/image/fetch/c_crop,g_face/w_150,h_195,g_north/https://laad.btl.gov.il/view_files/Nofel_Pic/044101/NP_044101_10.jpg
https://res.cloudinary.com/dpol0pyoo/image/fetch/c_crop,g_face/w_150,h_195,g_north/https://laad.btl.gov.il/view_files/Nofel_Pic/044110/NP_044110_10.jpg
https://res.cloudinary.com/dpol0pyoo/image/fetch/c_crop,g_face/w_150,h_195,g_north/https://laad.btl.gov.il/Rsrc/Images/nopicTerror.jpg
https://res.cloudinary.com/dpol0pyoo/image/fetch/c_crop,g_face/w_150,h_195,g_north/https://laad.btl.gov.il/Rsrc/Images/nopicTerror.jpg
https://res.cloudinary.com/dpol0pyoo/image/fetch/c_crop,g_face/w_150,h_195,g_north/https://laad.btl.gov.il/Rsrc/Images/nopicTerror.jpg
https://res.cloudinary.com/dpol0pyoo/image/fetch/c_crop,g_face/w_150,h_195,g_north/https://laad.btl.gov.il/Rsrc/Images/nopicTerror.jpg
https://res.cloudinary.com/dpol0pyoo/image/fetch/c_crop,g_face/w_150,h_195,g_north/https://laad.btl.gov.il/view_files/Nofel_Pic/044121/NP_044121_10.jpg
https://res.cloudinary.com/dpol0pyoo/image/fetch/c_crop,g_face/w_150,h_195,g_north/https://img.haarets.co.il/bs/0000018b-625a-d288-afef-f2dadb780001/7d/3c/c48fb8104557b084f04df868b236/kaid.png?precrop=122,122,x49,y52&width=168&height=130
https://res.cloudinary.com/dpol0pyoo/image/fetch/c_crop,g_face/w_150,h_195,g_north/https://res.cloudinary.com/dpol0pyoo/image/upload/v1772203589/idf_memorials/pid_1692.webp
https://res.cloudinary.com/dpol0pyoo/image/fetch/c_crop,g_face/w_150,h_195,g_north/https://laad.btl.gov.il/view_files/Nofel_Pic/044117/NP_044117_10.jpg
https://res.cloudinary.com/dpol0pyoo/image/fetch/c_crop,g_face/w_150,h_195,g_north/https://res.cloudinary.com/dpol0pyoo/image/upload/c_thumb,g_face,w_150,h_195/1695.jpg
https://res.cloudinary.com/dpol0pyoo/image/fetch/c_crop,g_face/w_150,h_195,g_north/https://laad.btl.gov.il/view_files/Nofel_Pic/043352/NP_043352_10.jpg
https://res.cloudinary.com/dpol0pyoo/image/fetch/c_crop,g_face/w_150,h_195,g_north/https://laad.btl.gov.il/view_files/Nofel_Pic/043349/NP_043349_10.jpg
https://res.cloudinary.com/dpol0pyoo/image/fetch/c_crop,g_face/w_150,h_195,g_north/https://laad.btl.gov.il/Rsrc/Images/nopicTerror.jpg
https://res.cloudinary.com/dpol0pyoo/image/fetch/c_crop,g_face/w_150,h_195,g_north/https://laad.btl.gov.il/Rsrc/Images/nopicTerror.jpg
https://res.cloudinary.com/dpol0pyoo/image/fetch/c_crop,g_face/w_150,h_195,g_north/https://laad.btl.gov.il/Rsrc/Images/nopicTerror.jpg
https://res.cloudinary.com/dpol0pyoo/image/fetch/c_crop,g_face/w_150,h_195,g_north/https://res.cloudinary.com/dpol0pyoo/image/upload/v1772203596/idf_memorials/pid_1703.webp
https://res.cloudinary.com/dpol0pyoo/image/fetch/c_crop,g_face/w_150,h_195,g_north/https://res.cloudinary.com/dpol0pyoo/image/upload/v1787991052/idf_memorials/pid_1704.webp
https://res.cloudinary.com/dpol0pyoo/image/fetch/c_crop,g_face/w_150,h_195,g_north/https://res.cloudinary.com/dpol0pyoo/image/upload/v1772208273/police_memorials/pid_1705.jpg
https://res.cloudinary.com/dpol0pyoo/image/fetch/c_crop,g_face/w_150,h_195,g_north/https://res.cloudinary.com/dpol0pyoo/image/upload/v1772203601/idf_memorials/pid_1706.webp
https://res.cloudinary.com/dpol0pyoo/image/fetch/c_crop,g_face/w_150,h_195,g_north/https://res.cloudinary.com/dpol0pyoo/image/upload/v1772203605/idf_memorials/pid_1707.webp
https://res.cloudinary.com/dpol0pyoo/image/fetch/c_crop,g_face/w_150,h_195,g_north/https://res.cloudinary.com/dpol0pyoo/image/upload/v1772203609/idf_memorials/pid_1708.jpg
https://res.cloudinary.com/dpol0pyoo/image/fetch/c_crop,g_face/w_150,h_195,g_north/https://res.cloudinary.com/dpol0pyoo/image/upload/v1772203613/idf_memorials/pid_1709.webp
https://res.cloudinary.com/dpol0pyoo/image/fetch/c_crop,g_face/w_150,h_195,g_north/https://res.cloudinary.com/dpol0pyoo/image/upload/v1772203618/idf_memorials/pid_1710.webp
https://res.cloudinary.com/dpol0pyoo/image/fetch/c_crop,g_face/w_150,h_195,g_north/https://res.cloudinary.com/dpol0pyoo/image/upload/v1772203622/idf_memorials/pid_1711.webp
https://res.cloudinary.com/dpol0pyoo/image/fetch/c_crop,g_face/w_150,h_195,g_north/https://res.cloudinary.com/dpol0pyoo/image/upload/v1772203628/idf_memorials/pid_1712.webp
https://res.cloudinary.com/dpol0pyoo/image/fetch/c_crop,g_face/w_150,h_195,g_north/https://res.cloudinary.com/dpol0pyoo/image/upload/v1772203632/idf_memorials/pid_1713.webp
https://res.cloudinary.com/dpol0pyoo/image/fetch/c_crop,g_face/w_150,h_195,g_north/https://res.cloudinary.com/dpol0pyoo/image/upload/v1772203636/idf_memorials/pid_1714.webp
https://res.cloudinary.com/dpol0pyoo/image/fetch/c_crop,g_face/w_150,h_195,g_north/https://res.cloudinary.com/dpol0pyoo/image/upload/v1772203641/idf_memorials/pid_1715.webp
https://res.cloudinary.com/dpol0pyoo/image/fetch/c_crop,g_face/w_150,h_195,g_north/https://res.cloudinary.com/dpol0pyoo/image/upload/v1772208277/police_memorials/pid_1716.jpg
https://res.cloudinary.com/dpol0pyoo/image/fetch/c_crop,g_face/w_150,h_195,g_north/https://laad.btl.gov.il/view_files/Nofel_Pic/043447/NP_043447_10.jpg
https://res.cloudinary.com/dpol0pyoo/image/fetch/c_crop,g_face/w_150,h_195,g_north/https://laad.btl.gov.il/view_files/Nofel_Pic/043451/NP_043451_10.jpg
https://res.cloudinary.com/dpol0pyoo/image/fetch/c_crop,g_face/w_150,h_195,g_north/https://laad.btl.gov.il/view_files/Nofel_Pic/043435/NP_043435_10.jpg
https://res.cloudinary.com/dpol0pyoo/image/fetch/c_crop,g_face/w_150,h_195,g_north/https://laad.btl.gov.il/view_files/Nofel_Pic/043443/NP_043443_10.jpg
https://res.cloudinary.com/dpol0pyoo/image/fetch/c_crop,g_face/w_150,h_195,g_north/https://laad.btl.gov.il/view_files/Nofel_Pic/043465/NP_043465_10.jpg
https://res.cloudinary.com/dpol0pyoo/image/fetch/c_crop,g_face/w_150,h_195,g_north/https://laad.btl.gov.il/view_files/Nofel_Pic/043460/NP_043460_12.jpg
https://res.cloudinary.com/dpol0pyoo/image/fetch/c_crop,g_face/w_150,h_195,g_north/https://res.cloudinary.com/dpol0pyoo/image/upload/v1772203645/idf_memorials/pid_1723.webp
https://res.cloudinary.com/dpol0pyoo/image/fetch/c_crop,g_face/w_150,h_195,g_north/https://laad.btl.gov.il/Rsrc/Images/nopicTerror.jpg
https://res.cloudinary.com/dpol0pyoo/image/fetch/c_crop,g_face/w_150,h_195,g_north/https://res.cloudinary.com/dpol0pyoo/image/upload/v1772203649/idf_memorials/pid_1725.webp
https://res.cloudinary.com/dpol0pyoo/image/fetch/c_crop,g_face/w_150,h_195,g_north/https://res.cloudinary.com/dpol0pyoo/image/upload/c_thumb,g_face,w_150,h_195/1726.jpg
https://res.cloudinary.com/dpol0pyoo/image/fetch/c_crop,g_face/w_150,h_195,g_north/https://laad.btl.gov.il/view_files/Nofel_Pic/043512/NP_043512_10.jpg
https://res.cloudinary.com/dpol0pyoo/image/fetch/c_crop,g_face/w_150,h_195,g_north/https://laad.btl.gov.il/view_files/Nofel_Pic/043834/NP_043834_10.jpg
https://res.cloudinary.com/dpol0pyoo/image/fetch/c_crop,g_face/w_150,h_195,g_north/https://res.cloudinary.com/dpol0pyoo/image/upload/v1772208283/police_memorials/pid_1729.jpg
https://res.cloudinary.com/dpol0pyoo/image/fetch/c_crop,g_face/w_150,h_195,g_north/https://laad.btl.gov.il/view_files/Nofel_Pic/044089/NP_044089_11.jpg
https://res.cloudinary.com/dpol0pyoo/image/fetch/c_crop,g_face/w_150,h_195,g_north/https://res.cloudinary.com/dpol0pyoo/image/upload/v1772208046/police_memorials/pid_1731.jpg
https://res.cloudinary.com/dpol0pyoo/image/fetch/c_crop,g_face/w_150,h_195,g_north/https://res.cloudinary.com/dpol0pyoo/image/upload/1732
https://res.cloudinary.com/dpol0pyoo/image/fetch/c_crop,g_face/w_150,h_195,g_north/https://res.cloudinary.com/dpol0pyoo/image/upload/v1772203660/idf_memorials/pid_1733.webp
https://res.cloudinary.com/dpol0pyoo/image/fetch/c_crop,g_face/w_150,h_195,g_north/https://laad.btl.gov.il/view_files/Nofel_Pic/044169/NP_044169_10.jpg
https://res.cloudinary.com/dpol0pyoo/image/fetch/c_crop,g_face/w_150,h_195,g_north/https://laad.btl.gov.il/view_files/Nofel_Pic/044170/NP_044170_10.jpg
https://res.cloudinary.com/dpol0pyoo/image/fetch/c_crop,g_face/w_150,h_195,g_north/https://laad.btl.gov.il/view_files/Nofel_Pic/044044/NP_044044_10.jpg
https://res.cloudinary.com/dpol0pyoo/image/fetch/c_crop,g_face/w_150,h_195,g_north/https://laad.btl.gov.il/view_files/Nofel_Pic/044022/NP_044022_10.jpg
https://res.cloudinary.com/dpol0pyoo/image/fetch/c_crop,g_face/w_150,h_195,g_north/https://laad.btl.gov.il/view_files/Nofel_Pic/044024/NP_044024_10.jpg
https://res.cloudinary.com/dpol0pyoo/image/fetch/c_crop,g_face/w_150,h_195,g_north/https://laad.btl.gov.il/Rsrc/Images/nopicTerror.jpg
https://res.cloudinary.com/dpol0pyoo/image/fetch/c_crop,g_face/w_150,h_195,g_north/https://res.cloudinary.com/dpol0pyoo/image/upload/v1772203664/idf_memorials/pid_2009.jpg
https://res.cloudinary.com/dpol0pyoo/image/fetch/c_crop,g_face/w_150,h_195,g_north/https://res.cloudinary.com/dpol0pyoo/image/upload/v1772203668/idf_memorials/pid_2010.webp
https://res.cloudinary.com/dpol0pyoo/image/fetch/c_crop,g_face/w_150,h_195,g_north/https://res.cloudinary.com/dpol0pyoo/image/upload/v1772203672/idf_memorials/pid_2011.webp
https://res.cloudinary.com/dpol0pyoo/image/fetch/c_crop,g_face/w_150,h_195,g_north/https://res.cloudinary.com/dpol0pyoo/image/upload/v1772203677/idf_memorials/pid_2012.webp
https://res.cloudinary.com/dpol0pyoo/image/fetch/c_crop,g_face/w_150,h_195,g_north/https://laad.btl.gov.il/view_files/Nofel_Pic/044011/NP_044011_10.jpg
https://res.cloudinary.com/dpol0pyoo/image/fetch/c_crop,g_face/w_150,h_195,g_north/https://laad.btl.gov.il/Rsrc/Images/nopicTerror.jpg
https://res.cloudinary.com/dpol0pyoo/image/fetch/c_crop,g_face/w_150,h_195,g_north/https://laad.btl.gov.il/Rsrc/Images/nopicTerror.jpg
https://res.cloudinary.com/dpol0pyoo/image/fetch/c_crop,g_face/w_150,h_195,g_north/https://laad.btl.gov.il/view_files/Nofel_Pic/044005/NP_044005_11.jpg
https://res.cloudinary.com/dpol0pyoo/image/fetch/c_crop,g_face/w_150,h_195,g_north/https://res.cloudinary.com/dpol0pyoo/image/upload/v1772203682/idf_memorials/pid_2017.webp
https://res.cloudinary.com/dpol0pyoo/image/fetch/c_crop,g_face/w_150,h_195,g_north/https://laad.btl.gov.il/Rsrc/Images/nopicTerror.jpg
https://res.cloudinary.com/dpol0pyoo/image/fetch/c_crop,g_face/w_150,h_195,g_north/https://laad.btl.gov.il/view_files/Nofel_Pic/044009/NP_044009_10.jpg
https://res.cloudinary.com/dpol0pyoo/image/fetch/c_crop,g_face/w_150,h_195,g_north/https://laad.btl.gov.il/view_files/Nofel_Pic/044045/NP_044045_10.jpg
https://res.cloudinary.com/dpol0pyoo/image/fetch/c_crop,g_face/w_150,h_195,g_north/https://laad.btl.gov.il/Rsrc/Images/nopicTerror.jpg
https://res.cloudinary.com/dpol0pyoo/image/fetch/c_crop,g_face/w_150,h_195,g_north/https://laad.btl.gov.il/Rsrc/Images/nopicTerror.jpg
https://res.cloudinary.com/dpol0pyoo/image/fetch/c_crop,g_face/w_150,h_195,g_north/https://res.cloudinary.com/dpol0pyoo/image/upload/v1787991055/idf_memorials/pid_2033.webp
https://res.cloudinary.com/dpol0pyoo/image/fetch/c_crop,g_face/w_150,h_195,g_north/https://res.cloudinary.com/dpol0pyoo/image/upload/v1787991056/idf_memorials/pid_2034.webp
https://res.cloudinary.com/dpol0pyoo/image/fetch/c_crop,g_face/w_150,h_195,g_north/https://res.cloudinary.com/dpol0pyoo/image/upload/v1787991058/idf_memorials/pid_2035.webp
https://res.cloudinary.com/dpol0pyoo/image/fetch/c_crop,g_face/w_150,h_195,g_north/https://res.cloudinary.com/dpol0pyoo/image/upload/v1787991060/idf_memorials/pid_2036.webp
https://res.cloudinary.com/dpol0pyoo/image/fetch/c_crop,g_face/w_150,h_195,g_north/https://res.cloudinary.com/dpol0pyoo/image/upload/v1787991063/idf_memorials/pid_2037.webp
https://res.cloudinary.com/dpol0pyoo/image/fetch/c_crop,g_face/w_150,h_195,g_north/https://laad.btl.gov.il/view_files/Nofel_Pic/044008/NP_044008_11.jpg
https://res.cloudinary.com/dpol0pyoo/image/fetch/c_crop,g_face/w_150,h_195,g_north/https://res.cloudinary.com/dpol0pyoo/image/upload/v1787991064/idf_memorials/pid_2039.webp
https://res.cloudinary.com/dpol0pyoo/image/fetch/c_crop,g_face/w_150,h_195,g_north/https://laad.btl.gov.il/view_files/Nofel_Pic/044013/NP_044013_10.jpg
https://res.cloudinary.com/dpol0pyoo/image/fetch/c_crop,g_face/w_150,h_195,g_north/https://res.cloudinary.com/dpol0pyoo/image/upload/v1787991065/idf_memorials/pid_2042.webp
https://res.cloudinary.com/dpol0pyoo/image/fetch/c_crop,g_face/w_150,h_195,g_north/https://res.cloudinary.com/dpol0pyoo/image/upload/v1787991067/idf_memorials/pid_2044.webp
https://res.cloudinary.com/dpol0pyoo/image/fetch/c_crop,g_face/w_150,h_195,g_north/https://res.cloudinary.com/dpol0pyoo/image/upload/v1787991068/idf_memorials/pid_2045.webp
https://res.cloudinary.com/dpol0pyoo/image/fetch/c_crop,g_face/w_150,h_195,g_north/https://res.cloudinary.com/dpol0pyoo/image/upload/v1787991070/idf_memorials/pid_2046.webp
https://res.cloudinary.com/dpol0pyoo/image/fetch/c_crop,g_face/w_150,h_195,g_north/https://res.cloudinary.com/dpol0pyoo/image/upload/v1787991071/idf_memorials/pid_2047.webp
https://res.cloudinary.com/dpol0pyoo/image/fetch/c_crop,g_face/w_150,h_195,g_north/https://res.cloudinary.com/dpol0pyoo/image/upload/v1787991073/idf_memorials/pid_2048.webp
https://res.cloudinary.com/dpol0pyoo/image/fetch/c_crop,g_face/w_150,h_195,g_north/https://res.cloudinary.com/dpol0pyoo/image/upload/v1787991074/idf_memorials/pid_2049.webp
https://res.cloudinary.com/dpol0pyoo/image/fetch/c_crop,g_face/w_150,h_195,g_north/https://res.cloudinary.com/dpol0pyoo/image/upload/v1787991076/idf_memorials/pid_2050.webp
https://res.cloudinary.com/dpol0pyoo/image/fetch/c_crop,g_face/w_150,h_195,g_north/https://res.cloudinary.com/dpol0pyoo/image/upload/v1787991077/idf_memorials/pid_2051.webp
https://res.cloudinary.com/dpol0pyoo/image/fetch/c_crop,g_face/w_150,h_195,g_north/https://res.cloudinary.com/dpol0pyoo/image/upload/v1787991079/idf_memorials/pid_2052.webp
https://res.cloudinary.com/dpol0pyoo/image/fetch/c_crop,g_face/w_150,h_195,g_north/https://res.cloudinary.com/dpol0pyoo/image/upload/v1787991080/idf_memorials/pid_2053.webp
https://res.cloudinary.com/dpol0pyoo/image/fetch/c_crop,g_face/w_150,h_195,g_north/https://res.cloudinary.com/dpol0pyoo/image/upload/v1787991081/idf_memorials/pid_2054.webp
https://res.cloudinary.com/dpol0pyoo/image/fetch/c_crop,g_face/w_150,h_195,g_north/https://res.cloudinary.com/dpol0pyoo/image/upload/v1787991083/idf_memorials/pid_2055.webp
https://res.cloudinary.com/dpol0pyoo/image/fetch/c_crop,g_face/w_150,h_195,g_north/https://res.cloudinary.com/dpol0pyoo/image/upload/v1787991085/idf_memorials/pid_2056.webp
https://res.cloudinary.com/dpol0pyoo/image/fetch/c_crop,g_face/w_150,h_195,g_north/https://res.cloudinary.com/dpol0pyoo/image/upload/v1787991087/idf_memorials/pid_2057.webp
https://res.cloudinary.com/dpol0pyoo/image/fetch/c_crop,g_face/w_150,h_195,g_north/https://res.cloudinary.com/dpol0pyoo/image/upload/v1787991088/idf_memorials/pid_2058.webp
https://res.cloudinary.com/dpol0pyoo/image/fetch/c_crop,g_face/w_150,h_195,g_north/https://res.cloudinary.com/dpol0pyoo/image/upload/v1787991090/idf_memorials/pid_2059.webp
https://res.cloudinary.com/dpol0pyoo/image/fetch/c_crop,g_face/w_150,h_195,g_north/https://res.cloudinary.com/dpol0pyoo/image/upload/v1787991091/idf_memorials/pid_2060.webp
https://res.cloudinary.com/dpol0pyoo/image/fetch/c_crop,g_face/w_150,h_195,g_north/https://res.cloudinary.com/dpol0pyoo/image/upload/v1787991093/idf_memorials/pid_2061.webp
https://res.cloudinary.com/dpol0pyoo/image/fetch/c_crop,g_face/w_150,h_195,g_north/https://res.cloudinary.com/dpol0pyoo/image/upload/v1787991095/idf_memorials/pid_2062.webp
https://res.cloudinary.com/dpol0pyoo/image/fetch/c_crop,g_face/w_150,h_195,g_north/https://res.cloudinary.com/dpol0pyoo/image/upload/v1787991096/idf_memorials/pid_2063.webp
https://res.cloudinary.com/dpol0pyoo/image/fetch/c_crop,g_face/w_150,h_195,g_north/https://res.cloudinary.com/dpol0pyoo/image/upload/v1787991097/idf_memorials/pid_2064.webp
https://res.cloudinary.com/dpol0pyoo/image/fetch/c_crop,g_face/w_150,h_195,g_north/https://res.cloudinary.com/dpol0pyoo/image/upload/v1787991099/idf_memorials/pid_2065.webp
https://res.cloudinary.com/dpol0pyoo/image/fetch/c_crop,g_face/w_150,h_195,g_north/https://res.cloudinary.com/dpol0pyoo/image/upload/v1787991100/idf_memorials/pid_2066.webp
https://res.cloudinary.com/dpol0pyoo/image/fetch/c_crop,g_face/w_150,h_195,g_north/https://res.cloudinary.com/dpol0pyoo/image/upload/v1787991101/idf_memorials/pid_2067.webp
https://res.cloudinary.com/dpol0pyoo/image/fetch/c_crop,g_face/w_150,h_195,g_north/https://res.cloudinary.com/dpol0pyoo/image/upload/v1787991103/idf_memorials/pid_2068.webp
https://res.cloudinary.com/dpol0pyoo/image/fetch/c_crop,g_face/w_150,h_195,g_north/https://res.cloudinary.com/dpol0pyoo/image/upload/v1787991105/idf_memorials/pid_2069.webp
https://res.cloudinary.com/dpol0pyoo/image/fetch/c_crop,g_face/w_150,h_195,g_north/https://res.cloudinary.com/dpol0pyoo/image/upload/v1787991106/idf_memorials/pid_2070.webp
https://res.cloudinary.com/dpol0pyoo/image/fetch/c_crop,g_face/w_150,h_195,g_north/https://res.cloudinary.com/dpol0pyoo/image/upload/v1787991108/idf_memorials/pid_2071.webp
https://res.cloudinary.com/dpol0pyoo/image/fetch/c_crop,g_face/w_150,h_195,g_north/https://res.cloudinary.com/dpol0pyoo/image/upload/v1787991109/idf_memorials/pid_2072.webp
https://res.cloudinary.com/dpol0pyoo/image/fetch/c_crop,g_face/w_150,h_195,g_north/https://res.cloudinary.com/dpol0pyoo/image/upload/v1787991110/idf_memorials/pid_2073.webp
https://res.cloudinary.com/dpol0pyoo/image/fetch/c_crop,g_face/w_150,h_195,g_north/https://res.cloudinary.com/dpol0pyoo/image/upload/v1787991112/idf_memorials/pid_2074.webp
https://res.cloudinary.com/dpol0pyoo/image/fetch/c_crop,g_face/w_150,h_195,g_north/https://res.cloudinary.com/dpol0pyoo/image/upload/v1787991113/idf_memorials/pid_2075.webp
https://res.cloudinary.com/dpol0pyoo/image/fetch/c_crop,g_face/w_150,h_195,g_north/https://res.cloudinary.com/dpol0pyoo/image/upload/v1787991115/idf_memorials/pid_2076.webp
https://res.cloudinary.com/dpol0pyoo/image/fetch/c_crop,g_face/w_150,h_195,g_north/https://res.cloudinary.com/dpol0pyoo/image/upload/v1787991116/idf_memorials/pid_2077.webp
https://res.cloudinary.com/dpol0pyoo/image/fetch/c_crop,g_face/w_150,h_195,g_north/https://res.cloudinary.com/dpol0pyoo/image/upload/v1787991117/idf_memorials/pid_2078.webp
https://res.cloudinary.com/dpol0pyoo/image/fetch/c_crop,g_face/w_150,h_195,g_north/https://res.cloudinary.com/dpol0pyoo/image/upload/v1787991118/idf_memorials/pid_2080.webp
https://res.cloudinary.com/dpol0pyoo/image/fetch/c_crop,g_face/w_150,h_195,g_north/https://res.cloudinary.com/dpol0pyoo/image/upload/v1787991121/idf_memorials/pid_2081.webp
https://res.cloudinary.com/dpol0pyoo/image/fetch/c_crop,g_face/w_150,h_195,g_north/https://laad.btl.gov.il/view_files/Nofel_Pic/044078/NP_044078_11.jpg
https://res.cloudinary.com/dpol0pyoo/image/fetch/c_crop,g_face/w_150,h_195,g_north/https://res.cloudinary.com/dpol0pyoo/image/upload/v1787991122/idf_memorials/pid_2083.webp
https://res.cloudinary.com/dpol0pyoo/image/fetch/c_crop,g_face/w_150,h_195,g_north/https://res.cloudinary.com/dpol0pyoo/image/upload/v1787991124/idf_memorials/pid_2084.webp
https://res.cloudinary.com/dpol0pyoo/image/fetch/c_crop,g_face/w_150,h_195,g_north/https://res.cloudinary.com/dpol0pyoo/image/upload/v1787991126/idf_memorials/pid_2085.webp
https://res.cloudinary.com/dpol0pyoo/image/fetch/c_crop,g_face/w_150,h_195,g_north/https://res.cloudinary.com/dpol0pyoo/image/upload/v1787991127/idf_memorials/pid_2086.webp
https://res.cloudinary.com/dpol0pyoo/image/fetch/c_crop,g_face/w_150,h_195,g_north/https://res.cloudinary.com/dpol0pyoo/image/upload/v1787991129/idf_memorials/pid_2087.webp
https://res.cloudinary.com/dpol0pyoo/image/fetch/c_crop,g_face/w_150,h_195,g_north/https://res.cloudinary.com/dpol0pyoo/image/upload/v1787991130/idf_memorials/pid_2088.webp
https://res.cloudinary.com/dpol0pyoo/image/fetch/c_crop,g_face/w_150,h_195,g_north/https://res.cloudinary.com/dpol0pyoo/image/upload/v1787991131/idf_memorials/pid_2089.webp
https://res.cloudinary.com/dpol0pyoo/image/fetch/c_crop,g_face/w_150,h_195,g_north/https://res.cloudinary.com/dpol0pyoo/image/upload/v1787991133/idf_memorials/pid_2090.webp
https://res.cloudinary.com/dpol0pyoo/image/fetch/c_crop,g_face/w_150,h_195,g_north/https://res.cloudinary.com/dpol0pyoo/image/upload/v1787991134/idf_memorials/pid_2091.webp
https://res.cloudinary.com/dpol0pyoo/image/fetch/c_crop,g_face/w_150,h_195,g_north/https://res.cloudinary.com/dpol0pyoo/image/upload/v1787991136/idf_memorials/pid_2092.webp
https://res.cloudinary.com/dpol0pyoo/image/fetch/c_crop,g_face/w_150,h_195,g_north/https://res.cloudinary.com/dpol0pyoo/image/upload/v1787991138/idf_memorials/pid_2093.webp
https://res.cloudinary.com/dpol0pyoo/image/fetch/c_crop,g_face/w_150,h_195,g_north/https://res.cloudinary.com/dpol0pyoo/image/upload/v1787991139/idf_memorials/pid_2094.webp
https://res.cloudinary.com/dpol0pyoo/image/fetch/c_crop,g_face/w_150,h_195,g_north/https://laad.btl.gov.il/view_files/Nofel_Pic/044080/NP_044080_10.jpg
https://res.cloudinary.com/dpol0pyoo/image/fetch/c_crop,g_face/w_150,h_195,g_north/https://res.cloudinary.com/dpol0pyoo/image/upload/v1787991142/idf_memorials/pid_2097.webp
https://res.cloudinary.com/dpol0pyoo/image/fetch/c_crop,g_face/w_150,h_195,g_north/https://res.cloudinary.com/dpol0pyoo/image/upload/v1787991143/idf_memorials/pid_2098.webp
https://res.cloudinary.com/dpol0pyoo/image/fetch/c_crop,g_face/w_150,h_195,g_north/https://res.cloudinary.com/dpol0pyoo/image/upload/v1787991145/idf_memorials/pid_2099.webp
https://res.cloudinary.com/dpol0pyoo/image/fetch/c_crop,g_face/w_150,h_195,g_north/https://res.cloudinary.com/dpol0pyoo/image/upload/v1787991146/idf_memorials/pid_2100.webp
https://res.cloudinary.com/dpol0pyoo/image/fetch/c_crop,g_face/w_150,h_195,g_north/https://res.cloudinary.com/dpol0pyoo/image/upload/v1787991147/idf_memorials/pid_2101.webp
https://res.cloudinary.com/dpol0pyoo/image/fetch/c_crop,g_face/w_150,h_195,g_north/https://res.cloudinary.com/dpol0pyoo/image/upload/v1787991149/idf_memorials/pid_2102.webp
https://res.cloudinary.com/dpol0pyoo/image/fetch/c_crop,g_face/w_150,h_195,g_north/https://res.cloudinary.com/dpol0pyoo/image/upload/v1787991151/idf_memorials/pid_2103.webp
https://res.cloudinary.com/dpol0pyoo/image/fetch/c_crop,g_face/w_150,h_195,g_north/https://res.cloudinary.com/dpol0pyoo/image/upload/v1787991153/idf_memorials/pid_2105.webp
https://res.cloudinary.com/dpol0pyoo/image/fetch/c_crop,g_face/w_150,h_195,g_north/https://res.cloudinary.com/dpol0pyoo/image/upload/v1787991155/idf_memorials/pid_2106.webp
https://res.cloudinary.com/dpol0pyoo/image/fetch/c_crop,g_face/w_150,h_195,g_north/https://res.cloudinary.com/dpol0pyoo/image/upload/v1787991156/idf_memorials/pid_2107.webp
https://res.cloudinary.com/dpol0pyoo/image/fetch/c_crop,g_face/w_150,h_195,g_north/https://res.cloudinary.com/dpol0pyoo/image/upload/v1787991157/idf_memorials/pid_2108.webp
https://res.cloudinary.com/dpol0pyoo/image/fetch/c_crop,g_face/w_150,h_195,g_north/https://res.cloudinary.com/dpol0pyoo/image/upload/v1787991159/idf_memorials/pid_2109.webp
https://res.cloudinary.com/dpol0pyoo/image/fetch/c_crop,g_face/w_150,h_195,g_north/https://res.cloudinary.com/dpol0pyoo/image/upload/v1787991160/idf_memorials/pid_2110.webp
https://res.cloudinary.com/dpol0pyoo/image/fetch/c_crop,g_face/w_150,h_195,g_north/https://res.cloudinary.com/dpol0pyoo/image/upload/v1787991162/idf_memorials/pid_2112.webp
https://res.cloudinary.com/dpol0pyoo/image/fetch/c_crop,g_face/w_150,h_195,g_north/https://res.cloudinary.com/dpol0pyoo/image/upload/v1787991164/idf_memorials/pid_2113.webp
https://res.cloudinary.com/dpol0pyoo/image/fetch/c_crop,g_face/w_150,h_195,g_north/https://res.cloudinary.com/dpol0pyoo/image/upload/v1787991166/idf_memorials/pid_2114.webp
https://res.cloudinary.com/dpol0pyoo/image/fetch/c_crop,g_face/w_150,h_195,g_north/https://res.cloudinary.com/dpol0pyoo/image/upload/v1787991167/idf_memorials/pid_2115.webp
https://res.cloudinary.com/dpol0pyoo/image/fetch/c_crop,g_face/w_150,h_195,g_north/https://res.cloudinary.com/dpol0pyoo/image/upload/v1787991169/idf_memorials/pid_2116.webp
https://res.cloudinary.com/dpol0pyoo/image/fetch/c_crop,g_face/w_150,h_195,g_north/https://res.cloudinary.com/dpol0pyoo/image/upload/v1787991171/idf_memorials/pid_2117.webp
https://res.cloudinary.com/dpol0pyoo/image/fetch/c_crop,g_face/w_150,h_195,g_north/https://res.cloudinary.com/dpol0pyoo/image/upload/v1787991173/idf_memorials/pid_2118.webp
https://res.cloudinary.com/dpol0pyoo/image/fetch/c_crop,g_face/w_150,h_195,g_north/https://res.cloudinary.com/dpol0pyoo/image/upload/v1787991175/idf_memorials/pid_2120.webp
https://res.cloudinary.com/dpol0pyoo/image/fetch/c_crop,g_face/w_150,h_195,g_north/https://res.cloudinary.com/dpol0pyoo/image/upload/v1787991177/idf_memorials/pid_2121.webp
https://res.cloudinary.com/dpol0pyoo/image/fetch/c_crop,g_face/w_150,h_195,g_north/https://res.cloudinary.com/dpol0pyoo/image/upload/v1787991179/idf_memorials/pid_2122.webp
https://res.cloudinary.com/dpol0pyoo/image/fetch/c_crop,g_face/w_150,h_195,g_north/https://res.cloudinary.com/dpol0pyoo/image/upload/v1787991182/idf_memorials/pid_2123.webp
https://res.cloudinary.com/dpol0pyoo/image/fetch/c_crop,g_face/w_150,h_195,g_north/https://res.cloudinary.com/dpol0pyoo/image/upload/v1787991183/idf_memorials/pid_2124.webp
https://res.cloudinary.com/dpol0pyoo/image/fetch/c_crop,g_face/w_150,h_195,g_north/https://res.cloudinary.com/dpol0pyoo/image/upload/v1787991185/idf_memorials/pid_2125.webp
https://res.cloudinary.com/dpol0pyoo/image/fetch/c_crop,g_face/w_150,h_195,g_north/https://laad.btl.gov.il/view_files/Nofel_Pic/044197/NP_044197_10.jpg
https://res.cloudinary.com/dpol0pyoo/image/fetch/c_crop,g_face/w_150,h_195,g_north/https://laad.btl.gov.il/view_files/Nofel_Pic/044097/NP_044097_10.jpg
https://res.cloudinary.com/dpol0pyoo/image/fetch/c_crop,g_face/w_150,h_195,g_north/https://laad.btl.gov.il/Rsrc/Images/nopicTerror.jpg
https://res.cloudinary.com/dpol0pyoo/image/fetch/c_crop,g_face/w_150,h_195,g_north/https://laad.btl.gov.il/view_files/Nofel_Pic/044096/NP_044096_10.jpg
https://res.cloudinary.com/dpol0pyoo/image/fetch/c_crop,g_face/w_150,h_195,g_north/https://laad.btl.gov.il/view_files/Nofel_Pic/044098/NP_044098_10.jpg
https://res.cloudinary.com/dpol0pyoo/image/fetch/c_crop,g_face/w_150,h_195,g_north/https://res.cloudinary.com/dpol0pyoo/image/upload/v1787991186/idf_memorials/pid_2133.webp
https://res.cloudinary.com/dpol0pyoo/image/fetch/c_crop,g_face/w_150,h_195,g_north/https://res.cloudinary.com/dpol0pyoo/image/upload/v1787991188/idf_memorials/pid_2134.webp
https://res.cloudinary.com/dpol0pyoo/image/fetch/c_crop,g_face/w_150,h_195,g_north/https://res.cloudinary.com/dpol0pyoo/image/upload/v1787991189/idf_memorials/pid_2135.webp
https://res.cloudinary.com/dpol0pyoo/image/fetch/c_crop,g_face/w_150,h_195,g_north/https://res.cloudinary.com/dpol0pyoo/image/upload/v1787991191/idf_memorials/pid_2136.webp
https://res.cloudinary.com/dpol0pyoo/image/fetch/c_crop,g_face/w_150,h_195,g_north/https://res.cloudinary.com/dpol0pyoo/image/upload/v1787991192/idf_memorials/pid_2137.webp
https://res.cloudinary.com/dpol0pyoo/image/fetch/c_crop,g_face/w_150,h_195,g_north/https://res.cloudinary.com/dpol0pyoo/image/upload/v1787991194/idf_memorials/pid_2138.webp
https://res.cloudinary.com/dpol0pyoo/image/fetch/c_crop,g_face/w_150,h_195,g_north/https://res.cloudinary.com/dpol0pyoo/image/upload/v1787991197/idf_memorials/pid_2139.webp
https://res.cloudinary.com/dpol0pyoo/image/fetch/c_crop,g_face/w_150,h_195,g_north/https://res.cloudinary.com/dpol0pyoo/image/upload/v1787991199/idf_memorials/pid_2140.webp
https://res.cloudinary.com/dpol0pyoo/image/fetch/c_crop,g_face/w_150,h_195,g_north/https://res.cloudinary.com/dpol0pyoo/image/upload/v1787991201/idf_memorials/pid_2141.webp
https://res.cloudinary.com/dpol0pyoo/image/fetch/c_crop,g_face/w_150,h_195,g_north/https://res.cloudinary.com/dpol0pyoo/image/upload/v1787991202/idf_memorials/pid_2142.webp
https://res.cloudinary.com/dpol0pyoo/image/fetch/c_crop,g_face/w_150,h_195,g_north/https://res.cloudinary.com/dpol0pyoo/image/upload/v1787991203/idf_memorials/pid_2143.webp
https://res.cloudinary.com/dpol0pyoo/image/fetch/c_crop,g_face/w_150,h_195,g_north/https://res.cloudinary.com/dpol0pyoo/image/upload/v1787991205/idf_memorials/pid_2144.webp
https://res.cloudinary.com/dpol0pyoo/image/fetch/c_crop,g_face/w_150,h_195,g_north/https://res.cloudinary.com/dpol0pyoo/image/upload/v1787991207/idf_memorials/pid_2145.webp
https://res.cloudinary.com/dpol0pyoo/image/fetch/c_crop,g_face/w_150,h_195,g_north/https://res.cloudinary.com/dpol0pyoo/image/upload/v1787991208/idf_memorials/pid_2146.webp
https://res.cloudinary.com/dpol0pyoo/image/fetch/c_crop,g_face/w_150,h_195,g_north/https://res.cloudinary.com/dpol0pyoo/image/upload/v1787991209/idf_memorials/pid_2147.webp
https://res.cloudinary.com/dpol0pyoo/image/fetch/c_crop,g_face/w_150,h_195,g_north/https://res.cloudinary.com/dpol0pyoo/image/upload/v1787991211/idf_memorials/pid_2149.webp
https://res.cloudinary.com/dpol0pyoo/image/fetch/c_crop,g_face/w_150,h_195,g_north/https://laad.btl.gov.il/view_files/Nofel_Pic/044112/NP_044112_10.jpg
https://res.cloudinary.com/dpol0pyoo/image/fetch/c_crop,g_face/w_150,h_195,g_north/https://res.cloudinary.com/dpol0pyoo/image/upload/v1787991213/idf_memorials/pid_2151.webp
https://res.cloudinary.com/dpol0pyoo/image/fetch/c_crop,g_face/w_150,h_195,g_north/https://res.cloudinary.com/dpol0pyoo/image/upload/v1787991214/idf_memorials/pid_2152.webp
https://res.cloudinary.com/dpol0pyoo/image/fetch/c_crop,g_face/w_150,h_195,g_north/https://res.cloudinary.com/dpol0pyoo/image/upload/v1787991215/idf_memorials/pid_2153.webp
https://res.cloudinary.com/dpol0pyoo/image/fetch/c_crop,g_face/w_150,h_195,g_north/https://res.cloudinary.com/dpol0pyoo/image/upload/v1787991217/idf_memorials/pid_2154.webp
https://res.cloudinary.com/dpol0pyoo/image/fetch/c_crop,g_face/w_150,h_195,g_north/https://res.cloudinary.com/dpol0pyoo/image/upload/v1787991219/idf_memorials/pid_2155.webp
https://res.cloudinary.com/dpol0pyoo/image/fetch/c_crop,g_face/w_150,h_195,g_north/https://res.cloudinary.com/dpol0pyoo/image/upload/v1787991220/idf_memorials/pid_2156.webp
https://res.cloudinary.com/dpol0pyoo/image/fetch/c_crop,g_face/w_150,h_195,g_north/https://res.cloudinary.com/dpol0pyoo/image/upload/v1787991223/idf_memorials/pid_2157.webp
https://res.cloudinary.com/dpol0pyoo/image/fetch/c_crop,g_face/w_150,h_195,g_north/https://res.cloudinary.com/dpol0pyoo/image/upload/v1787991225/idf_memorials/pid_2158.webp
https://res.cloudinary.com/dpol0pyoo/image/fetch/c_crop,g_face/w_150,h_195,g_north/https://res.cloudinary.com/dpol0pyoo/image/upload/v1787991227/idf_memorials/pid_2159.webp
https://res.cloudinary.com/dpol0pyoo/image/fetch/c_crop,g_face/w_150,h_195,g_north/https://res.cloudinary.com/dpol0pyoo/image/upload/v1787991228/idf_memorials/pid_2160.webp
https://res.cloudinary.com/dpol0pyoo/image/fetch/c_crop,g_face/w_150,h_195,g_north/https://res.cloudinary.com/dpol0pyoo/image/upload/v1787991230/idf_memorials/pid_2161.webp
https://res.cloudinary.com/dpol0pyoo/image/fetch/c_crop,g_face/w_150,h_195,g_north/https://res.cloudinary.com/dpol0pyoo/image/upload/v1787991232/idf_memorials/pid_2162.webp
https://res.cloudinary.com/dpol0pyoo/image/fetch/c_crop,g_face/w_150,h_195,g_north/https://res.cloudinary.com/dpol0pyoo/image/upload/v1787991234/idf_memorials/pid_2163.webp
https://res.cloudinary.com/dpol0pyoo/image/fetch/c_crop,g_face/w_150,h_195,g_north/https://res.cloudinary.com/dpol0pyoo/image/upload/v1787991236/idf_memorials/pid_2164.webp
https://res.cloudinary.com/dpol0pyoo/image/fetch/c_crop,g_face/w_150,h_195,g_north/https://res.cloudinary.com/dpol0pyoo/image/upload/v1787991237/idf_memorials/pid_2165.webp
https://res.cloudinary.com/dpol0pyoo/image/fetch/c_crop,g_face/w_150,h_195,g_north/https://res.cloudinary.com/dpol0pyoo/image/upload/v1787991238/idf_memorials/pid_2166.webp
https://res.cloudinary.com/dpol0pyoo/image/fetch/c_crop,g_face/w_150,h_195,g_north/https://res.cloudinary.com/dpol0pyoo/image/upload/v1787991241/idf_memorials/pid_2167.webp
https://res.cloudinary.com/dpol0pyoo/image/fetch/c_crop,g_face/w_150,h_195,g_north/https://res.cloudinary.com/dpol0pyoo/image/upload/v1787991243/idf_memorials/pid_2169.webp
https://res.cloudinary.com/dpol0pyoo/image/fetch/c_crop,g_face/w_150,h_195,g_north/https://res.cloudinary.com/dpol0pyoo/image/upload/v1787991245/idf_memorials/pid_2170.webp
https://res.cloudinary.com/dpol0pyoo/image/fetch/c_crop,g_face/w_150,h_195,g_north/https://res.cloudinary.com/dpol0pyoo/image/upload/v1787991246/idf_memorials/pid_2171.webp
https://res.cloudinary.com/dpol0pyoo/image/fetch/c_crop,g_face/w_150,h_195,g_north/https://res.cloudinary.com/dpol0pyoo/image/upload/v1787991247/idf_memorials/pid_2172.webp
https://res.cloudinary.com/dpol0pyoo/image/fetch/c_crop,g_face/w_150,h_195,g_north/https://res.cloudinary.com/dpol0pyoo/image/upload/v1787991249/idf_memorials/pid_2173.webp
https://res.cloudinary.com/dpol0pyoo/image/fetch/c_crop,g_face/w_150,h_195,g_north/https://res.cloudinary.com/dpol0pyoo/image/upload/v1787991250/idf_memorials/pid_2175.webp
https://res.cloudinary.com/dpol0pyoo/image/fetch/c_crop,g_face/w_150,h_195,g_north/https://res.cloudinary.com/dpol0pyoo/image/upload/v1787991252/idf_memorials/pid_2176.webp
https://res.cloudinary.com/dpol0pyoo/image/fetch/c_crop,g_face/w_150,h_195,g_north/https://res.cloudinary.com/dpol0pyoo/image/upload/v1787991253/idf_memorials/pid_2177.webp
https://res.cloudinary.com/dpol0pyoo/image/fetch/c_crop,g_face/w_150,h_195,g_north/https://res.cloudinary.com/dpol0pyoo/image/upload/v1787991254/idf_memorials/pid_2178.webp
https://res.cloudinary.com/dpol0pyoo/image/fetch/c_crop,g_face/w_150,h_195,g_north/https://res.cloudinary.com/dpol0pyoo/image/upload/v1787991256/idf_memorials/pid_2180.webp
https://res.cloudinary.com/dpol0pyoo/image/fetch/c_crop,g_face/w_150,h_195,g_north/https://res.cloudinary.com/dpol0pyoo/image/upload/v1787991257/idf_memorials/pid_2181.webp
https://res.cloudinary.com/dpol0pyoo/image/fetch/c_crop,g_face/w_150,h_195,g_north/https://res.cloudinary.com/dpol0pyoo/image/upload/v1787991259/idf_memorials/pid_2182.webp
https://res.cloudinary.com/dpol0pyoo/image/fetch/c_crop,g_face/w_150,h_195,g_north/https://res.cloudinary.com/dpol0pyoo/image/upload/v1787991260/idf_memorials/pid_2183.webp
https://res.cloudinary.com/dpol0pyoo/image/fetch/c_crop,g_face/w_150,h_195,g_north/https://res.cloudinary.com/dpol0pyoo/image/upload/v1787991262/idf_memorials/pid_2185.webp
https://res.cloudinary.com/dpol0pyoo/image/fetch/c_crop,g_face/w_150,h_195,g_north/https://res.cloudinary.com/dpol0pyoo/image/upload/v1787991263/idf_memorials/pid_2186.webp
https://res.cloudinary.com/dpol0pyoo/image/fetch/c_crop,g_face/w_150,h_195,g_north/https://res.cloudinary.com/dpol0pyoo/image/upload/v1787991264/idf_memorials/pid_2187.webp
https://res.cloudinary.com/dpol0pyoo/image/fetch/c_crop,g_face/w_150,h_195,g_north/https://res.cloudinary.com/dpol0pyoo/image/upload/v1787991266/idf_memorials/pid_2188.webp
https://res.cloudinary.com/dpol0pyoo/image/fetch/c_crop,g_face/w_150,h_195,g_north/https://res.cloudinary.com/dpol0pyoo/image/upload/v1787991268/idf_memorials/pid_2189.webp
https://res.cloudinary.com/dpol0pyoo/image/fetch/c_crop,g_face/w_150,h_195,g_north/https://res.cloudinary.com/dpol0pyoo/image/upload/v1787991269/idf_memorials/pid_2190.webp
https://res.cloudinary.com/dpol0pyoo/image/fetch/c_crop,g_face/w_150,h_195,g_north/https://res.cloudinary.com/dpol0pyoo/image/upload/v1787991271/idf_memorials/pid_2191.webp
https://res.cloudinary.com/dpol0pyoo/image/fetch/c_crop,g_face/w_150,h_195,g_north/https://res.cloudinary.com/dpol0pyoo/image/upload/v1787991272/idf_memorials/pid_2192.webp
https://res.cloudinary.com/dpol0pyoo/image/fetch/c_crop,g_face/w_150,h_195,g_north/https://res.cloudinary.com/dpol0pyoo/image/upload/v1787991273/idf_memorials/pid_2193.webp
https://res.cloudinary.com/dpol0pyoo/image/fetch/c_crop,g_face/w_150,h_195,g_north/https://res.cloudinary.com/dpol0pyoo/image/upload/v1787991275/idf_memorials/pid_2194.webp
https://res.cloudinary.com/dpol0pyoo/image/fetch/c_crop,g_face/w_150,h_195,g_north/https://res.cloudinary.com/dpol0pyoo/image/upload/v1787991276/idf_memorials/pid_2195.webp
https://res.cloudinary.com/dpol0pyoo/image/fetch/c_crop,g_face/w_150,h_195,g_north/https://res.cloudinary.com/dpol0pyoo/image/upload/v1787991279/idf_memorials/pid_2196.webp
https://res.cloudinary.com/dpol0pyoo/image/fetch/c_crop,g_face/w_150,h_195,g_north/https://res.cloudinary.com/dpol0pyoo/image/upload/v1787991280/idf_memorials/pid_2197.webp
https://res.cloudinary.com/dpol0pyoo/image/fetch/c_crop,g_face/w_150,h_195,g_north/https://res.cloudinary.com/dpol0pyoo/image/upload/v1787991282/idf_memorials/pid_2198.webp
https://res.cloudinary.com/dpol0pyoo/image/fetch/c_crop,g_face/w_150,h_195,g_north/https://res.cloudinary.com/dpol0pyoo/image/upload/v1787991283/idf_memorials/pid_2199.webp
https://res.cloudinary.com/dpol0pyoo/image/fetch/c_crop,g_face/w_150,h_195,g_north/https://res.cloudinary.com/dpol0pyoo/image/upload/v1787991285/idf_memorials/pid_2200.webp
https://res.cloudinary.com/dpol0pyoo/image/fetch/c_crop,g_face/w_150,h_195,g_north/https://res.cloudinary.com/dpol0pyoo/image/upload/v1787991287/idf_memorials/pid_2203.webp
https://res.cloudinary.com/dpol0pyoo/image/fetch/c_crop,g_face/w_150,h_195,g_north/https://res.cloudinary.com/dpol0pyoo/image/upload/v1787991288/idf_memorials/pid_2204.webp
https://res.cloudinary.com/dpol0pyoo/image/fetch/c_crop,g_face/w_150,h_195,g_north/https://res.cloudinary.com/dpol0pyoo/image/upload/v1787991290/idf_memorials/pid_2205.webp
https://res.cloudinary.com/dpol0pyoo/image/fetch/c_crop,g_face/w_150,h_195,g_north/https://res.cloudinary.com/dpol0pyoo/image/upload/v1787991292/idf_memorials/pid_2206.webp
https://res.cloudinary.com/dpol0pyoo/image/fetch/c_crop,g_face/w_150,h_195,g_north/https://res.cloudinary.com/dpol0pyoo/image/upload/v1787991293/idf_memorials/pid_2207.webp
https://res.cloudinary.com/dpol0pyoo/image/fetch/c_crop,g_face/w_150,h_195,g_north/https://res.cloudinary.com/dpol0pyoo/image/upload/v1787991295/idf_memorials/pid_2208.webp
https://res.cloudinary.com/dpol0pyoo/image/fetch/c_crop,g_face/w_150,h_195,g_north/https://res.cloudinary.com/dpol0pyoo/image/upload/v1787991296/idf_memorials/pid_2209.webp
https://res.cloudinary.com/dpol0pyoo/image/fetch/c_crop,g_face/w_150,h_195,g_north/https://res.cloudinary.com/dpol0pyoo/image/upload/v1787991297/idf_memorials/pid_2210.webp
https://res.cloudinary.com/dpol0pyoo/image/fetch/c_crop,g_face/w_150,h_195,g_north/https://res.cloudinary.com/dpol0pyoo/image/upload/v1787991299/idf_memorials/pid_2211.webp
https://res.cloudinary.com/dpol0pyoo/image/fetch/c_crop,g_face/w_150,h_195,g_north/https://res.cloudinary.com/dpol0pyoo/image/upload/v1787991301/idf_memorials/pid_2212.webp
https://res.cloudinary.com/dpol0pyoo/image/fetch/c_crop,g_face/w_150,h_195,g_north/https://res.cloudinary.com/dpol0pyoo/image/upload/v1787991302/idf_memorials/pid_2213.webp
https://res.cloudinary.com/dpol0pyoo/image/fetch/c_crop,g_face/w_150,h_195,g_north/https://res.cloudinary.com/dpol0pyoo/image/upload/v1787991304/idf_memorials/pid_2214.webp
https://res.cloudinary.com/dpol0pyoo/image/fetch/c_crop,g_face/w_150,h_195,g_north/https://res.cloudinary.com/dpol0pyoo/image/upload/v1787991306/idf_memorials/pid_2215.webp
https://res.cloudinary.com/dpol0pyoo/image/fetch/c_crop,g_face/w_150,h_195,g_north/https://res.cloudinary.com/dpol0pyoo/image/upload/v1787991307/idf_memorials/pid_2216.webp
https://res.cloudinary.com/dpol0pyoo/image/fetch/c_crop,g_face/w_150,h_195,g_north/https://res.cloudinary.com/dpol0pyoo/image/upload/v1787991309/idf_memorials/pid_2217.webp
https://res.cloudinary.com/dpol0pyoo/image/fetch/c_crop,g_face/w_150,h_195,g_north/https://res.cloudinary.com/dpol0pyoo/image/upload/v1787991311/idf_memorials/pid_2218.webp
https://res.cloudinary.com/dpol0pyoo/image/fetch/c_crop,g_face/w_150,h_195,g_north/https://res.cloudinary.com/dpol0pyoo/image/upload/v1787991312/idf_memorials/pid_2219.webp
https://res.cloudinary.com/dpol0pyoo/image/fetch/c_crop,g_face/w_150,h_195,g_north/https://res.cloudinary.com/dpol0pyoo/image/upload/v1787991314/idf_memorials/pid_2220.webp
https://res.cloudinary.com/dpol0pyoo/image/fetch/c_crop,g_face/w_150,h_195,g_north/https://res.cloudinary.com/dpol0pyoo/image/upload/v1787991315/idf_memorials/pid_2221.webp
https://res.cloudinary.com/dpol0pyoo/image/fetch/c_crop,g_face/w_150,h_195,g_north/https://res.cloudinary.com/dpol0pyoo/image/upload/v1787991316/idf_memorials/pid_2222.webp
https://res.cloudinary.com/dpol0pyoo/image/fetch/c_crop,g_face/w_150,h_195,g_north/https://res.cloudinary.com/dpol0pyoo/image/upload/v1787991318/idf_memorials/pid_2223.webp
https://res.cloudinary.com/dpol0pyoo/image/fetch/c_crop,g_face/w_150,h_195,g_north/https://res.cloudinary.com/dpol0pyoo/image/upload/v1787991319/idf_memorials/pid_2224.webp
https://res.cloudinary.com/dpol0pyoo/image/fetch/c_crop,g_face/w_150,h_195,g_north/https://res.cloudinary.com/dpol0pyoo/image/upload/v1787991320/idf_memorials/pid_2225.webp
https://res.cloudinary.com/dpol0pyoo/image/fetch/c_crop,g_face/w_150,h_195,g_north/https://res.cloudinary.com/dpol0pyoo/image/upload/v1787991322/idf_memorials/pid_2226.webp
https://res.cloudinary.com/dpol0pyoo/image/fetch/c_crop,g_face/w_150,h_195,g_north/https://res.cloudinary.com/dpol0pyoo/image/upload/v1787991324/idf_memorials/pid_2227.webp
https://res.cloudinary.com/dpol0pyoo/image/fetch/c_crop,g_face/w_150,h_195,g_north/https://res.cloudinary.com/dpol0pyoo/image/upload/v1787991326/idf_memorials/pid_2228.webp
https://res.cloudinary.com/dpol0pyoo/image/fetch/c_crop,g_face/w_150,h_195,g_north/https://res.cloudinary.com/dpol0pyoo/image/upload/v1787991327/idf_memorials/pid_2229.webp
https://res.cloudinary.com/dpol0pyoo/image/fetch/c_crop,g_face/w_150,h_195,g_north/https://res.cloudinary.com/dpol0pyoo/image/upload/v1787991328/idf_memorials/pid_2230.webp
https://res.cloudinary.com/dpol0pyoo/image/fetch/c_crop,g_face/w_150,h_195,g_north/https://res.cloudinary.com/dpol0pyoo/image/upload/v1787991330/idf_memorials/pid_2231.webp
https://res.cloudinary.com/dpol0pyoo/image/fetch/c_crop,g_face/w_150,h_195,g_north/https://res.cloudinary.com/dpol0pyoo/image/upload/v1787991331/idf_memorials/pid_2232.webp
https://res.cloudinary.com/dpol0pyoo/image/fetch/c_crop,g_face/w_150,h_195,g_north/https://res.cloudinary.com/dpol0pyoo/image/upload/v1787991333/idf_memorials/pid_2234.webp
https://res.cloudinary.com/dpol0pyoo/image/fetch/c_crop,g_face/w_150,h_195,g_north/https://res.cloudinary.com/dpol0pyoo/image/upload/v1787991334/idf_memorials/pid_2236.webp
https://res.cloudinary.com/dpol0pyoo/image/fetch/c_crop,g_face/w_150,h_195,g_north/https://res.cloudinary.com/dpol0pyoo/image/upload/v1787991336/idf_memorials/pid_2237.webp
https://res.cloudinary.com/dpol0pyoo/image/fetch/c_crop,g_face/w_150,h_195,g_north/https://res.cloudinary.com/dpol0pyoo/image/upload/v1787991337/idf_memorials/pid_2238.webp
https://res.cloudinary.com/dpol0pyoo/image/fetch/c_crop,g_face/w_150,h_195,g_north/https://res.cloudinary.com/dpol0pyoo/image/upload/v1787991338/idf_memorials/pid_2239.webp
https://res.cloudinary.com/dpol0pyoo/image/fetch/c_crop,g_face/w_150,h_195,g_north/https://res.cloudinary.com/dpol0pyoo/image/upload/v1787991340/idf_memorials/pid_2240.webp
https://res.cloudinary.com/dpol0pyoo/image/fetch/c_crop,g_face/w_150,h_195,g_north/https://res.cloudinary.com/dpol0pyoo/image/upload/v1787991341/idf_memorials/pid_2241.webp
https://res.cloudinary.com/dpol0pyoo/image/fetch/c_crop,g_face/w_150,h_195,g_north/https://res.cloudinary.com/dpol0pyoo/image/upload/v1787991343/idf_memorials/pid_2243.webp
https://res.cloudinary.com/dpol0pyoo/image/fetch/c_crop,g_face/w_150,h_195,g_north/https://res.cloudinary.com/dpol0pyoo/image/upload/v1787991345/idf_memorials/pid_2244.webp
https://res.cloudinary.com/dpol0pyoo/image/fetch/c_crop,g_face/w_150,h_195,g_north/https://res.cloudinary.com/dpol0pyoo/image/upload/v1787991347/idf_memorials/pid_2245.webp
https://res.cloudinary.com/dpol0pyoo/image/fetch/c_crop,g_face/w_150,h_195,g_north/https://res.cloudinary.com/dpol0pyoo/image/upload/v1787991348/idf_memorials/pid_2246.webp
https://res.cloudinary.com/dpol0pyoo/image/fetch/c_crop,g_face/w_150,h_195,g_north/https://res.cloudinary.com/dpol0pyoo/image/upload/v1787991350/idf_memorials/pid_2247.webp
https://res.cloudinary.com/dpol0pyoo/image/fetch/c_crop,g_face/w_150,h_195,g_north/https://res.cloudinary.com/dpol0pyoo/image/upload/v1787991351/idf_memorials/pid_2248.webp
https://res.cloudinary.com/dpol0pyoo/image/fetch/c_crop,g_face/w_150,h_195,g_north/https://res.cloudinary.com/dpol0pyoo/image/upload/v1787991353/idf_memorials/pid_2249.webp
https://res.cloudinary.com/dpol0pyoo/image/fetch/c_crop,g_face/w_150,h_195,g_north/https://res.cloudinary.com/dpol0pyoo/image/upload/v1787991354/idf_memorials/pid_2250.webp
https://res.cloudinary.com/dpol0pyoo/image/fetch/c_crop,g_face/w_150,h_195,g_north/https://res.cloudinary.com/dpol0pyoo/image/upload/v1787991356/idf_memorials/pid_2251.webp
https://res.cloudinary.com/dpol0pyoo/image/fetch/c_crop,g_face/w_150,h_195,g_north/https://res.cloudinary.com/dpol0pyoo/image/upload/v1787991357/idf_memorials/pid_2252.webp
https://res.cloudinary.com/dpol0pyoo/image/fetch/c_crop,g_face/w_150,h_195,g_north/https://res.cloudinary.com/dpol0pyoo/image/upload/v1787991359/idf_memorials/pid_2253.webp
https://res.cloudinary.com/dpol0pyoo/image/fetch/c_crop,g_face/w_150,h_195,g_north/https://res.cloudinary.com/dpol0pyoo/image/upload/v1787991360/idf_memorials/pid_2254.webp
https://res.cloudinary.com/dpol0pyoo/image/fetch/c_crop,g_face/w_150,h_195,g_north/https://res.cloudinary.com/dpol0pyoo/image/upload/v1787991362/idf_memorials/pid_2255.webp
https://res.cloudinary.com/dpol0pyoo/image/fetch/c_crop,g_face/w_150,h_195,g_north/https://laad.btl.gov.il/view_files/Nofel_Pic/044128/NP_044128_10.jpg
https://res.cloudinary.com/dpol0pyoo/image/fetch/c_crop,g_face/w_150,h_195,g_north/https://laad.btl.gov.il/view_files/Nofel_Pic/044130/NP_044130_10.jpg
https://res.cloudinary.com/dpol0pyoo/image/fetch/c_crop,g_face/w_150,h_195,g_north/https://res.cloudinary.com/dpol0pyoo/image/upload/v1787991364/idf_memorials/pid_2258.webp
https://res.cloudinary.com/dpol0pyoo/image/fetch/c_crop,g_face/w_150,h_195,g_north/https://res.cloudinary.com/dpol0pyoo/image/upload/v1787991366/idf_memorials/pid_2259.webp
https://res.cloudinary.com/dpol0pyoo/image/fetch/c_crop,g_face/w_150,h_195,g_north/https://res.cloudinary.com/dpol0pyoo/image/upload/v1787991367/idf_memorials/pid_2260.webp
https://res.cloudinary.com/dpol0pyoo/image/fetch/c_crop,g_face/w_150,h_195,g_north/https://res.cloudinary.com/dpol0pyoo/image/upload/v1787991368/idf_memorials/pid_2261.webp
https://res.cloudinary.com/dpol0pyoo/image/fetch/c_crop,g_face/w_150,h_195,g_north/https://res.cloudinary.com/dpol0pyoo/image/upload/v1787991370/idf_memorials/pid_2262.webp
https://res.cloudinary.com/dpol0pyoo/image/fetch/c_crop,g_face/w_150,h_195,g_north/https://res.cloudinary.com/dpol0pyoo/image/upload/v1787991371/idf_memorials/pid_2263.webp
https://res.cloudinary.com/dpol0pyoo/image/fetch/c_crop,g_face/w_150,h_195,g_north/https://res.cloudinary.com/dpol0pyoo/image/upload/v1787991374/idf_memorials/pid_2265.webp
https://res.cloudinary.com/dpol0pyoo/image/fetch/c_crop,g_face/w_150,h_195,g_north/https://res.cloudinary.com/dpol0pyoo/image/upload/v1787991376/idf_memorials/pid_2266.webp
https://res.cloudinary.com/dpol0pyoo/image/fetch/c_crop,g_face/w_150,h_195,g_north/https://res.cloudinary.com/dpol0pyoo/image/upload/v1787991378/idf_memorials/pid_2267.webp
https://res.cloudinary.com/dpol0pyoo/image/fetch/c_crop,g_face/w_150,h_195,g_north/https://res.cloudinary.com/dpol0pyoo/image/upload/v1787991379/idf_memorials/pid_2268.webp
https://res.cloudinary.com/dpol0pyoo/image/fetch/c_crop,g_face/w_150,h_195,g_north/https://res.cloudinary.com/dpol0pyoo/image/upload/v1787991381/idf_memorials/pid_2269.webp
https://res.cloudinary.com/dpol0pyoo/image/fetch/c_crop,g_face/w_150,h_195,g_north/https://res.cloudinary.com/dpol0pyoo/image/upload/v1787991382/idf_memorials/pid_2270.webp
https://res.cloudinary.com/dpol0pyoo/image/fetch/c_crop,g_face/w_150,h_195,g_north/https://res.cloudinary.com/dpol0pyoo/image/upload/v1787991383/idf_memorials/pid_2271.webp
https://res.cloudinary.com/dpol0pyoo/image/fetch/c_crop,g_face/w_150,h_195,g_north/https://res.cloudinary.com/dpol0pyoo/image/upload/v1787991385/idf_memorials/pid_2272.webp
https://res.cloudinary.com/dpol0pyoo/image/fetch/c_crop,g_face/w_150,h_195,g_north/https://res.cloudinary.com/dpol0pyoo/image/upload/v1787991387/idf_memorials/pid_2273.webp
https://res.cloudinary.com/dpol0pyoo/image/fetch/c_crop,g_face/w_150,h_195,g_north/https://res.cloudinary.com/dpol0pyoo/image/upload/v1787991389/idf_memorials/pid_2274.webp
https://res.cloudinary.com/dpol0pyoo/image/fetch/c_crop,g_face/w_150,h_195,g_north/https://res.cloudinary.com/dpol0pyoo/image/upload/v1787991390/idf_memorials/pid_2275.webp
https://res.cloudinary.com/dpol0pyoo/image/fetch/c_crop,g_face/w_150,h_195,g_north/https://res.cloudinary.com/dpol0pyoo/image/upload/v1787991391/idf_memorials/pid_2276.webp
https://res.cloudinary.com/dpol0pyoo/image/fetch/c_crop,g_face/w_150,h_195,g_north/https://res.cloudinary.com/dpol0pyoo/image/upload/v1787991393/idf_memorials/pid_2277.webp
https://res.cloudinary.com/dpol0pyoo/image/fetch/c_crop,g_face/w_150,h_195,g_north/https://res.cloudinary.com/dpol0pyoo/image/upload/v1787991396/idf_memorials/pid_2278.webp
https://res.cloudinary.com/dpol0pyoo/image/fetch/c_crop,g_face/w_150,h_195,g_north/https://res.cloudinary.com/dpol0pyoo/image/upload/v1787991398/idf_memorials/pid_2279.webp
https://res.cloudinary.com/dpol0pyoo/image/fetch/c_crop,g_face/w_150,h_195,g_north/https://res.cloudinary.com/dpol0pyoo/image/upload/v1787991399/idf_memorials/pid_2280.webp
https://res.cloudinary.com/dpol0pyoo/image/fetch/c_crop,g_face/w_150,h_195,g_north/https://res.cloudinary.com/dpol0pyoo/image/upload/v1787991401/idf_memorials/pid_2281.webp
https://res.cloudinary.com/dpol0pyoo/image/fetch/c_crop,g_face/w_150,h_195,g_north/https://res.cloudinary.com/dpol0pyoo/image/upload/v1787991402/idf_memorials/pid_2282.webp
https://res.cloudinary.com/dpol0pyoo/image/fetch/c_crop,g_face/w_150,h_195,g_north/https://res.cloudinary.com/dpol0pyoo/image/upload/v1787991403/idf_memorials/pid_2286.webp
https://res.cloudinary.com/dpol0pyoo/image/fetch/c_crop,g_face/w_150,h_195,g_north/https://res.cloudinary.com/dpol0pyoo/image/upload/v1787991405/idf_memorials/pid_2287.webp
https://res.cloudinary.com/dpol0pyoo/image/fetch/c_crop,g_face/w_150,h_195,g_north/https://res.cloudinary.com/dpol0pyoo/image/upload/v1787991407/idf_memorials/pid_2288.webp
https://res.cloudinary.com/dpol0pyoo/image/fetch/c_crop,g_face/w_150,h_195,g_north/https://res.cloudinary.com/dpol0pyoo/image/upload/v1787991408/idf_memorials/pid_2289.webp
https://res.cloudinary.com/dpol0pyoo/image/fetch/c_crop,g_face/w_150,h_195,g_north/https://res.cloudinary.com/dpol0pyoo/image/upload/v1787991410/idf_memorials/pid_2291.webp
https://res.cloudinary.com/dpol0pyoo/image/fetch/c_crop,g_face/w_150,h_195,g_north/https://res.cloudinary.com/dpol0pyoo/image/upload/v1787991411/idf_memorials/pid_2292.webp
https://res.cloudinary.com/dpol0pyoo/image/fetch/c_crop,g_face/w_150,h_195,g_north/https://res.cloudinary.com/dpol0pyoo/image/upload/v1787991413/idf_memorials/pid_2293.webp
https://res.cloudinary.com/dpol0pyoo/image/fetch/c_crop,g_face/w_150,h_195,g_north/https://res.cloudinary.com/dpol0pyoo/image/upload/v1787991414/idf_memorials/pid_2294.webp
https://res.cloudinary.com/dpol0pyoo/image/fetch/c_crop,g_face/w_150,h_195,g_north/https://res.cloudinary.com/dpol0pyoo/image/upload/v1787991415/idf_memorials/pid_2295.webp
https://res.cloudinary.com/dpol0pyoo/image/fetch/c_crop,g_face/w_150,h_195,g_north/https://res.cloudinary.com/dpol0pyoo/image/upload/v1787991417/idf_memorials/pid_2296.webp
https://res.cloudinary.com/dpol0pyoo/image/fetch/c_crop,g_face/w_150,h_195,g_north/https://res.cloudinary.com/dpol0pyoo/image/upload/v1787991418/idf_memorials/pid_2297.webp
https://res.cloudinary.com/dpol0pyoo/image/fetch/c_crop,g_face/w_150,h_195,g_north/https://res.cloudinary.com/dpol0pyoo/image/upload/v1787991420/idf_memorials/pid_2299.webp
https://res.cloudinary.com/dpol0pyoo/image/fetch/c_crop,g_face/w_150,h_195,g_north/https://res.cloudinary.com/dpol0pyoo/image/upload/v1787991422/idf_memorials/pid_2300.webp
https://res.cloudinary.com/dpol0pyoo/image/fetch/c_crop,g_face/w_150,h_195,g_north/https://res.cloudinary.com/dpol0pyoo/image/upload/v1787991424/idf_memorials/pid_2301.webp
https://res.cloudinary.com/dpol0pyoo/image/fetch/c_crop,g_face/w_150,h_195,g_north/https://res.cloudinary.com/dpol0pyoo/image/upload/v1787991425/idf_memorials/pid_2302.webp
https://res.cloudinary.com/dpol0pyoo/image/fetch/c_crop,g_face/w_150,h_195,g_north/https://res.cloudinary.com/dpol0pyoo/image/upload/v1787991427/idf_memorials/pid_2305.webp
https://res.cloudinary.com/dpol0pyoo/image/fetch/c_crop,g_face/w_150,h_195,g_north/https://laad.btl.gov.il/view_files/Nofel_Pic/044138/NP_044138_10.jpg
https://res.cloudinary.com/dpol0pyoo/image/fetch/c_crop,g_face/w_150,h_195,g_north/https://res.cloudinary.com/dpol0pyoo/image/upload/v1787991430/idf_memorials/pid_2307.webp
https://res.cloudinary.com/dpol0pyoo/image/fetch/c_crop,g_face/w_150,h_195,g_north/https://res.cloudinary.com/dpol0pyoo/image/upload/v1787991431/idf_memorials/pid_2308.webp
https://res.cloudinary.com/dpol0pyoo/image/fetch/c_crop,g_face/w_150,h_195,g_north/https://res.cloudinary.com/dpol0pyoo/image/upload/v1787991433/idf_memorials/pid_2309.webp
https://res.cloudinary.com/dpol0pyoo/image/fetch/c_crop,g_face/w_150,h_195,g_north/https://res.cloudinary.com/dpol0pyoo/image/upload/v1787991434/idf_memorials/pid_2310.webp
https://res.cloudinary.com/dpol0pyoo/image/fetch/c_crop,g_face/w_150,h_195,g_north/https://laad.btl.gov.il/view_files/Nofel_Pic/044139/NP_044139_10.jpg
https://res.cloudinary.com/dpol0pyoo/image/fetch/c_crop,g_face/w_150,h_195,g_north/https://res.cloudinary.com/dpol0pyoo/image/upload/v1787991436/idf_memorials/pid_2313.webp
https://res.cloudinary.com/dpol0pyoo/image/fetch/c_crop,g_face/w_150,h_195,g_north/https://res.cloudinary.com/dpol0pyoo/image/upload/v1787991437/idf_memorials/pid_2314.webp
https://res.cloudinary.com/dpol0pyoo/image/fetch/c_crop,g_face/w_150,h_195,g_north/https://res.cloudinary.com/dpol0pyoo/image/upload/v1787991439/idf_memorials/pid_2315.webp
https://res.cloudinary.com/dpol0pyoo/image/fetch/c_crop,g_face/w_150,h_195,g_north/https://res.cloudinary.com/dpol0pyoo/image/upload/v1787991440/idf_memorials/pid_2316.webp
https://res.cloudinary.com/dpol0pyoo/image/fetch/c_crop,g_face/w_150,h_195,g_north/https://laad.btl.gov.il/view_files/Nofel_Pic/044141/NP_044141_10.jpg
https://res.cloudinary.com/dpol0pyoo/image/fetch/c_crop,g_face/w_150,h_195,g_north/https://laad.btl.gov.il/view_files/Nofel_Pic/044140/NP_044140_11.jpg
https://res.cloudinary.com/dpol0pyoo/image/fetch/c_crop,g_face/w_150,h_195,g_north/https://res.cloudinary.com/dpol0pyoo/image/upload/v1787991441/idf_memorials/pid_2319.webp
https://res.cloudinary.com/dpol0pyoo/image/fetch/c_crop,g_face/w_150,h_195,g_north/https://res.cloudinary.com/dpol0pyoo/image/upload/v1787991443/idf_memorials/pid_2320.webp
https://res.cloudinary.com/dpol0pyoo/image/fetch/c_crop,g_face/w_150,h_195,g_north/https://res.cloudinary.com/dpol0pyoo/image/upload/v1787991445/idf_memorials/pid_2321.webp
https://res.cloudinary.com/dpol0pyoo/image/fetch/c_crop,g_face/w_150,h_195,g_north/https://res.cloudinary.com/dpol0pyoo/image/upload/v1787991446/idf_memorials/pid_2322.webp
https://res.cloudinary.com/dpol0pyoo/image/fetch/c_crop,g_face/w_150,h_195,g_north/https://laad.btl.gov.il/Rsrc/Images/nopicTerror.jpg
https://res.cloudinary.com/dpol0pyoo/image/fetch/c_crop,g_face/w_150,h_195,g_north/https://res.cloudinary.com/dpol0pyoo/image/upload/v1787991447/idf_memorials/pid_2324.webp
https://res.cloudinary.com/dpol0pyoo/image/fetch/c_crop,g_face/w_150,h_195,g_north/https://res.cloudinary.com/dpol0pyoo/image/upload/v1787991449/idf_memorials/pid_2325.webp
https://res.cloudinary.com/dpol0pyoo/image/fetch/c_crop,g_face/w_150,h_195,g_north/https://res.cloudinary.com/dpol0pyoo/image/upload/v1787991450/idf_memorials/pid_2326.webp
https://res.cloudinary.com/dpol0pyoo/image/fetch/c_crop,g_face/w_150,h_195,g_north/https://res.cloudinary.com/dpol0pyoo/image/upload/v1787991452/idf_memorials/pid_2327.webp
https://res.cloudinary.com/dpol0pyoo/image/fetch/c_crop,g_face/w_150,h_195,g_north/https://res.cloudinary.com/dpol0pyoo/image/upload/v1787991454/idf_memorials/pid_2328.webp
https://res.cloudinary.com/dpol0pyoo/image/fetch/c_crop,g_face/w_150,h_195,g_north/https://res.cloudinary.com/dpol0pyoo/image/upload/v1787991456/idf_memorials/pid_2329.webp
https://res.cloudinary.com/dpol0pyoo/image/fetch/c_crop,g_face/w_150,h_195,g_north/https://res.cloudinary.com/dpol0pyoo/image/upload/v1787991457/idf_memorials/pid_2330.webp
https://res.cloudinary.com/dpol0pyoo/image/fetch/c_crop,g_face/w_150,h_195,g_north/https://res.cloudinary.com/dpol0pyoo/image/upload/v1787991458/idf_memorials/pid_2331.webp
https://res.cloudinary.com/dpol0pyoo/image/fetch/c_crop,g_face/w_150,h_195,g_north/https://laad.btl.gov.il/view_files/Nofel_Pic/044146/NP_044146_10.jpg
https://res.cloudinary.com/dpol0pyoo/image/fetch/c_crop,g_face/w_150,h_195,g_north/https://res.cloudinary.com/dpol0pyoo/image/upload/v1787991460/idf_memorials/pid_2333.webp
https://res.cloudinary.com/dpol0pyoo/image/fetch/c_crop,g_face/w_150,h_195,g_north/https://res.cloudinary.com/dpol0pyoo/image/upload/v1787991462/idf_memorials/pid_2334.webp
https://res.cloudinary.com/dpol0pyoo/image/fetch/c_crop,g_face/w_150,h_195,g_north/https://res.cloudinary.com/dpol0pyoo/image/upload/v1787991464/idf_memorials/pid_2335.webp
https://res.cloudinary.com/dpol0pyoo/image/fetch/c_crop,g_face/w_150,h_195,g_north/https://res.cloudinary.com/dpol0pyoo/image/upload/v1787991466/idf_memorials/pid_2337.webp
https://res.cloudinary.com/dpol0pyoo/image/fetch/c_crop,g_face/w_150,h_195,g_north/https://res.cloudinary.com/dpol0pyoo/image/upload/v1787991468/idf_memorials/pid_2338.webp
https://res.cloudinary.com/dpol0pyoo/image/fetch/c_crop,g_face/w_150,h_195,g_north/https://res.cloudinary.com/dpol0pyoo/image/upload/v1787991470/idf_memorials/pid_2339.webp
https://res.cloudinary.com/dpol0pyoo/image/fetch/c_crop,g_face/w_150,h_195,g_north/https://res.cloudinary.com/dpol0pyoo/image/upload/v1787991472/idf_memorials/pid_2340.webp
https://res.cloudinary.com/dpol0pyoo/image/fetch/c_crop,g_face/w_150,h_195,g_north/https://laad.btl.gov.il/view_files/Nofel_Pic/044149/NP_044149_11.jpg
https://res.cloudinary.com/dpol0pyoo/image/fetch/c_crop,g_face/w_150,h_195,g_north/https://res.cloudinary.com/dpol0pyoo/image/upload/v1787991473/idf_memorials/pid_2343.webp
https://res.cloudinary.com/dpol0pyoo/image/fetch/c_crop,g_face/w_150,h_195,g_north/https://laad.btl.gov.il/view_files/Nofel_Pic/044150/NP_044150_10.jpg
https://res.cloudinary.com/dpol0pyoo/image/fetch/c_crop,g_face/w_150,h_195,g_north/https://res.cloudinary.com/dpol0pyoo/image/upload/v1787991475/idf_memorials/pid_2347.webp
https://res.cloudinary.com/dpol0pyoo/image/fetch/c_crop,g_face/w_150,h_195,g_north/https://res.cloudinary.com/dpol0pyoo/image/upload/v1787991477/idf_memorials/pid_2348.webp
https://res.cloudinary.com/dpol0pyoo/image/fetch/c_crop,g_face/w_150,h_195,g_north/https://res.cloudinary.com/dpol0pyoo/image/upload/v1787991478/idf_memorials/pid_2349.webp
https://res.cloudinary.com/dpol0pyoo/image/fetch/c_crop,g_face/w_150,h_195,g_north/https://res.cloudinary.com/dpol0pyoo/image/upload/v1787991480/idf_memorials/pid_2350.webp
https://res.cloudinary.com/dpol0pyoo/image/fetch/c_crop,g_face/w_150,h_195,g_north/https://res.cloudinary.com/dpol0pyoo/image/upload/v1787991482/idf_memorials/pid_2354.webp
https://res.cloudinary.com/dpol0pyoo/image/fetch/c_crop,g_face/w_150,h_195,g_north/https://res.cloudinary.com/dpol0pyoo/image/upload/v1787991484/idf_memorials/pid_2355.webp
https://res.cloudinary.com/dpol0pyoo/image/fetch/c_crop,g_face/w_150,h_195,g_north/https://res.cloudinary.com/dpol0pyoo/image/upload/v1787991486/idf_memorials/pid_2356.webp
https://res.cloudinary.com/dpol0pyoo/image/fetch/c_crop,g_face/w_150,h_195,g_north/https://res.cloudinary.com/dpol0pyoo/image/upload/v1787991488/idf_memorials/pid_2357.webp
https://res.cloudinary.com/dpol0pyoo/image/fetch/c_crop,g_face/w_150,h_195,g_north/https://res.cloudinary.com/dpol0pyoo/image/upload/v1787991489/idf_memorials/pid_2358.webp
https://res.cloudinary.com/dpol0pyoo/image/fetch/c_crop,g_face/w_150,h_195,g_north/https://res.cloudinary.com/dpol0pyoo/image/upload/v1787991491/idf_memorials/pid_2359.webp
https://res.cloudinary.com/dpol0pyoo/image/fetch/c_crop,g_face/w_150,h_195,g_north/https://laad.btl.gov.il/view_files/Nofel_Pic/044157/NP_044157_10.jpg
https://res.cloudinary.com/dpol0pyoo/image/fetch/c_crop,g_face/w_150,h_195,g_north/https://laad.btl.gov.il/view_files/Nofel_Pic/044171/NP_044171_10.jpg
https://res.cloudinary.com/dpol0pyoo/image/fetch/c_crop,g_face/w_150,h_195,g_north/https://res.cloudinary.com/dpol0pyoo/image/upload/v1787991492/idf_memorials/pid_2363.webp
https://res.cloudinary.com/dpol0pyoo/image/fetch/c_crop,g_face/w_150,h_195,g_north/https://res.cloudinary.com/dpol0pyoo/image/upload/v1787991494/idf_memorials/pid_2364.webp
https://res.cloudinary.com/dpol0pyoo/image/fetch/c_crop,g_face/w_150,h_195,g_north/https://res.cloudinary.com/dpol0pyoo/image/upload/v1787991495/idf_memorials/pid_2365.webp
https://res.cloudinary.com/dpol0pyoo/image/fetch/c_crop,g_face/w_150,h_195,g_north/https://res.cloudinary.com/dpol0pyoo/image/upload/v1787991497/idf_memorials/pid_2366.webp
https://res.cloudinary.com/dpol0pyoo/image/fetch/c_crop,g_face/w_150,h_195,g_north/https://res.cloudinary.com/dpol0pyoo/image/upload/v1787991499/idf_memorials/pid_2367.webp
https://res.cloudinary.com/dpol0pyoo/image/fetch/c_crop,g_face/w_150,h_195,g_north/https://res.cloudinary.com/dpol0pyoo/image/upload/v1787991501/idf_memorials/pid_2368.webp
https://res.cloudinary.com/dpol0pyoo/image/fetch/c_crop,g_face/w_150,h_195,g_north/https://res.cloudinary.com/dpol0pyoo/image/upload/v1787991502/idf_memorials/pid_2369.webp
https://res.cloudinary.com/dpol0pyoo/image/fetch/c_crop,g_face/w_150,h_195,g_north/https://res.cloudinary.com/dpol0pyoo/image/upload/v1787991503/idf_memorials/pid_2370.webp
https://res.cloudinary.com/dpol0pyoo/image/fetch/c_crop,g_face/w_150,h_195,g_north/https://res.cloudinary.com/dpol0pyoo/image/upload/v1787991505/idf_memorials/pid_2372.webp
https://res.cloudinary.com/dpol0pyoo/image/fetch/c_crop,g_face/w_150,h_195,g_north/https://res.cloudinary.com/dpol0pyoo/image/upload/v1787991507/idf_memorials/pid_2373.webp
https://res.cloudinary.com/dpol0pyoo/image/fetch/c_crop,g_face/w_150,h_195,g_north/https://res.cloudinary.com/dpol0pyoo/image/upload/v1787991509/idf_memorials/pid_2374.webp
https://res.cloudinary.com/dpol0pyoo/image/fetch/c_crop,g_face/w_150,h_195,g_north/https://res.cloudinary.com/dpol0pyoo/image/upload/v1787991510/idf_memorials/pid_2377.webp
https://res.cloudinary.com/dpol0pyoo/image/fetch/c_crop,g_face/w_150,h_195,g_north/https://res.cloudinary.com/dpol0pyoo/image/fetch/g_face/w_150,h_150/https://assets-global.website-files.com/6527c2936fb0dc6bcfaf4f0c/652be63bb52b8f954933d895_no%20image%20placeholder%20men.png
https://res.cloudinary.com/dpol0pyoo/image/fetch/c_crop,g_face/w_150,h_195,g_north/https://assets-global.website-files.com/6527c2936fb0dc6bcfaf4f0c/652be63bb52b8f954933d895_no%20image%20placeholder%20men.png
https://res.cloudinary.com/dpol0pyoo/image/fetch/c_crop,g_face/w_150,h_195,g_north/https://img.haarets.co.il/bs/0000018c-7c76-d55c-a7cc-ff768e6d0001/24/e9/61d5908140b0a0db329fd8aba237/satian.PNG?precrop=undefined,undefined,xundefined,yundefined&width=220&height=165
https://res.cloudinary.com/dpol0pyoo/image/fetch/c_crop,g_face/w_150,h_195,g_north/https://res.cloudinary.com/dpol0pyoo/image/fetch/g_face/w_150,h_150/https://assets-global.website-files.com/6527c2936fb0dc6bcfaf4f0c/652be63bb52b8f954933d895_no%20image%20placeholder%20men.png
https://res.cloudinary.com/dpol0pyoo/image/fetch/c_crop,g_face/w_150,h_195,g_north/https://laad.btl.gov.il/view_files/Nofel_Pic/045606/NP_045606_10.jpg
https://res.cloudinary.com/dpol0pyoo/image/fetch/c_crop,g_face/w_150,h_195,g_north/https://img.haarets.co.il/bs/0000018c-7c78-d98c-abef-fefff7330001/10/80/326c3e554731afc1cca5d9cf70a5/watchara.PNG?precrop=undefined,undefined,xundefined,yundefined&width=220&height=165
https://res.cloudinary.com/dpol0pyoo/image/fetch/c_crop,g_face/w_150,h_195,g_north/https://laad.btl.gov.il/view_files/Nofel_Pic/044147/NP_044147_10.jpg
https://res.cloudinary.com/dpol0pyoo/image/fetch/c_crop,g_face/w_150,h_195,g_north/https://res.cloudinary.com/dpol0pyoo/image/upload/v1787991512/idf_memorials/pid_2385.webp
https://res.cloudinary.com/dpol0pyoo/image/fetch/c_crop,g_face/w_150,h_195,g_north/https://res.cloudinary.com/dpol0pyoo/image/upload/v1787991514/idf_memorials/pid_2386.webp
https://res.cloudinary.com/dpol0pyoo/image/fetch/c_crop,g_face/w_150,h_195,g_north/https://res.cloudinary.com/dpol0pyoo/image/upload/v1787991516/idf_memorials/pid_2387.webp
https://res.cloudinary.com/dpol0pyoo/image/fetch/c_crop,g_face/w_150,h_195,g_north/https://res.cloudinary.com/dpol0pyoo/image/upload/v1787991517/idf_memorials/pid_2388.webp
https://res.cloudinary.com/dpol0pyoo/image/fetch/c_crop,g_face/w_150,h_195,g_north/https://res.cloudinary.com/dpol0pyoo/image/upload/v1787991519/idf_memorials/pid_2390.webp
https://res.cloudinary.com/dpol0pyoo/image/fetch/c_crop,g_face/w_150,h_195,g_north/https://res.cloudinary.com/dpol0pyoo/image/upload/v1787991520/idf_memorials/pid_2391.webp
https://res.cloudinary.com/dpol0pyoo/image/fetch/c_crop,g_face/w_150,h_195,g_north/https://res.cloudinary.com/dpol0pyoo/image/upload/v1787991522/idf_memorials/pid_2392.webp
https://res.cloudinary.com/dpol0pyoo/image/fetch/c_crop,g_face/w_150,h_195,g_north/https://res.cloudinary.com/dpol0pyoo/image/upload/v1787991524/idf_memorials/pid_2393.webp
https://res.cloudinary.com/dpol0pyoo/image/fetch/c_crop,g_face/w_150,h_195,g_north/https://res.cloudinary.com/dpol0pyoo/image/upload/v1787991525/idf_memorials/pid_2394.webp
https://res.cloudinary.com/dpol0pyoo/image/fetch/c_crop,g_face/w_150,h_195,g_north/https://res.cloudinary.com/dpol0pyoo/image/upload/v1787991526/idf_memorials/pid_2396.webp
https://res.cloudinary.com/dpol0pyoo/image/fetch/c_crop,g_face/w_150,h_195,g_north/https://res.cloudinary.com/dpol0pyoo/image/upload/v1787991527/idf_memorials/pid_2397.webp
https://res.cloudinary.com/dpol0pyoo/image/fetch/c_crop,g_face/w_150,h_195,g_north/https://res.cloudinary.com/dpol0pyoo/image/upload/v1787991529/idf_memorials/pid_2398.webp
https://res.cloudinary.com/dpol0pyoo/image/fetch/c_crop,g_face/w_150,h_195,g_north/https://res.cloudinary.com/dpol0pyoo/image/upload/v1787991531/idf_memorials/pid_2399.webp
https://res.cloudinary.com/dpol0pyoo/image/fetch/c_crop,g_face/w_150,h_195,g_north/https://res.cloudinary.com/dpol0pyoo/image/upload/v1787991532/idf_memorials/pid_2400.webp
https://res.cloudinary.com/dpol0pyoo/image/fetch/c_crop,g_face/w_150,h_195,g_north/https://res.cloudinary.com/dpol0pyoo/image/upload/v1787991534/idf_memorials/pid_2401.webp
https://res.cloudinary.com/dpol0pyoo/image/fetch/c_crop,g_face/w_150,h_195,g_north/https://res.cloudinary.com/dpol0pyoo/image/upload/v1787991536/idf_memorials/pid_2406.webp
https://res.cloudinary.com/dpol0pyoo/image/fetch/c_crop,g_face/w_150,h_195,g_north/https://res.cloudinary.com/dpol0pyoo/image/upload/v1787991537/idf_memorials/pid_2407.webp
https://res.cloudinary.com/dpol0pyoo/image/fetch/c_crop,g_face/w_150,h_195,g_north/https://res.cloudinary.com/dpol0pyoo/image/upload/v1787991539/idf_memorials/pid_2408.webp
https://res.cloudinary.com/dpol0pyoo/image/fetch/c_crop,g_face/w_150,h_195,g_north/https://res.cloudinary.com/dpol0pyoo/image/upload/v1787991542/idf_memorials/pid_2410.webp
https://res.cloudinary.com/dpol0pyoo/image/fetch/c_crop,g_face/w_150,h_195,g_north/https://res.cloudinary.com/dpol0pyoo/image/upload/v1787991543/idf_memorials/pid_2411.webp
https://res.cloudinary.com/dpol0pyoo/image/fetch/c_crop,g_face/w_150,h_195,g_north/https://res.cloudinary.com/dpol0pyoo/image/upload/v1787991544/idf_memorials/pid_2413.webp
https://res.cloudinary.com/dpol0pyoo/image/fetch/c_crop,g_face/w_150,h_195,g_north/https://res.cloudinary.com/dpol0pyoo/image/upload/v1787991545/idf_memorials/pid_2414.webp
https://res.cloudinary.com/dpol0pyoo/image/fetch/c_crop,g_face/w_150,h_195,g_north/https://res.cloudinary.com/dpol0pyoo/image/upload/v1787991546/idf_memorials/pid_2417.webp
https://res.cloudinary.com/dpol0pyoo/image/fetch/c_crop,g_face/w_150,h_195,g_north/https://res.cloudinary.com/dpol0pyoo/image/upload/v1787991548/idf_memorials/pid_2418.webp
https://res.cloudinary.com/dpol0pyoo/image/fetch/c_crop,g_face/w_150,h_195,g_north/https://res.cloudinary.com/dpol0pyoo/image/upload/v1787991549/idf_memorials/pid_2419.webp
https://res.cloudinary.com/dpol0pyoo/image/fetch/c_crop,g_face/w_150,h_195,g_north/https://res.cloudinary.com/dpol0pyoo/image/upload/v1787991551/idf_memorials/pid_2420.webp
https://res.cloudinary.com/dpol0pyoo/image/fetch/c_crop,g_face/w_150,h_195,g_north/https://res.cloudinary.com/dpol0pyoo/image/upload/v1787991552/idf_memorials/pid_2422.webp
https://res.cloudinary.com/dpol0pyoo/image/fetch/c_crop,g_face/w_150,h_195,g_north/https://res.cloudinary.com/dpol0pyoo/image/upload/v1787991554/idf_memorials/pid_2423.webp
https://res.cloudinary.com/dpol0pyoo/image/fetch/c_crop,g_face/w_150,h_195,g_north/https://res.cloudinary.com/dpol0pyoo/image/upload/v1787991556/idf_memorials/pid_2424.webp
https://res.cloudinary.com/dpol0pyoo/image/fetch/c_crop,g_face/w_150,h_195,g_north/https://res.cloudinary.com/dpol0pyoo/image/upload/v1787991557/idf_memorials/pid_2425.webp
https://res.cloudinary.com/dpol0pyoo/image/fetch/c_crop,g_face/w_150,h_195,g_north/https://res.cloudinary.com/dpol0pyoo/image/upload/v1787991559/idf_memorials/pid_2426.webp
https://res.cloudinary.com/dpol0pyoo/image/fetch/c_crop,g_face/w_150,h_195,g_north/https://laad.btl.gov.il/view_files/Nofel_Pic/044173/NP_044173_10.jpg
https://res.cloudinary.com/dpol0pyoo/image/fetch/c_crop,g_face/w_150,h_195,g_north/https://laad.btl.gov.il/view_files/Nofel_Pic/044175/NP_044175_12.jpg
https://res.cloudinary.com/dpol0pyoo/image/fetch/c_crop,g_face/w_150,h_195,g_north/https://laad.btl.gov.il/view_files/Nofel_Pic/044174/NP_044174_12.jpg
https://res.cloudinary.com/dpol0pyoo/image/fetch/c_crop,g_face/w_150,h_195,g_north/https://res.cloudinary.com/dpol0pyoo/image/upload/v1787991560/idf_memorials/pid_2436.webp
https://res.cloudinary.com/dpol0pyoo/image/fetch/c_crop,g_face/w_150,h_195,g_north/https://laad.btl.gov.il/view_files/Nofel_Pic/044176/NP_044176_10.jpg
https://res.cloudinary.com/dpol0pyoo/image/fetch/c_crop,g_face/w_150,h_195,g_north/https://res.cloudinary.com/dpol0pyoo/image/upload/v1787991561/idf_memorials/pid_2438.webp
https://res.cloudinary.com/dpol0pyoo/image/fetch/c_crop,g_face/w_150,h_195,g_north/https://res.cloudinary.com/dpol0pyoo/image/upload/v1787991563/idf_memorials/pid_2439.webp
https://res.cloudinary.com/dpol0pyoo/image/fetch/c_crop,g_face/w_150,h_195,g_north/https://res.cloudinary.com/dpol0pyoo/image/upload/v1787991564/idf_memorials/pid_2440.webp
https://res.cloudinary.com/dpol0pyoo/image/fetch/c_crop,g_face/w_150,h_195,g_north/https://laad.btl.gov.il/view_files/Nofel_Pic/044187/NP_044187_10.jpg
https://res.cloudinary.com/dpol0pyoo/image/fetch/c_crop,g_face/w_150,h_195,g_north/https://laad.btl.gov.il/view_files/Nofel_Pic/044185/NP_044185_10.jpg
https://res.cloudinary.com/dpol0pyoo/image/fetch/c_crop,g_face/w_150,h_195,g_north/https://laad.btl.gov.il/view_files/Nofel_Pic/044188/NP_044188_10.jpg
https://res.cloudinary.com/dpol0pyoo/image/fetch/c_crop,g_face/w_150,h_195,g_north/https://laad.btl.gov.il/view_files/Nofel_Pic/044184/NP_044184_10.jpg
https://res.cloudinary.com/dpol0pyoo/image/fetch/c_crop,g_face/w_150,h_195,g_north/https://laad.btl.gov.il/view_files/Nofel_Pic/044182/NP_044182_10.jpg
https://res.cloudinary.com/dpol0pyoo/image/fetch/c_crop,g_face/w_150,h_195,g_north/https://laad.btl.gov.il/view_files/Nofel_Pic/044181/NP_044181_10.jpg
https://res.cloudinary.com/dpol0pyoo/image/fetch/c_crop,g_face/w_150,h_195,g_north/https://laad.btl.gov.il/view_files/Nofel_Pic/044183/NP_044183_10.jpg
https://res.cloudinary.com/dpol0pyoo/image/fetch/c_crop,g_face/w_150,h_195,g_north/https://laad.btl.gov.il/view_files/Nofel_Pic/044179/NP_044179_10.jpg
https://res.cloudinary.com/dpol0pyoo/image/fetch/c_crop,g_face/w_150,h_195,g_north/https://laad.btl.gov.il/view_files/Nofel_Pic/044186/NP_044186_10.jpg
https://res.cloudinary.com/dpol0pyoo/image/fetch/c_crop,g_face/w_150,h_195,g_north/https://laad.btl.gov.il/view_files/Nofel_Pic/044180/NP_044180_10.jpg
https://res.cloudinary.com/dpol0pyoo/image/fetch/c_crop,g_face/w_150,h_195,g_north/https://laad.btl.gov.il/view_files/Nofel_Pic/044189/NP_044189_10.jpg
https://res.cloudinary.com/dpol0pyoo/image/fetch/c_crop,g_face/w_150,h_195,g_north/https://laad.btl.gov.il/view_files/Nofel_Pic/044190/NP_044190_10.jpg
https://res.cloudinary.com/dpol0pyoo/image/fetch/c_crop,g_face/w_150,h_195,g_north/https://laad.btl.gov.il/view_files/Nofel_Pic/044191/NP_044191_10.jpg
https://res.cloudinary.com/dpol0pyoo/image/fetch/c_crop,g_face/w_150,h_195,g_north/https://res.cloudinary.com/dpol0pyoo/image/upload/v1787991566/idf_memorials/pid_2455.webp
https://res.cloudinary.com/dpol0pyoo/image/fetch/c_crop,g_face/w_150,h_195,g_north/https://laad.btl.gov.il/view_files/Nofel_Pic/044127/NP_044127_10.jpg
https://res.cloudinary.com/dpol0pyoo/image/fetch/c_crop,g_face/w_150,h_195,g_north/https://laad.btl.gov.il/Rsrc/Images/nopicTerror.jpg
https://res.cloudinary.com/dpol0pyoo/image/fetch/c_crop,g_face/w_150,h_195,g_north/https://laad.btl.gov.il/view_files/Nofel_Pic/044201/NP_044201_10.jpg
https://res.cloudinary.com/dpol0pyoo/image/fetch/c_crop,g_face/w_150,h_195,g_north/https://res.cloudinary.com/dpol0pyoo/image/upload/v1787991567/idf_memorials/pid_2471.webp
https://res.cloudinary.com/dpol0pyoo/image/fetch/c_crop,g_face/w_150,h_195,g_north/https://res.cloudinary.com/dpol0pyoo/image/upload/v1787991568/idf_memorials/pid_2473.webp
https://res.cloudinary.com/dpol0pyoo/image/fetch/c_crop,g_face/w_150,h_195,g_north/https://res.cloudinary.com/dpol0pyoo/image/upload/v1787991570/idf_memorials/pid_2475.webp
https://res.cloudinary.com/dpol0pyoo/image/fetch/c_crop,g_face/w_150,h_195,g_north/https://res.cloudinary.com/dpol0pyoo/image/upload/v1787991571/idf_memorials/pid_2486.webp
https://res.cloudinary.com/dpol0pyoo/image/fetch/c_crop,g_face/w_150,h_195,g_north/https://res.cloudinary.com/dpol0pyoo/image/upload/v1787991573/idf_memorials/pid_2488.webp
https://res.cloudinary.com/dpol0pyoo/image/fetch/c_crop,g_face/w_150,h_195,g_north/https://res.cloudinary.com/dpol0pyoo/image/upload/v1787991574/idf_memorials/pid_2489.webp
https://res.cloudinary.com/dpol0pyoo/image/fetch/c_crop,g_face/w_150,h_195,g_north/https://res.cloudinary.com/dpol0pyoo/image/upload/v1787991576/idf_memorials/pid_2491.webp
https://res.cloudinary.com/dpol0pyoo/image/fetch/c_crop,g_face/w_150,h_195,g_north/https://laad.btl.gov.il/view_files/Nofel_Pic/044199/NP_044199_10.jpg
https://res.cloudinary.com/dpol0pyoo/image/fetch/c_crop,g_face/w_150,h_195,g_north/https://res.cloudinary.com/dpol0pyoo/image/upload/v1787991578/idf_memorials/pid_2494.webp
https://res.cloudinary.com/dpol0pyoo/image/fetch/c_crop,g_face/w_150,h_195,g_north/https://res.cloudinary.com/dpol0pyoo/image/upload/v1787991579/idf_memorials/pid_2495.webp
https://res.cloudinary.com/dpol0pyoo/image/fetch/c_crop,g_face/w_150,h_195,g_north/https://laad.btl.gov.il/view_files/Nofel_Pic/044192/NP_044192_10.jpg
https://res.cloudinary.com/dpol0pyoo/image/fetch/c_crop,g_face/w_150,h_195,g_north/https://laad.btl.gov.il/Rsrc/Images/nopicTerror.jpg
https://res.cloudinary.com/dpol0pyoo/image/fetch/c_crop,g_face/w_150,h_195,g_north/https://laad.btl.gov.il/view_files/Nofel_Pic/044198/NP_044198_10.jpg
https://res.cloudinary.com/dpol0pyoo/image/fetch/c_crop,g_face/w_150,h_195,g_north/https://res.cloudinary.com/dpol0pyoo/image/upload/v1787991582/idf_memorials/pid_2499.webp
https://res.cloudinary.com/dpol0pyoo/image/fetch/c_crop,g_face/w_150,h_195,g_north/https://laad.btl.gov.il/view_files/Nofel_Pic/044211/NP_044211_10.jpg
https://res.cloudinary.com/dpol0pyoo/image/fetch/c_crop,g_face/w_150,h_195,g_north/https://laad.btl.gov.il/view_files/Nofel_Pic/044213/NP_044213_10.jpg
https://res.cloudinary.com/dpol0pyoo/image/fetch/c_crop,g_face/w_150,h_195,g_north/https://laad.btl.gov.il/view_files/Nofel_Pic/044212/NP_044212_10.jpg
https://res.cloudinary.com/dpol0pyoo/image/fetch/c_crop,g_face/w_150,h_195,g_north/https://res.cloudinary.com/dpol0pyoo/image/upload/v1787991584/idf_memorials/pid_2508.webp
https://res.cloudinary.com/dpol0pyoo/image/fetch/c_crop,g_face/w_150,h_195,g_north/https://res.cloudinary.com/dpol0pyoo/image/upload/v1787991585/idf_memorials/pid_2509.webp
https://res.cloudinary.com/dpol0pyoo/image/fetch/c_crop,g_face/w_150,h_195,g_north/https://res.cloudinary.com/dpol0pyoo/image/upload/v1787991587/idf_memorials/pid_2510.webp
https://res.cloudinary.com/dpol0pyoo/image/fetch/c_crop,g_face/w_150,h_195,g_north/https://res.cloudinary.com/dpol0pyoo/image/upload/v1787991588/idf_memorials/pid_2512.webp
https://res.cloudinary.com/dpol0pyoo/image/fetch/c_crop,g_face/w_150,h_195,g_north/https://res.cloudinary.com/dpol0pyoo/image/upload/v1787991589/idf_memorials/pid_2513.webp
https://res.cloudinary.com/dpol0pyoo/image/fetch/c_crop,g_face/w_150,h_195,g_north/https://res.cloudinary.com/dpol0pyoo/image/upload/v1787991591/idf_memorials/pid_2514.webp
https://res.cloudinary.com/dpol0pyoo/image/fetch/c_crop,g_face/w_150,h_195,g_north/https://res.cloudinary.com/dpol0pyoo/image/upload/v1787991593/idf_memorials/pid_2515.webp
https://res.cloudinary.com/dpol0pyoo/image/fetch/c_crop,g_face/w_150,h_195,g_north/https://res.cloudinary.com/dpol0pyoo/image/upload/v1787991594/idf_memorials/pid_2516.webp
https://res.cloudinary.com/dpol0pyoo/image/fetch/c_crop,g_face/w_150,h_195,g_north/https://res.cloudinary.com/dpol0pyoo/image/upload/v1787991595/idf_memorials/pid_2517.webp
https://res.cloudinary.com/dpol0pyoo/image/fetch/c_crop,g_face/w_150,h_195,g_north/https://laad.btl.gov.il/view_files/Nofel_Pic/044216/NP_044216_11.jpg
https://res.cloudinary.com/dpol0pyoo/image/fetch/c_crop,g_face/w_150,h_195,g_north/https://laad.btl.gov.il/view_files/Nofel_Pic/044219/NP_044219_10.jpg
https://res.cloudinary.com/dpol0pyoo/image/fetch/c_crop,g_face/w_150,h_195,g_north/https://laad.btl.gov.il/view_files/Nofel_Pic/044215/NP_044215_10.jpg
https://res.cloudinary.com/dpol0pyoo/image/fetch/c_crop,g_face/w_150,h_195,g_north/https://res.cloudinary.com/dpol0pyoo/image/upload/v1787991597/idf_memorials/pid_2528.webp
https://res.cloudinary.com/dpol0pyoo/image/fetch/c_crop,g_face/w_150,h_195,g_north/https://res.cloudinary.com/dpol0pyoo/image/upload/v1787991598/idf_memorials/pid_2529.webp
https://res.cloudinary.com/dpol0pyoo/image/fetch/c_crop,g_face/w_150,h_195,g_north/https://res.cloudinary.com/dpol0pyoo/image/upload/v1787991600/idf_memorials/pid_2532.webp
https://res.cloudinary.com/dpol0pyoo/image/fetch/c_crop,g_face/w_150,h_195,g_north/https://res.cloudinary.com/dpol0pyoo/image/upload/v1787991602/idf_memorials/pid_2533.webp
https://res.cloudinary.com/dpol0pyoo/image/fetch/c_crop,g_face/w_150,h_195,g_north/https://res.cloudinary.com/dpol0pyoo/image/upload/v1787991604/idf_memorials/pid_2534.webp
https://res.cloudinary.com/dpol0pyoo/image/fetch/c_crop,g_face/w_150,h_195,g_north/https://res.cloudinary.com/dpol0pyoo/image/upload/v1787991605/idf_memorials/pid_2535.webp
https://res.cloudinary.com/dpol0pyoo/image/fetch/c_crop,g_face/w_150,h_195,g_north/https://laad.btl.gov.il/view_files/Nofel_Pic/044217/NP_044217_10.jpg
https://res.cloudinary.com/dpol0pyoo/image/fetch/c_crop,g_face/w_150,h_195,g_north/https://laad.btl.gov.il/view_files/Nofel_Pic/044218/NP_044218_10.jpg
https://res.cloudinary.com/dpol0pyoo/image/fetch/c_crop,g_face/w_150,h_195,g_north/https://res.cloudinary.com/dpol0pyoo/image/upload/v1787991606/idf_memorials/pid_2538.webp
https://res.cloudinary.com/dpol0pyoo/image/fetch/c_crop,g_face/w_150,h_195,g_north/https://res.cloudinary.com/dpol0pyoo/image/upload/v1787991608/idf_memorials/pid_2541.webp
https://res.cloudinary.com/dpol0pyoo/image/fetch/c_crop,g_face/w_150,h_195,g_north/https://laad.btl.gov.il/view_files/Nofel_Pic/044221/NP_044221_10.jpg
https://res.cloudinary.com/dpol0pyoo/image/fetch/c_crop,g_face/w_150,h_195,g_north/https://res.cloudinary.com/dpol0pyoo/image/upload/v1787991610/idf_memorials/pid_2544.webp
https://res.cloudinary.com/dpol0pyoo/image/fetch/c_crop,g_face/w_150,h_195,g_north/https://res.cloudinary.com/dpol0pyoo/image/upload/v1787991612/idf_memorials/pid_2545.webp
https://res.cloudinary.com/dpol0pyoo/image/fetch/c_crop,g_face/w_150,h_195,g_north/https://res.cloudinary.com/dpol0pyoo/image/upload/v1787991613/idf_memorials/pid_2546.webp
https://res.cloudinary.com/dpol0pyoo/image/fetch/c_crop,g_face/w_150,h_195,g_north/https://res.cloudinary.com/dpol0pyoo/image/upload/v1787991614/idf_memorials/pid_2548.webp
https://res.cloudinary.com/dpol0pyoo/image/fetch/c_crop,g_face/w_150,h_195,g_north/https://laad.btl.gov.il/view_files/Nofel_Pic/044223/NP_044223_10.jpg
https://res.cloudinary.com/dpol0pyoo/image/fetch/c_crop,g_face/w_150,h_195,g_north/https://laad.btl.gov.il/view_files/Nofel_Pic/044224/NP_044224_10.jpg
https://res.cloudinary.com/dpol0pyoo/image/fetch/c_crop,g_face/w_150,h_195,g_north/https://res.cloudinary.com/dpol0pyoo/image/upload/v1787991616/idf_memorials/pid_2554.webp
https://res.cloudinary.com/dpol0pyoo/image/fetch/c_crop,g_face/w_150,h_195,g_north/https://res.cloudinary.com/dpol0pyoo/image/upload/v1787991617/idf_memorials/pid_2555.webp
https://res.cloudinary.com/dpol0pyoo/image/fetch/c_crop,g_face/w_150,h_195,g_north/https://res.cloudinary.com/dpol0pyoo/image/upload/v1787991619/idf_memorials/pid_2556.webp
https://res.cloudinary.com/dpol0pyoo/image/fetch/c_crop,g_face/w_150,h_195,g_north/https://res.cloudinary.com/dpol0pyoo/image/upload/v1787991620/idf_memorials/pid_2557.webp
https://res.cloudinary.com/dpol0pyoo/image/fetch/c_crop,g_face/w_150,h_195,g_north/https://res.cloudinary.com/dpol0pyoo/image/upload/v1787991622/idf_memorials/pid_2558.webp
https://res.cloudinary.com/dpol0pyoo/image/fetch/c_crop,g_face/w_150,h_195,g_north/https://res.cloudinary.com/dpol0pyoo/image/upload/v1787991624/idf_memorials/pid_2559.webp
https://res.cloudinary.com/dpol0pyoo/image/fetch/c_crop,g_face/w_150,h_195,g_north/https://laad.btl.gov.il/view_files/Nofel_Pic/044225/NP_044225_10.jpg
https://res.cloudinary.com/dpol0pyoo/image/fetch/c_crop,g_face/w_150,h_195,g_north/https://laad.btl.gov.il/view_files/Nofel_Pic/044226/NP_044226_10.jpg
https://res.cloudinary.com/dpol0pyoo/image/fetch/c_crop,g_face/w_150,h_195,g_north/https://res.cloudinary.com/dpol0pyoo/image/upload/v1787991625/idf_memorials/pid_2563.webp
https://res.cloudinary.com/dpol0pyoo/image/fetch/c_crop,g_face/w_150,h_195,g_north/https://res.cloudinary.com/dpol0pyoo/image/upload/v1787991627/idf_memorials/pid_2564.webp
https://res.cloudinary.com/dpol0pyoo/image/fetch/c_crop,g_face/w_150,h_195,g_north/https://res.cloudinary.com/dpol0pyoo/image/upload/v1787991628/idf_memorials/pid_2565.webp
https://res.cloudinary.com/dpol0pyoo/image/fetch/c_crop,g_face/w_150,h_195,g_north/https://res.cloudinary.com/dpol0pyoo/image/upload/v1787991630/idf_memorials/pid_2566.webp
https://res.cloudinary.com/dpol0pyoo/image/fetch/c_crop,g_face/w_150,h_195,g_north/https://res.cloudinary.com/dpol0pyoo/image/upload/v1787991631/idf_memorials/pid_2567.webp
https://res.cloudinary.com/dpol0pyoo/image/fetch/c_crop,g_face/w_150,h_195,g_north/https://laad.btl.gov.il/view_files/Nofel_Pic/044227/NP_044227_10.jpg
https://res.cloudinary.com/dpol0pyoo/image/fetch/c_crop,g_face/w_150,h_195,g_north/https://res.cloudinary.com/dpol0pyoo/image/upload/v1787991632/idf_memorials/pid_2572.webp
https://res.cloudinary.com/dpol0pyoo/image/fetch/c_crop,g_face/w_150,h_195,g_north/https://res.cloudinary.com/dpol0pyoo/image/upload/v1787991634/idf_memorials/pid_2573.webp
https://res.cloudinary.com/dpol0pyoo/image/fetch/c_crop,g_face/w_150,h_195,g_north/https://res.cloudinary.com/dpol0pyoo/image/upload/v1787991635/idf_memorials/pid_2574.webp
https://res.cloudinary.com/dpol0pyoo/image/fetch/c_crop,g_face/w_150,h_195,g_north/https://res.cloudinary.com/dpol0pyoo/image/upload/v1787991637/idf_memorials/pid_2575.webp
https://res.cloudinary.com/dpol0pyoo/image/fetch/c_crop,g_face/w_150,h_195,g_north/https://res.cloudinary.com/dpol0pyoo/image/upload/v1787991638/idf_memorials/pid_2576.webp
https://res.cloudinary.com/dpol0pyoo/image/fetch/c_crop,g_face/w_150,h_195,g_north/https://res.cloudinary.com/dpol0pyoo/image/upload/v1787991640/idf_memorials/pid_2577.webp
https://res.cloudinary.com/dpol0pyoo/image/fetch/c_crop,g_face/w_150,h_195,g_north/https://res.cloudinary.com/dpol0pyoo/image/upload/v1787991642/idf_memorials/pid_2578.webp
https://res.cloudinary.com/dpol0pyoo/image/fetch/c_crop,g_face/w_150,h_195,g_north/https://res.cloudinary.com/dpol0pyoo/image/upload/v1787991644/idf_memorials/pid_2579.webp
https://res.cloudinary.com/dpol0pyoo/image/fetch/c_crop,g_face/w_150,h_195,g_north/https://res.cloudinary.com/dpol0pyoo/image/upload/v1787991645/idf_memorials/pid_2580.webp
https://res.cloudinary.com/dpol0pyoo/image/fetch/c_crop,g_face/w_150,h_195,g_north/https://res.cloudinary.com/dpol0pyoo/image/upload/v1787991647/idf_memorials/pid_2589.webp
https://res.cloudinary.com/dpol0pyoo/image/fetch/c_crop,g_face/w_150,h_195,g_north/https://res.cloudinary.com/dpol0pyoo/image/upload/v1787991648/idf_memorials/pid_2590.webp
https://res.cloudinary.com/dpol0pyoo/image/fetch/c_crop,g_face/w_150,h_195,g_north/https://res.cloudinary.com/dpol0pyoo/image/upload/v1787991649/idf_memorials/pid_2591.webp
https://res.cloudinary.com/dpol0pyoo/image/fetch/c_crop,g_face/w_150,h_195,g_north/https://res.cloudinary.com/dpol0pyoo/image/upload/v1787991651/idf_memorials/pid_2592.webp
https://res.cloudinary.com/dpol0pyoo/image/fetch/c_crop,g_face/w_150,h_195,g_north/https://laad.btl.gov.il/view_files/Nofel_Pic/044228/NP_044228_10.jpg
https://res.cloudinary.com/dpol0pyoo/image/fetch/c_crop,g_face/w_150,h_195,g_north/https://laad.btl.gov.il/view_files/Nofel_Pic/044229/NP_044229_10.jpg
https://res.cloudinary.com/dpol0pyoo/image/fetch/c_crop,g_face/w_150,h_195,g_north/https://laad.btl.gov.il/view_files/Nofel_Pic/044209/NP_044209_10.jpg
https://res.cloudinary.com/dpol0pyoo/image/fetch/c_crop,g_face/w_150,h_195,g_north/https://res.cloudinary.com/dpol0pyoo/image/upload/v1787991653/idf_memorials/pid_2601.webp
https://res.cloudinary.com/dpol0pyoo/image/fetch/c_crop,g_face/w_150,h_195,g_north/https://res.cloudinary.com/dpol0pyoo/image/upload/v1787991655/idf_memorials/pid_2602.webp
https://res.cloudinary.com/dpol0pyoo/image/fetch/c_crop,g_face/w_150,h_195,g_north/https://res.cloudinary.com/dpol0pyoo/image/upload/v1787991656/idf_memorials/pid_2603.webp
https://res.cloudinary.com/dpol0pyoo/image/fetch/c_crop,g_face/w_150,h_195,g_north/https://res.cloudinary.com/dpol0pyoo/image/upload/v1787991658/idf_memorials/pid_2606.webp
https://res.cloudinary.com/dpol0pyoo/image/fetch/c_crop,g_face/w_150,h_195,g_north/https://laad.btl.gov.il/view_files/Nofel_Pic/044231/NP_044231_10.jpg
https://res.cloudinary.com/dpol0pyoo/image/fetch/c_crop,g_face/w_150,h_195,g_north/https://res.cloudinary.com/dpol0pyoo/image/upload/v1787991660/idf_memorials/pid_2608.webp
https://res.cloudinary.com/dpol0pyoo/image/fetch/c_crop,g_face/w_150,h_195,g_north/https://laad.btl.gov.il/view_files/Nofel_Pic/044236/NP_044236_10.jpg
https://res.cloudinary.com/dpol0pyoo/image/fetch/c_crop,g_face/w_150,h_195,g_north/https://laad.btl.gov.il/view_files/Nofel_Pic/044233/NP_044233_10.jpg
https://res.cloudinary.com/dpol0pyoo/image/fetch/c_crop,g_face/w_150,h_195,g_north/https://laad.btl.gov.il/view_files/Nofel_Pic/044234/NP_044234_10.jpg
https://res.cloudinary.com/dpol0pyoo/image/fetch/c_crop,g_face/w_150,h_195,g_north/https://laad.btl.gov.il/view_files/Nofel_Pic/044235/NP_044235_10.jpg
https://res.cloudinary.com/dpol0pyoo/image/fetch/c_crop,g_face/w_150,h_195,g_north/https://laad.btl.gov.il/view_files/Nofel_Pic/044237/NP_044237_10.jpg
https://res.cloudinary.com/dpol0pyoo/image/fetch/c_crop,g_face/w_150,h_195,g_north/https://laad.btl.gov.il/view_files/Nofel_Pic/044238/NP_044238_10.jpg
https://res.cloudinary.com/dpol0pyoo/image/fetch/c_crop,g_face/w_150,h_195,g_north/https://laad.btl.gov.il/view_files/Nofel_Pic/044232/NP_044232_10.jpg
https://res.cloudinary.com/dpol0pyoo/image/fetch/c_crop,g_face/w_150,h_195,g_north/https://res.cloudinary.com/dpol0pyoo/image/upload/v1787991662/idf_memorials/pid_2616.webp
https://res.cloudinary.com/dpol0pyoo/image/fetch/c_crop,g_face/w_150,h_195,g_north/https://res.cloudinary.com/dpol0pyoo/image/upload/v1787991663/idf_memorials/pid_2617.webp
https://res.cloudinary.com/dpol0pyoo/image/fetch/c_crop,g_face/w_150,h_195,g_north/https://laad.btl.gov.il/view_files/Nofel_Pic/044239/NP_044239_10.jpg
https://res.cloudinary.com/dpol0pyoo/image/fetch/c_crop,g_face/w_150,h_195,g_north/https://res.cloudinary.com/dpol0pyoo/image/upload/v1787991666/idf_memorials/pid_2619.webp
https://res.cloudinary.com/dpol0pyoo/image/fetch/c_crop,g_face/w_150,h_195,g_north/https://laad.btl.gov.il/view_files/Nofel_Pic/044240/NP_044240_11.jpg
https://res.cloudinary.com/dpol0pyoo/image/fetch/c_crop,g_face/w_150,h_195,g_north/https://res.cloudinary.com/dpol0pyoo/image/upload/v1787991667/idf_memorials/pid_2621.webp
https://res.cloudinary.com/dpol0pyoo/image/fetch/c_crop,g_face/w_150,h_195,g_north/https://res.cloudinary.com/dpol0pyoo/image/upload/v1787991669/idf_memorials/pid_2622.webp
https://res.cloudinary.com/dpol0pyoo/image/fetch/c_crop,g_face/w_150,h_195,g_north/https://res.cloudinary.com/dpol0pyoo/image/upload/v1787991671/idf_memorials/pid_2623.webp
https://res.cloudinary.com/dpol0pyoo/image/fetch/c_crop,g_face/w_150,h_195,g_north/https://res.cloudinary.com/dpol0pyoo/image/upload/v1787991673/idf_memorials/pid_2624.webp
https://res.cloudinary.com/dpol0pyoo/image/fetch/c_crop,g_face/w_150,h_195,g_north/https://res.cloudinary.com/dpol0pyoo/image/upload/v1787991674/idf_memorials/pid_2625.webp
https://res.cloudinary.com/dpol0pyoo/image/fetch/c_crop,g_face/w_150,h_195,g_north/https://res.cloudinary.com/dpol0pyoo/image/upload/v1787991676/idf_memorials/pid_2626.webp
https://res.cloudinary.com/dpol0pyoo/image/fetch/c_crop,g_face/w_150,h_195,g_north/https://laad.btl.gov.il/view_files/Nofel_Pic/044241/NP_044241_10.jpg
https://res.cloudinary.com/dpol0pyoo/image/fetch/c_crop,g_face/w_150,h_195,g_north/https://laad.btl.gov.il/view_files/Nofel_Pic/044242/NP_044242_10.jpg
https://res.cloudinary.com/dpol0pyoo/image/fetch/c_crop,g_face/w_150,h_195,g_north/https://res.cloudinary.com/dpol0pyoo/image/upload/v1787991678/idf_memorials/pid_2630.webp
https://res.cloudinary.com/dpol0pyoo/image/fetch/c_crop,g_face/w_150,h_195,g_north/https://res.cloudinary.com/dpol0pyoo/image/upload/v1787991679/idf_memorials/pid_2631.webp
https://res.cloudinary.com/dpol0pyoo/image/fetch/c_crop,g_face/w_150,h_195,g_north/https://res.cloudinary.com/dpol0pyoo/image/upload/v1787991681/idf_memorials/pid_2632.webp
https://res.cloudinary.com/dpol0pyoo/image/fetch/c_crop,g_face/w_150,h_195,g_north/https://res.cloudinary.com/dpol0pyoo/image/upload/v1787991682/idf_memorials/pid_2633.webp
https://res.cloudinary.com/dpol0pyoo/image/fetch/c_crop,g_face/w_150,h_195,g_north/https://res.cloudinary.com/dpol0pyoo/image/upload/v1787991683/idf_memorials/pid_2634.webp
https://res.cloudinary.com/dpol0pyoo/image/fetch/c_crop,g_face/w_150,h_195,g_north/https://res.cloudinary.com/dpol0pyoo/image/upload/v1787991685/idf_memorials/pid_2635.webp
https://res.cloudinary.com/dpol0pyoo/image/fetch/c_crop,g_face/w_150,h_195,g_north/https://res.cloudinary.com/dpol0pyoo/image/upload/v1787991687/idf_memorials/pid_2636.webp
https://res.cloudinary.com/dpol0pyoo/image/fetch/c_crop,g_face/w_150,h_195,g_north/https://res.cloudinary.com/dpol0pyoo/image/upload/v1787991688/idf_memorials/pid_2637.webp
https://res.cloudinary.com/dpol0pyoo/image/fetch/c_crop,g_face/w_150,h_195,g_north/https://res.cloudinary.com/dpol0pyoo/image/upload/v1787991690/idf_memorials/pid_2638.webp
https://res.cloudinary.com/dpol0pyoo/image/fetch/c_crop,g_face/w_150,h_195,g_north/https://res.cloudinary.com/dpol0pyoo/image/upload/v1787991692/idf_memorials/pid_2639.webp
https://res.cloudinary.com/dpol0pyoo/image/fetch/c_crop,g_face/w_150,h_195,g_north/https://res.cloudinary.com/dpol0pyoo/image/upload/v1787991694/idf_memorials/pid_2640.webp
https://res.cloudinary.com/dpol0pyoo/image/fetch/c_crop,g_face/w_150,h_195,g_north/https://laad.btl.gov.il/view_files/Nofel_Pic/044243/NP_044243_10.jpg
https://res.cloudinary.com/dpol0pyoo/image/fetch/c_crop,g_face/w_150,h_195,g_north/https://res.cloudinary.com/dpol0pyoo/image/upload/v1787991696/idf_memorials/pid_2642.webp
https://res.cloudinary.com/dpol0pyoo/image/fetch/c_crop,g_face/w_150,h_195,g_north/https://res.cloudinary.com/dpol0pyoo/image/upload/v1787991697/idf_memorials/pid_2643.webp
https://res.cloudinary.com/dpol0pyoo/image/fetch/c_crop,g_face/w_150,h_195,g_north/https://res.cloudinary.com/dpol0pyoo/image/upload/v1787991698/idf_memorials/pid_2644.webp
https://res.cloudinary.com/dpol0pyoo/image/fetch/c_crop,g_face/w_150,h_195,g_north/https://res.cloudinary.com/dpol0pyoo/image/upload/v1787991700/idf_memorials/pid_2646.webp
https://res.cloudinary.com/dpol0pyoo/image/fetch/c_crop,g_face/w_150,h_195,g_north/https://res.cloudinary.com/dpol0pyoo/image/upload/v1787991701/idf_memorials/pid_2647.webp
https://res.cloudinary.com/dpol0pyoo/image/fetch/c_crop,g_face/w_150,h_195,g_north/https://laad.btl.gov.il/view_files/Nofel_Pic/044244/NP_044244_10.jpg
https://res.cloudinary.com/dpol0pyoo/image/fetch/c_crop,g_face/w_150,h_195,g_north/https://laad.btl.gov.il/view_files/Nofel_Pic/044245/NP_044245_10.jpg
https://res.cloudinary.com/dpol0pyoo/image/fetch/c_crop,g_face/w_150,h_195,g_north/https://res.cloudinary.com/dpol0pyoo/image/upload/v1772203687/idf_memorials/pid_2650.webp
https://res.cloudinary.com/dpol0pyoo/image/fetch/c_crop,g_face/w_150,h_195,g_north/https://res.cloudinary.com/dpol0pyoo/image/upload/v1787991703/idf_memorials/pid_2651.webp
https://res.cloudinary.com/dpol0pyoo/image/fetch/c_crop,g_face/w_150,h_195,g_north/https://res.cloudinary.com/dpol0pyoo/image/upload/v1787991705/idf_memorials/pid_2652.webp
https://res.cloudinary.com/dpol0pyoo/image/fetch/c_crop,g_face/w_150,h_195,g_north/https://laad.btl.gov.il/view_files/Nofel_Pic/044230/NP_044230_11.jpg
https://res.cloudinary.com/dpol0pyoo/image/fetch/c_crop,g_face/w_150,h_195,g_north/https://res.cloudinary.com/dpol0pyoo/image/upload/v1787991706/idf_memorials/pid_2656.webp
https://res.cloudinary.com/dpol0pyoo/image/fetch/c_crop,g_face/w_150,h_195,g_north/https://res.cloudinary.com/dpol0pyoo/image/upload/v1787991708/idf_memorials/pid_2657.webp
https://res.cloudinary.com/dpol0pyoo/image/fetch/c_crop,g_face/w_150,h_195,g_north/https://res.cloudinary.com/dpol0pyoo/image/upload/v1787991710/idf_memorials/pid_2658.webp
https://res.cloudinary.com/dpol0pyoo/image/fetch/c_crop,g_face/w_150,h_195,g_north/https://res.cloudinary.com/dpol0pyoo/image/upload/v1787991712/idf_memorials/pid_2659.webp
https://res.cloudinary.com/dpol0pyoo/image/fetch/c_crop,g_face/w_150,h_195,g_north/https://res.cloudinary.com/dpol0pyoo/image/upload/v1787991713/idf_memorials/pid_2660.webp
https://res.cloudinary.com/dpol0pyoo/image/fetch/c_crop,g_face/w_150,h_195,g_north/https://res.cloudinary.com/dpol0pyoo/image/upload/v1787991716/idf_memorials/pid_2661.webp
https://res.cloudinary.com/dpol0pyoo/image/fetch/c_crop,g_face/w_150,h_195,g_north/https://res.cloudinary.com/dpol0pyoo/image/upload/v1787991717/idf_memorials/pid_2662.webp
https://res.cloudinary.com/dpol0pyoo/image/fetch/c_crop,g_face/w_150,h_195,g_north/https://res.cloudinary.com/dpol0pyoo/image/upload/v1787991718/idf_memorials/pid_2663.webp
https://res.cloudinary.com/dpol0pyoo/image/fetch/c_crop,g_face/w_150,h_195,g_north/https://laad.btl.gov.il/view_files/Nofel_Pic/044248/NP_044248_10.jpg
https://res.cloudinary.com/dpol0pyoo/image/fetch/c_crop,g_face/w_150,h_195,g_north/https://res.cloudinary.com/dpol0pyoo/image/upload/v1787991720/idf_memorials/pid_2666.webp
https://res.cloudinary.com/dpol0pyoo/image/fetch/c_crop,g_face/w_150,h_195,g_north/https://res.cloudinary.com/dpol0pyoo/image/upload/v1787991721/idf_memorials/pid_2671.webp
https://res.cloudinary.com/dpol0pyoo/image/fetch/c_crop,g_face/w_150,h_195,g_north/https://res.cloudinary.com/dpol0pyoo/image/upload/v1787991723/idf_memorials/pid_2672.webp
https://res.cloudinary.com/dpol0pyoo/image/fetch/c_crop,g_face/w_150,h_195,g_north/https://res.cloudinary.com/dpol0pyoo/image/upload/v1787991725/idf_memorials/pid_2673.webp
https://res.cloudinary.com/dpol0pyoo/image/fetch/c_crop,g_face/w_150,h_195,g_north/https://res.cloudinary.com/dpol0pyoo/image/upload/v1787991726/idf_memorials/pid_2674.webp
https://res.cloudinary.com/dpol0pyoo/image/fetch/c_crop,g_face/w_150,h_195,g_north/https://laad.btl.gov.il/view_files/Nofel_Pic/044250/NP_044250_10.jpg
https://res.cloudinary.com/dpol0pyoo/image/fetch/c_crop,g_face/w_150,h_195,g_north/https://laad.btl.gov.il/view_files/Nofel_Pic/044252/NP_044252_11.jpg
https://res.cloudinary.com/dpol0pyoo/image/fetch/c_crop,g_face/w_150,h_195,g_north/https://laad.btl.gov.il/view_files/Nofel_Pic/044253/NP_044253_10.jpg
https://res.cloudinary.com/dpol0pyoo/image/fetch/c_crop,g_face/w_150,h_195,g_north/https://res.cloudinary.com/dpol0pyoo/image/upload/v1787991728/idf_memorials/pid_2679.webp
https://res.cloudinary.com/dpol0pyoo/image/fetch/c_crop,g_face/w_150,h_195,g_north/https://res.cloudinary.com/dpol0pyoo/image/upload/v1787991729/idf_memorials/pid_2680.webp
https://res.cloudinary.com/dpol0pyoo/image/fetch/c_crop,g_face/w_150,h_195,g_north/https://res.cloudinary.com/dpol0pyoo/image/upload/v1787991731/idf_memorials/pid_2681.webp
https://res.cloudinary.com/dpol0pyoo/image/fetch/c_crop,g_face/w_150,h_195,g_north/https://res.cloudinary.com/dpol0pyoo/image/upload/v1787991733/idf_memorials/pid_2686.webp
https://res.cloudinary.com/dpol0pyoo/image/fetch/c_crop,g_face/w_150,h_195,g_north/https://res.cloudinary.com/dpol0pyoo/image/upload/v1787991734/idf_memorials/pid_2687.webp
https://res.cloudinary.com/dpol0pyoo/image/fetch/c_crop,g_face/w_150,h_195,g_north/https://res.cloudinary.com/dpol0pyoo/image/upload/v1787991735/idf_memorials/pid_2688.webp
https://res.cloudinary.com/dpol0pyoo/image/fetch/c_crop,g_face/w_150,h_195,g_north/https://res.cloudinary.com/dpol0pyoo/image/upload/v1787991737/idf_memorials/pid_2689.webp
https://res.cloudinary.com/dpol0pyoo/image/fetch/c_crop,g_face/w_150,h_195,g_north/https://res.cloudinary.com/dpol0pyoo/image/upload/v1787991738/idf_memorials/pid_2690.webp
https://res.cloudinary.com/dpol0pyoo/image/fetch/c_crop,g_face/w_150,h_195,g_north/https://res.cloudinary.com/dpol0pyoo/image/upload/v1787991740/idf_memorials/pid_2691.webp
https://res.cloudinary.com/dpol0pyoo/image/fetch/c_crop,g_face/w_150,h_195,g_north/https://res.cloudinary.com/dpol0pyoo/image/upload/v1787991741/idf_memorials/pid_2692.webp
https://res.cloudinary.com/dpol0pyoo/image/fetch/c_crop,g_face/w_150,h_195,g_north/https://res.cloudinary.com/dpol0pyoo/image/upload/v1787991743/idf_memorials/pid_2693.webp
https://res.cloudinary.com/dpol0pyoo/image/fetch/c_crop,g_face/w_150,h_195,g_north/https://res.cloudinary.com/dpol0pyoo/image/upload/v1787991745/idf_memorials/pid_2694.webp
https://res.cloudinary.com/dpol0pyoo/image/fetch/c_crop,g_face/w_150,h_195,g_north/https://laad.btl.gov.il/view_files/Nofel_Pic/044256/NP_044256_10.jpg
https://res.cloudinary.com/dpol0pyoo/image/fetch/c_crop,g_face/w_150,h_195,g_north/https://res.cloudinary.com/dpol0pyoo/image/upload/v1787991747/idf_memorials/pid_2697.webp
https://res.cloudinary.com/dpol0pyoo/image/fetch/c_crop,g_face/w_150,h_195,g_north/https://laad.btl.gov.il/view_files/Nofel_Pic/044257/NP_044257_10.jpg
https://res.cloudinary.com/dpol0pyoo/image/fetch/c_crop,g_face/w_150,h_195,g_north/https://res.cloudinary.com/dpol0pyoo/image/upload/v1787991749/idf_memorials/pid_2700.webp
https://res.cloudinary.com/dpol0pyoo/image/fetch/c_crop,g_face/w_150,h_195,g_north/https://res.cloudinary.com/dpol0pyoo/image/upload/v1787991750/idf_memorials/pid_2701.webp
https://res.cloudinary.com/dpol0pyoo/image/fetch/c_crop,g_face/w_150,h_195,g_north/https://res.cloudinary.com/dpol0pyoo/image/upload/v1787991751/idf_memorials/pid_2702.webp
https://res.cloudinary.com/dpol0pyoo/image/fetch/c_crop,g_face/w_150,h_195,g_north/https://res.cloudinary.com/dpol0pyoo/image/upload/v1787991752/idf_memorials/pid_2703.webp
https://res.cloudinary.com/dpol0pyoo/image/fetch/c_crop,g_face/w_150,h_195,g_north/https://laad.btl.gov.il/view_files/Nofel_Pic/044266/NP_044266_10.jpg
https://res.cloudinary.com/dpol0pyoo/image/fetch/c_crop,g_face/w_150,h_195,g_north/https://laad.btl.gov.il/view_files/Nofel_Pic/044267/NP_044267_12.jpg
https://res.cloudinary.com/dpol0pyoo/image/fetch/c_crop,g_face/w_150,h_195,g_north/https://res.cloudinary.com/dpol0pyoo/image/upload/v1787991755/idf_memorials/pid_2707.webp
https://res.cloudinary.com/dpol0pyoo/image/fetch/c_crop,g_face/w_150,h_195,g_north/https://laad.btl.gov.il/view_files/Nofel_Pic/044269/NP_044269_10.jpg
https://res.cloudinary.com/dpol0pyoo/image/fetch/c_crop,g_face/w_150,h_195,g_north/https://res.cloudinary.com/dpol0pyoo/image/upload/v1787991756/idf_memorials/pid_2709.webp
https://res.cloudinary.com/dpol0pyoo/image/fetch/c_crop,g_face/w_150,h_195,g_north/https://res.cloudinary.com/dpol0pyoo/image/upload/v1787991759/idf_memorials/pid_2711.webp
https://res.cloudinary.com/dpol0pyoo/image/fetch/c_crop,g_face/w_150,h_195,g_north/https://res.cloudinary.com/dpol0pyoo/image/upload/v1787991761/idf_memorials/pid_2712.webp
https://res.cloudinary.com/dpol0pyoo/image/fetch/c_crop,g_face/w_150,h_195,g_north/https://res.cloudinary.com/dpol0pyoo/image/upload/v1787991762/idf_memorials/pid_2716.webp
https://res.cloudinary.com/dpol0pyoo/image/fetch/c_crop,g_face/w_150,h_195,g_north/https://res.cloudinary.com/dpol0pyoo/image/upload/v1787991764/idf_memorials/pid_2717.webp
https://res.cloudinary.com/dpol0pyoo/image/fetch/c_crop,g_face/w_150,h_195,g_north/https://res.cloudinary.com/dpol0pyoo/image/upload/v1787991765/idf_memorials/pid_2718.webp
https://res.cloudinary.com/dpol0pyoo/image/fetch/c_crop,g_face/w_150,h_195,g_north/https://res.cloudinary.com/dpol0pyoo/image/upload/v1787991767/idf_memorials/pid_2719.webp
https://res.cloudinary.com/dpol0pyoo/image/fetch/c_crop,g_face/w_150,h_195,g_north/https://res.cloudinary.com/dpol0pyoo/image/upload/v1787991769/idf_memorials/pid_2720.webp
https://res.cloudinary.com/dpol0pyoo/image/fetch/c_crop,g_face/w_150,h_195,g_north/https://res.cloudinary.com/dpol0pyoo/image/upload/v1787991770/idf_memorials/pid_2721.webp
https://res.cloudinary.com/dpol0pyoo/image/fetch/c_crop,g_face/w_150,h_195,g_north/https://laad.btl.gov.il/view_files/Nofel_Pic/045601/NP_045601_10.jpg
https://res.cloudinary.com/dpol0pyoo/image/fetch/c_crop,g_face/w_150,h_195,g_north/https://res.cloudinary.com/dpol0pyoo/image/upload/v1787991771/idf_memorials/pid_2723.webp
https://res.cloudinary.com/dpol0pyoo/image/fetch/c_crop,g_face/w_150,h_195,g_north/https://res.cloudinary.com/dpol0pyoo/image/upload/v1787991773/idf_memorials/pid_2724.webp
https://res.cloudinary.com/dpol0pyoo/image/fetch/c_crop,g_face/w_150,h_195,g_north/https://laad.btl.gov.il/view_files/Nofel_Pic/045602/NP_045602_10.jpg
https://res.cloudinary.com/dpol0pyoo/image/fetch/c_crop,g_face/w_150,h_195,g_north/https://laad.btl.gov.il/view_files/Nofel_Pic/045603/NP_045603_10.jpg
https://res.cloudinary.com/dpol0pyoo/image/fetch/c_crop,g_face/w_150,h_195,g_north/https://laad.btl.gov.il/Rsrc/Images/nopicTerror.jpg
https://res.cloudinary.com/dpol0pyoo/image/fetch/c_crop,g_face/w_150,h_195,g_north/https://laad.btl.gov.il/view_files/Nofel_Pic/045605/NP_045605_10.jpg
https://res.cloudinary.com/dpol0pyoo/image/fetch/c_crop,g_face/w_150,h_195,g_north/https://res.cloudinary.com/dpol0pyoo/image/upload/v1787991774/idf_memorials/pid_2739.webp
https://res.cloudinary.com/dpol0pyoo/image/fetch/c_crop,g_face/w_150,h_195,g_north/https://res.cloudinary.com/dpol0pyoo/image/upload/v1787991776/idf_memorials/pid_2740.webp
https://res.cloudinary.com/dpol0pyoo/image/fetch/c_crop,g_face/w_150,h_195,g_north/https://res.cloudinary.com/dpol0pyoo/image/upload/v1787991778/idf_memorials/pid_2741.webp
https://res.cloudinary.com/dpol0pyoo/image/fetch/c_crop,g_face/w_150,h_195,g_north/https://res.cloudinary.com/dpol0pyoo/image/upload/v1787991779/idf_memorials/pid_2742.webp
https://res.cloudinary.com/dpol0pyoo/image/fetch/c_crop,g_face/w_150,h_195,g_north/https://res.cloudinary.com/dpol0pyoo/image/upload/v1787991780/idf_memorials/pid_2743.webp
https://res.cloudinary.com/dpol0pyoo/image/fetch/c_crop,g_face/w_150,h_195,g_north/https://res.cloudinary.com/dpol0pyoo/image/upload/v1787991782/idf_memorials/pid_2744.webp
https://res.cloudinary.com/dpol0pyoo/image/fetch/c_crop,g_face/w_150,h_195,g_north/https://res.cloudinary.com/dpol0pyoo/image/upload/v1787991783/idf_memorials/pid_2745.webp
https://res.cloudinary.com/dpol0pyoo/image/fetch/c_crop,g_face/w_150,h_195,g_north/https://res.cloudinary.com/dpol0pyoo/image/upload/v1787991785/idf_memorials/pid_2746.webp
https://res.cloudinary.com/dpol0pyoo/image/fetch/c_crop,g_face/w_150,h_195,g_north/https://res.cloudinary.com/dpol0pyoo/image/upload/v1787991787/idf_memorials/pid_2747.webp
https://res.cloudinary.com/dpol0pyoo/image/fetch/c_crop,g_face/w_150,h_195,g_north/https://laad.btl.gov.il/view_files/Nofel_Pic/045609/NP_045609_10.jpg
https://res.cloudinary.com/dpol0pyoo/image/fetch/c_crop,g_face/w_150,h_195,g_north/https://laad.btl.gov.il/view_files/Nofel_Pic/045607/NP_045607_10.jpg
https://res.cloudinary.com/dpol0pyoo/image/fetch/c_crop,g_face/w_150,h_195,g_north/https://laad.btl.gov.il/view_files/Nofel_Pic/045608/NP_045608_10.jpg
https://res.cloudinary.com/dpol0pyoo/image/fetch/c_crop,g_face/w_150,h_195,g_north/https://laad.btl.gov.il/view_files/Nofel_Pic/045610/NP_045610_10.jpg
https://res.cloudinary.com/dpol0pyoo/image/fetch/c_crop,g_face/w_150,h_195,g_north/https://laad.btl.gov.il/view_files/Nofel_Pic/045611/NP_045611_13.jpg
https://res.cloudinary.com/dpol0pyoo/image/fetch/c_crop,g_face/w_150,h_195,g_north/https://laad.btl.gov.il/view_files/Nofel_Pic/045612/NP_045612_10.jpg
https://res.cloudinary.com/dpol0pyoo/image/fetch/c_crop,g_face/w_150,h_195,g_north/https://laad.btl.gov.il/view_files/Nofel_Pic/045613/NP_045613_10.jpg
https://res.cloudinary.com/dpol0pyoo/image/fetch/c_crop,g_face/w_150,h_195,g_north/https://laad.btl.gov.il/view_files/Nofel_Pic/045614/NP_045614_10.jpg
https://res.cloudinary.com/dpol0pyoo/image/fetch/c_crop,g_face/w_150,h_195,g_north/https://laad.btl.gov.il/view_files/Nofel_Pic/045615/NP_045615_10.jpg
https://res.cloudinary.com/dpol0pyoo/image/fetch/c_crop,g_face/w_150,h_195,g_north/https://laad.btl.gov.il/view_files/Nofel_Pic/045616/NP_045616_10.jpg
https://res.cloudinary.com/dpol0pyoo/image/fetch/c_crop,g_face/w_150,h_195,g_north/https://laad.btl.gov.il/view_files/Nofel_Pic/045617/NP_045617_10.jpg
https://res.cloudinary.com/dpol0pyoo/image/fetch/c_crop,g_face/w_150,h_195,g_north/https://laad.btl.gov.il/Rsrc/Images/nopicTerror.jpg
https://res.cloudinary.com/dpol0pyoo/image/fetch/c_crop,g_face/w_150,h_195,g_north/https://laad.btl.gov.il/view_files/Nofel_Pic/045626/NP_045626_10.jpg
https://res.cloudinary.com/dpol0pyoo/image/fetch/c_crop,g_face/w_150,h_195,g_north/https://laad.btl.gov.il/view_files/Nofel_Pic/045628/NP_045628_10.jpg
https://res.cloudinary.com/dpol0pyoo/image/fetch/c_crop,g_face/w_150,h_195,g_north/https://laad.btl.gov.il/view_files/Nofel_Pic/045629/NP_045629_10.jpg
https://res.cloudinary.com/dpol0pyoo/image/fetch/c_crop,g_face/w_150,h_195,g_north/https://laad.btl.gov.il/view_files/Nofel_Pic/045627/NP_045627_10.jpg
https://res.cloudinary.com/dpol0pyoo/image/fetch/c_crop,g_face/w_150,h_195,g_north/https://laad.btl.gov.il/view_files/Nofel_Pic/045623/NP_045623_10.jpg
https://res.cloudinary.com/dpol0pyoo/image/fetch/c_crop,g_face/w_150,h_195,g_north/https://laad.btl.gov.il/view_files/Nofel_Pic/045622/NP_045622_10.jpg
https://res.cloudinary.com/dpol0pyoo/image/fetch/c_crop,g_face/w_150,h_195,g_north/https://laad.btl.gov.il/view_files/Nofel_Pic/045624/NP_045624_10.jpg
https://res.cloudinary.com/dpol0pyoo/image/fetch/c_crop,g_face/w_150,h_195,g_north/https://laad.btl.gov.il/view_files/Nofel_Pic/045630/NP_045630_10.jpg
https://res.cloudinary.com/dpol0pyoo/image/fetch/c_crop,g_face/w_150,h_195,g_north/https://laad.btl.gov.il/view_files/Nofel_Pic/045618/NP_045618_10.jpg
https://res.cloudinary.com/dpol0pyoo/image/fetch/c_crop,g_face/w_150,h_195,g_north/https://laad.btl.gov.il/view_files/Nofel_Pic/045621/NP_045621_10.jpg
https://res.cloudinary.com/dpol0pyoo/image/fetch/c_crop,g_face/w_150,h_195,g_north/https://laad.btl.gov.il/view_files/Nofel_Pic/045620/NP_045620_10.jpg
https://res.cloudinary.com/dpol0pyoo/image/fetch/c_crop,g_face/w_150,h_195,g_north/https://laad.btl.gov.il/view_files/Nofel_Pic/045619/NP_045619_10.jpg
https://res.cloudinary.com/dpol0pyoo/image/fetch/c_crop,g_face/w_150,h_195,g_north/https://res.cloudinary.com/dpol0pyoo/image/upload/v1787991788/idf_memorials/pid_2772.webp
https://res.cloudinary.com/dpol0pyoo/image/fetch/c_crop,g_face/w_150,h_195,g_north/https://res.cloudinary.com/dpol0pyoo/image/upload/v1787991791/idf_memorials/pid_2773.webp
https://res.cloudinary.com/dpol0pyoo/image/fetch/c_crop,g_face/w_150,h_195,g_north/https://res.cloudinary.com/dpol0pyoo/image/upload/v1787991792/idf_memorials/pid_2774.webp
https://res.cloudinary.com/dpol0pyoo/image/fetch/c_crop,g_face/w_150,h_195,g_north/https://laad.btl.gov.il/view_files/Nofel_Pic/045634/NP_045634_10.jpg
https://res.cloudinary.com/dpol0pyoo/image/fetch/c_crop,g_face/w_150,h_195,g_north/https://laad.btl.gov.il/view_files/Nofel_Pic/045633/NP_045633_10.jpg
https://res.cloudinary.com/dpol0pyoo/image/fetch/c_crop,g_face/w_150,h_195,g_north/https://res.cloudinary.com/dpol0pyoo/image/upload/v1787991794/idf_memorials/pid_2780.webp
https://res.cloudinary.com/dpol0pyoo/image/fetch/c_crop,g_face/w_150,h_195,g_north/https://res.cloudinary.com/dpol0pyoo/image/upload/v1787991795/idf_memorials/pid_2781.webp
https://res.cloudinary.com/dpol0pyoo/image/fetch/c_crop,g_face/w_150,h_195,g_north/https://res.cloudinary.com/dpol0pyoo/image/upload/v1787991797/idf_memorials/pid_2782.webp
https://res.cloudinary.com/dpol0pyoo/image/fetch/c_crop,g_face/w_150,h_195,g_north/https://res.cloudinary.com/dpol0pyoo/image/upload/v1787991799/idf_memorials/pid_2783.webp
https://res.cloudinary.com/dpol0pyoo/image/fetch/c_crop,g_face/w_150,h_195,g_north/https://res.cloudinary.com/dpol0pyoo/image/upload/v1787991801/idf_memorials/pid_2784.webp
https://res.cloudinary.com/dpol0pyoo/image/fetch/c_crop,g_face/w_150,h_195,g_north/https://res.cloudinary.com/dpol0pyoo/image/upload/v1787991803/idf_memorials/pid_2785.webp
https://res.cloudinary.com/dpol0pyoo/image/fetch/c_crop,g_face/w_150,h_195,g_north/https://laad.btl.gov.il/view_files/Nofel_Pic/045635/NP_045635_10.jpg
https://res.cloudinary.com/dpol0pyoo/image/fetch/c_crop,g_face/w_150,h_195,g_north/https://res.cloudinary.com/dpol0pyoo/image/upload/v1787991804/idf_memorials/pid_2788.webp
https://res.cloudinary.com/dpol0pyoo/image/fetch/c_crop,g_face/w_150,h_195,g_north/https://res.cloudinary.com/dpol0pyoo/image/upload/v1787991806/idf_memorials/pid_2789.webp
https://res.cloudinary.com/dpol0pyoo/image/fetch/c_crop,g_face/w_150,h_195,g_north/https://res.cloudinary.com/dpol0pyoo/image/upload/v1787991808/idf_memorials/pid_2790.webp
https://res.cloudinary.com/dpol0pyoo/image/fetch/c_crop,g_face/w_150,h_195,g_north/https://res.cloudinary.com/dpol0pyoo/image/upload/v1787991809/idf_memorials/pid_2791.webp
https://res.cloudinary.com/dpol0pyoo/image/fetch/c_crop,g_face/w_150,h_195,g_north/https://res.cloudinary.com/dpol0pyoo/image/upload/v1787991811/idf_memorials/pid_2792.webp
https://res.cloudinary.com/dpol0pyoo/image/fetch/c_crop,g_face/w_150,h_195,g_north/https://res.cloudinary.com/dpol0pyoo/image/upload/v1787991813/idf_memorials/pid_2793.webp
https://res.cloudinary.com/dpol0pyoo/image/fetch/c_crop,g_face/w_150,h_195,g_north/https://res.cloudinary.com/dpol0pyoo/image/upload/v1787991814/idf_memorials/pid_2794.webp
https://res.cloudinary.com/dpol0pyoo/image/fetch/c_crop,g_face/w_150,h_195,g_north/https://res.cloudinary.com/dpol0pyoo/image/upload/v1787991815/idf_memorials/pid_2795.webp
https://res.cloudinary.com/dpol0pyoo/image/fetch/c_crop,g_face/w_150,h_195,g_north/https://res.cloudinary.com/dpol0pyoo/image/upload/v1787991817/idf_memorials/pid_2796.webp
https://res.cloudinary.com/dpol0pyoo/image/fetch/c_crop,g_face/w_150,h_195,g_north/https://res.cloudinary.com/dpol0pyoo/image/upload/v1787991819/idf_memorials/pid_2797.webp
https://res.cloudinary.com/dpol0pyoo/image/fetch/c_crop,g_face/w_150,h_195,g_north/https://res.cloudinary.com/dpol0pyoo/image/upload/v1787991820/idf_memorials/pid_2798.webp
https://res.cloudinary.com/dpol0pyoo/image/fetch/c_crop,g_face/w_150,h_195,g_north/https://res.cloudinary.com/dpol0pyoo/image/upload/v1787991822/idf_memorials/pid_2799.webp
https://res.cloudinary.com/dpol0pyoo/image/fetch/c_crop,g_face/w_150,h_195,g_north/https://laad.btl.gov.il/view_files/Nofel_Pic/045636/NP_045636_10.jpg
https://res.cloudinary.com/dpol0pyoo/image/fetch/c_crop,g_face/w_150,h_195,g_north/https://laad.btl.gov.il/view_files/Nofel_Pic/045637/NP_045637_10.jpg
https://res.cloudinary.com/dpol0pyoo/image/fetch/c_crop,g_face/w_150,h_195,g_north/https://res.cloudinary.com/dpol0pyoo/image/upload/v1787991825/idf_memorials/pid_2803.webp
https://res.cloudinary.com/dpol0pyoo/image/fetch/c_crop,g_face/w_150,h_195,g_north/https://res.cloudinary.com/dpol0pyoo/image/upload/v1787991827/idf_memorials/pid_2804.webp
https://res.cloudinary.com/dpol0pyoo/image/fetch/c_crop,g_face/w_150,h_195,g_north/https://res.cloudinary.com/dpol0pyoo/image/upload/v1787991830/idf_memorials/pid_2805.webp
https://res.cloudinary.com/dpol0pyoo/image/fetch/c_crop,g_face/w_150,h_195,g_north/https://res.cloudinary.com/dpol0pyoo/image/upload/v1787991831/idf_memorials/pid_2806.webp
https://res.cloudinary.com/dpol0pyoo/image/fetch/c_crop,g_face/w_150,h_195,g_north/https://res.cloudinary.com/dpol0pyoo/image/upload/v1787991833/idf_memorials/pid_2807.webp
https://res.cloudinary.com/dpol0pyoo/image/fetch/c_crop,g_face/w_150,h_195,g_north/https://res.cloudinary.com/dpol0pyoo/image/upload/v1787991835/idf_memorials/pid_2808.webp
https://res.cloudinary.com/dpol0pyoo/image/fetch/c_crop,g_face/w_150,h_195,g_north/https://res.cloudinary.com/dpol0pyoo/image/upload/v1787991837/idf_memorials/pid_2809.webp
https://res.cloudinary.com/dpol0pyoo/image/fetch/c_crop,g_face/w_150,h_195,g_north/https://res.cloudinary.com/dpol0pyoo/image/upload/v1787991839/idf_memorials/pid_2810.webp
https://res.cloudinary.com/dpol0pyoo/image/fetch/c_crop,g_face/w_150,h_195,g_north/https://laad.btl.gov.il/Rsrc/Images/nopicTerror.jpg
https://res.cloudinary.com/dpol0pyoo/image/fetch/c_crop,g_face/w_150,h_195,g_north/https://res.cloudinary.com/dpol0pyoo/image/upload/v1787991841/idf_memorials/pid_2812.webp
https://res.cloudinary.com/dpol0pyoo/image/fetch/c_crop,g_face/w_150,h_195,g_north/https://res.cloudinary.com/dpol0pyoo/image/upload/v1787991843/idf_memorials/pid_2813.webp
https://res.cloudinary.com/dpol0pyoo/image/fetch/c_crop,g_face/w_150,h_195,g_north/https://laad.btl.gov.il/view_files/Nofel_Pic/045647/NP_045647_10.jpg
https://res.cloudinary.com/dpol0pyoo/image/fetch/c_crop,g_face/w_150,h_195,g_north/https://laad.btl.gov.il/view_files/Nofel_Pic/045643/NP_045643_10.jpg
https://res.cloudinary.com/dpol0pyoo/image/fetch/c_crop,g_face/w_150,h_195,g_north/https://laad.btl.gov.il/view_files/Nofel_Pic/045646/NP_045646_10.jpg
https://res.cloudinary.com/dpol0pyoo/image/fetch/c_crop,g_face/w_150,h_195,g_north/https://laad.btl.gov.il/view_files/Nofel_Pic/045648/NP_045648_10.jpg
https://res.cloudinary.com/dpol0pyoo/image/fetch/c_crop,g_face/w_150,h_195,g_north/https://laad.btl.gov.il/view_files/Nofel_Pic/045644/NP_045644_10.jpg
https://res.cloudinary.com/dpol0pyoo/image/fetch/c_crop,g_face/w_150,h_195,g_north/https://laad.btl.gov.il/view_files/Nofel_Pic/045645/NP_045645_10.jpg
https://res.cloudinary.com/dpol0pyoo/image/fetch/c_crop,g_face/w_150,h_195,g_north/https://res.cloudinary.com/dpol0pyoo/image/upload/v1787991846/idf_memorials/pid_2820.webp
https://res.cloudinary.com/dpol0pyoo/image/fetch/c_crop,g_face/w_150,h_195,g_north/https://res.cloudinary.com/dpol0pyoo/image/upload/v1787991848/idf_memorials/pid_2821.webp
https://res.cloudinary.com/dpol0pyoo/image/fetch/c_crop,g_face/w_150,h_195,g_north/https://res.cloudinary.com/dpol0pyoo/image/upload/v1787991851/idf_memorials/pid_2822.webp
https://res.cloudinary.com/dpol0pyoo/image/fetch/c_crop,g_face/w_150,h_195,g_north/https://res.cloudinary.com/dpol0pyoo/image/upload/v1787991853/idf_memorials/pid_2823.webp
https://res.cloudinary.com/dpol0pyoo/image/fetch/c_crop,g_face/w_150,h_195,g_north/https://res.cloudinary.com/dpol0pyoo/image/upload/v1787991855/idf_memorials/pid_2824.webp
https://res.cloudinary.com/dpol0pyoo/image/fetch/c_crop,g_face/w_150,h_195,g_north/https://res.cloudinary.com/dpol0pyoo/image/upload/v1787991856/idf_memorials/pid_2825.webp
https://res.cloudinary.com/dpol0pyoo/image/fetch/c_crop,g_face/w_150,h_195,g_north/https://res.cloudinary.com/dpol0pyoo/image/upload/v1787991857/idf_memorials/pid_2826.webp
https://res.cloudinary.com/dpol0pyoo/image/fetch/c_crop,g_face/w_150,h_195,g_north/https://res.cloudinary.com/dpol0pyoo/image/upload/v1787991859/idf_memorials/pid_2827.webp
https://res.cloudinary.com/dpol0pyoo/image/fetch/c_crop,g_face/w_150,h_195,g_north/https://res.cloudinary.com/dpol0pyoo/image/upload/v1787991860/idf_memorials/pid_2828.webp
https://res.cloudinary.com/dpol0pyoo/image/fetch/c_crop,g_face/w_150,h_195,g_north/https://res.cloudinary.com/dpol0pyoo/image/upload/v1787991862/idf_memorials/pid_2829.webp
https://res.cloudinary.com/dpol0pyoo/image/fetch/c_crop,g_face/w_150,h_195,g_north/https://res.cloudinary.com/dpol0pyoo/image/upload/v1787991864/idf_memorials/pid_2832.webp
https://res.cloudinary.com/dpol0pyoo/image/fetch/c_crop,g_face/w_150,h_195,g_north/https://res.cloudinary.com/dpol0pyoo/image/upload/v1787991866/idf_memorials/pid_2838.webp
https://res.cloudinary.com/dpol0pyoo/image/fetch/c_crop,g_face/w_150,h_195,g_north/https://res.cloudinary.com/dpol0pyoo/image/upload/v1787991867/idf_memorials/pid_2846.webp
https://res.cloudinary.com/dpol0pyoo/image/fetch/c_crop,g_face/w_150,h_195,g_north/https://laad.btl.gov.il/view_files/Nofel_Pic/045650/NP_045650_10.jpg
https://res.cloudinary.com/dpol0pyoo/image/fetch/c_crop,g_face/w_150,h_195,g_north/https://res.cloudinary.com/dpol0pyoo/image/upload/v1787991868/idf_memorials/pid_2858.webp
https://res.cloudinary.com/dpol0pyoo/image/fetch/c_crop,g_face/w_150,h_195,g_north/https://res.cloudinary.com/dpol0pyoo/image/upload/v1787991870/idf_memorials/pid_2859.webp
https://res.cloudinary.com/dpol0pyoo/image/fetch/c_crop,g_face/w_150,h_195,g_north/https://res.cloudinary.com/dpol0pyoo/image/upload/v1787991871/idf_memorials/pid_2864.webp
https://res.cloudinary.com/dpol0pyoo/image/fetch/c_crop,g_face/w_150,h_195,g_north/https://res.cloudinary.com/dpol0pyoo/image/upload/v1787991873/idf_memorials/pid_2872.webp
https://res.cloudinary.com/dpol0pyoo/image/fetch/c_crop,g_face/w_150,h_195,g_north/https://res.cloudinary.com/dpol0pyoo/image/upload/v1772753431/SBK_0003_316_spytft.png
https://res.cloudinary.com/dpol0pyoo/image/fetch/c_crop,g_face/w_150,h_195,g_north/https://res.cloudinary.com/dpol0pyoo/image/upload/v1772753430/SBK_0002_1298_sooyfj.png
https://res.cloudinary.com/dpol0pyoo/image/fetch/c_crop,g_face/w_150,h_195,g_north/https://res.cloudinary.com/dpol0pyoo/image/upload/v1772753430/SBK_0004_1612_zxpmgp.png
https://res.cloudinary.com/dpol0pyoo/image/fetch/c_crop,g_face/w_150,h_195,g_north/https://res.cloudinary.com/dpol0pyoo/image/upload/v1772753430/SBK_0001_1693_otbrmk.png
https://res.cloudinary.com/dpol0pyoo/image/fetch/c_crop,g_face/w_150,h_195,g_north/https://res.cloudinary.com/dpol0pyoo/image/upload/v1772753431/SBK_0000_2008_zkse9y.png
https://res.cloudinary.com/dpol0pyoo/image/fetch/c_crop,g_face/w_150,h_195,g_north/https://laad.btl.gov.il/Rsrc/Images/nopicTerror.jpg
https://res.cloudinary.com/dpol0pyoo/image/fetch/c_crop,g_face/w_150,h_195,g_north/https://laad.btl.gov.il/Rsrc/Images/nopicTerror.jpg
https://res.cloudinary.com/dpol0pyoo/image/fetch/c_crop,g_face/w_150,h_195,g_north/https://laad.btl.gov.il/Rsrc/Images/nopicTerror.jpg
https://res.cloudinary.com/dpol0pyoo/image/fetch/c_crop,g_face/w_150,h_195,g_north/https://laad.btl.gov.il/Rsrc/Images/nopicTerror.jpg
https://res.cloudinary.com/dpol0pyoo/image/fetch/c_crop,g_face/w_150,h_195,g_north/https://laad.btl.gov.il/Rsrc/Images/nopicTerror.jpg
https://res.cloudinary.com/dpol0pyoo/image/fetch/c_crop,g_face/w_150,h_195,g_north/https://laad.btl.gov.il/Rsrc/Images/nopicTerror.jpg
https://res.cloudinary.com/dpol0pyoo/image/fetch/c_crop,g_face/w_150,h_195,g_north/https://laad.btl.gov.il/Rsrc/Images/nopicTerror.jpg
https://res.cloudinary.com/dpol0pyoo/image/fetch/c_crop,g_face/w_150,h_195,g_north/https://laad.btl.gov.il/Rsrc/Images/nopicTerror.jpg
https://res.cloudinary.com/dpol0pyoo/image/fetch/c_crop,g_face/w_150,h_195,g_north/https://res.cloudinary.com/dpol0pyoo/image/upload/v1772754374/509_jwnlyl.png
https://res.cloudinary.com/dpol0pyoo/image/fetch/c_crop,g_face/w_150,h_195,g_north/https://res.cloudinary.com/dpol0pyoo/image/upload/v1772756474/1477_ssautx.png
https://res.cloudinary.com/dpol0pyoo/image/fetch/c_crop,g_face/w_150,h_195,g_north/https://res.cloudinary.com/dpol0pyoo/image/upload/v1772756474/737_gy5hps.png
https://res.cloudinary.com/dpol0pyoo/image/fetch/c_crop,g_face/w_150,h_195,g_north/https://res.cloudinary.com/dpol0pyoo/image/upload/v1772757018/idf_0005_398_k28kyj.png
https://res.cloudinary.com/dpol0pyoo/image/fetch/c_crop,g_face/w_150,h_195,g_north/https://res.cloudinary.com/dpol0pyoo/image/upload/v1772757019/idf_0004_468_dczchu.png
https://res.cloudinary.com/dpol0pyoo/image/fetch/c_crop,g_face/w_150,h_195,g_north/https://res.cloudinary.com/dpol0pyoo/image/upload/v1772757019/idf_0003_582_rlmx25.png
https://res.cloudinary.com/dpol0pyoo/image/fetch/c_crop,g_face/w_150,h_195,g_north/https://res.cloudinary.com/dpol0pyoo/image/upload/v1772757019/idf_0002_652_jf3rzo.png
https://res.cloudinary.com/dpol0pyoo/image/fetch/c_crop,g_face/w_150,h_195,g_north/https://res.cloudinary.com/dpol0pyoo/image/upload/v1772757020/idf_0001_659_wbjrql.png
https://res.cloudinary.com/dpol0pyoo/image/fetch/c_crop,g_face/w_150,h_195,g_north/https://res.cloudinary.com/dpol0pyoo/image/upload/v1772757020/idf_0000_1497_phsadk.png
https://res.cloudinary.com/dpol0pyoo/image/fetch/c_crop,g_face/w_150,h_195,g_north/https://res.cloudinary.com/dpol0pyoo/image/upload/v1772757188/1556_gl5ig6.png